年,月,行業別,營業額_千元,年月
2018,1,百貨公司業,24224703,201801
2018,1,超級市場業,15538120,201801
2018,1,便利商店業,27197516,201801
2018,1,零售式量販業,18148286,201801
2018,1,其他綜合商品零售業,12819156,201801
2018,1,食品、飲料及菸草製品零售業,24968168,201801
2018,1,文教育樂用品零售業,5870959,201801
2018,1,燃料及相關產品零售業,21816499,201801
2018,1,資通訊及家電設備零售業,22987766,201801
2018,1,汽機車及其零配件、用品零售業,70566420,201801
2018,1,電子購物及郵購業,19164890,201801
2018,1,餐飲業,62745728,201801
2018,2,百貨公司業,30819612,201802
2018,2,超級市場業,16387025,201802
2018,2,便利商店業,25489437,201802
2018,2,零售式量販業,20405491,201802
2018,2,其他綜合商品零售業,14393713,201802
2018,2,食品、飲料及菸草製品零售業,24936794,201802
2018,2,文教育樂用品零售業,6550568,201802
2018,2,燃料及相關產品零售業,20117193,201802
2018,2,資通訊及家電設備零售業,22924402,201802
2018,2,汽機車及其零配件、用品零售業,39695267,201802
2018,2,電子購物及郵購業,17630542,201802
2018,2,餐飲業,69118507,201802
2018,3,百貨公司業,22742033,201803
2018,3,超級市場業,14791437,201803
2018,3,便利商店業,26631271,201803
2018,3,零售式量販業,13920917,201803
2018,3,其他綜合商品零售業,13009793,201803
2018,3,食品、飲料及菸草製品零售業,22666513,201803
2018,3,文教育樂用品零售業,5912009,201803
2018,3,燃料及相關產品零售業,21769441,201803
2018,3,資通訊及家電設備零售業,19910409,201803
2018,3,汽機車及其零配件、用品零售業,56966101,201803
2018,3,電子購物及郵購業,17358651,201803
2018,3,餐飲業,59689149,201803
2018,4,百貨公司業,28786209,201804
2018,4,超級市場業,14883954,201804
2018,4,便利商店業,25853636,201804
2018,4,零售式量販業,14511659,201804
2018,4,其他綜合商品零售業,13791258,201804
2018,4,食品、飲料及菸草製品零售業,22013195,201804
2018,4,文教育樂用品零售業,6014796,201804
2018,4,燃料及相關產品零售業,21566513,201804
2018,4,資通訊及家電設備零售業,19661963,201804
2018,4,汽機車及其零配件、用品零售業,50901672,201804
2018,4,電子購物及郵購業,16522474,201804
2018,4,餐飲業,59862019,201804
2018,5,百貨公司業,27587829,201805
2018,5,超級市場業,15688447,201805
2018,5,便利商店業,27510763,201805
2018,5,零售式量販業,15123533,201805
2018,5,其他綜合商品零售業,14127011,201805
2018,5,食品、飲料及菸草製品零售業,23450199,201805
2018,5,文教育樂用品零售業,5866415,201805
2018,5,燃料及相關產品零售業,23648495,201805
2018,5,資通訊及家電設備零售業,21983758,201805
2018,5,汽機車及其零配件、用品零售業,53121953,201805
2018,5,電子購物及郵購業,17894172,201805
2018,5,餐飲業,63498829,201805
2018,6,百貨公司業,23449654,201806
2018,6,超級市場業,15323961,201806
2018,6,便利商店業,27341855,201806
2018,6,零售式量販業,15263352,201806
2018,6,其他綜合商品零售業,13464515,201806
2018,6,食品、飲料及菸草製品零售業,21913890,201806
2018,6,文教育樂用品零售業,5772360,201806
2018,6,燃料及相關產品零售業,23746040,201806
2018,6,資通訊及家電設備零售業,19546066,201806
2018,6,汽機車及其零配件、用品零售業,52814358,201806
2018,6,電子購物及郵購業,17205795,201806
2018,6,餐飲業,64144203,201806
2018,7,百貨公司業,24537695,201807
2018,7,超級市場業,16783503,201807
2018,7,便利商店業,28155687,201807
2018,7,零售式量販業,16566901,201807
2018,7,其他綜合商品零售業,12729182,201807
2018,7,食品、飲料及菸草製品零售業,21849852,201807
2018,7,文教育樂用品零售業,6051910,201807
2018,7,燃料及相關產品零售業,24786771,201807
2018,7,資通訊及家電設備零售業,20734710,201807
2018,7,汽機車及其零配件、用品零售業,57726306,201807
2018,7,電子購物及郵購業,16964511,201807
2018,7,餐飲業,65228910,201807
2018,8,百貨公司業,24184353,201808
2018,8,超級市場業,18796934,201808
2018,8,便利商店業,27819381,201808
2018,8,零售式量販業,19449513,201808
2018,8,其他綜合商品零售業,13573247,201808
2018,8,食品、飲料及菸草製品零售業,23901354,201808
2018,8,文教育樂用品零售業,6296670,201808
2018,8,燃料及相關產品零售業,23966482,201808
2018,8,資通訊及家電設備零售業,19524691,201808
2018,8,汽機車及其零配件、用品零售業,40492262,201808
2018,8,電子購物及郵購業,17483556,201808
2018,8,餐飲業,67089246,201808
2018,9,百貨公司業,25514492,201809
2018,9,超級市場業,16783417,201809
2018,9,便利商店業,26752016,201809
2018,9,零售式量販業,17268291,201809
2018,9,其他綜合商品零售業,13062403,201809
2018,9,食品、飲料及菸草製品零售業,26990748,201809
2018,9,文教育樂用品零售業,5756801,201809
2018,9,燃料及相關產品零售業,24348649,201809
2018,9,資通訊及家電設備零售業,19906469,201809
2018,9,汽機車及其零配件、用品零售業,44751712,201809
2018,9,電子購物及郵購業,16671567,201809
2018,9,餐飲業,62887827,201809
2018,0,百貨公司業,39677586,201800
2018,0,超級市場業,16227763,201800
2018,0,便利商店業,26460073,201800
2018,0,零售式量販業,14541342,201800
2018,0,其他綜合商品零售業,14399946,201800
2018,0,食品、飲料及菸草製品零售業,23824254,201800
2018,0,文教育樂用品零售業,6157063,201800
2018,0,燃料及相關產品零售業,23990267,201800
2018,0,資通訊及家電設備零售業,20155206,201800
2018,0,汽機車及其零配件、用品零售業,51401468,201800
2018,0,電子購物及郵購業,17992701,201800
2018,0,餐飲業,60967542,201800
2018,1,百貨公司業,36976534,201801
2018,1,超級市場業,15838576,201801
2018,1,便利商店業,25983485,201801
2018,1,零售式量販業,14904578,201801
2018,1,其他綜合商品零售業,13365160,201801
2018,1,食品、飲料及菸草製品零售業,22397766,201801
2018,1,文教育樂用品零售業,6500235,201801
2018,1,燃料及相關產品零售業,22479494,201801
2018,1,資通訊及家電設備零售業,20862614,201801
2018,1,汽機車及其零配件、用品零售業,53761054,201801
2018,1,電子購物及郵購業,23709989,201801
2018,1,餐飲業,59298991,201801
2018,2,百貨公司業,32625935,201802
2018,2,超級市場業,17161073,201802
2018,2,便利商店業,26410554,201802
2018,2,零售式量販業,16863382,201802
2018,2,其他綜合商品零售業,14795950,201802
2018,2,食品、飲料及菸草製品零售業,24533062,201802
2018,2,文教育樂用品零售業,7505486,201802
2018,2,燃料及相關產品零售業,22309445,201802
2018,2,資通訊及家電設備零售業,20122788,201802
2018,2,汽機車及其零配件、用品零售業,60707808,201802
2018,2,電子購物及郵購業,21528659,201802
2018,2,餐飲業,69641669,201802
2019,1,百貨公司業,27765234,201901
2019,1,超級市場業,16086420,201901
2019,1,便利商店業,28307520,201901
2019,1,零售式量販業,20890281,201901
2019,1,其他綜合商品零售業,14034844,201901
2019,1,食品、飲料及菸草製品零售業,27973444,201901
2019,1,文教育樂用品零售業,7277465,201901
2019,1,燃料及相關產品零售業,21600400,201901
2019,1,資通訊及家電設備零售業,23266079,201901
2019,1,汽機車及其零配件、用品零售業,66510812,201901
2019,1,電子購物及郵購業,23039172,201901
2019,1,餐飲業,68296842,201901
2019,2,百貨公司業,28401199,201902
2019,2,超級市場業,15312662,201902
2019,2,便利商店業,25710829,201902
2019,2,零售式量販業,16388909,201902
2019,2,其他綜合商品零售業,14405847,201902
2019,2,食品、飲料及菸草製品零售業,21059668,201902
2019,2,文教育樂用品零售業,6416481,201902
2019,2,燃料及相關產品零售業,19315045,201902
2019,2,資通訊及家電設備零售業,18316346,201902
2019,2,汽機車及其零配件、用品零售業,31368290,201902
2019,2,電子購物及郵購業,17932705,201902
2019,2,餐飲業,68054323,201902
2019,3,百貨公司業,24722761,201903
2019,3,超級市場業,15698595,201903
2019,3,便利商店業,26322232,201903
2019,3,零售式量販業,15675090,201903
2019,3,其他綜合商品零售業,13879321,201903
2019,3,食品、飲料及菸草製品零售業,22535632,201903
2019,3,文教育樂用品零售業,6257994,201903
2019,3,燃料及相關產品零售業,21976619,201903
2019,3,資通訊及家電設備零售業,19247677,201903
2019,3,汽機車及其零配件、用品零售業,51814140,201903
2019,3,電子購物及郵購業,19364845,201903
2019,3,餐飲業,63717611,201903
2019,4,百貨公司業,30124882,201904
2019,4,超級市場業,15782987,201904
2019,4,便利商店業,26398777,201904
2019,4,零售式量販業,14992878,201904
2019,4,其他綜合商品零售業,14818099,201904
2019,4,食品、飲料及菸草製品零售業,22184788,201904
2019,4,文教育樂用品零售業,6157866,201904
2019,4,燃料及相關產品零售業,22346398,201904
2019,4,資通訊及家電設備零售業,20169052,201904
2019,4,汽機車及其零配件、用品零售業,54803817,201904
2019,4,電子購物及郵購業,18972600,201904
2019,4,餐飲業,60303338,201904
2019,5,百貨公司業,29263010,201905
2019,5,超級市場業,16460538,201905
2019,5,便利商店業,27581786,201905
2019,5,零售式量販業,15893290,201905
2019,5,其他綜合商品零售業,15401532,201905
2019,5,食品、飲料及菸草製品零售業,23623306,201905
2019,5,文教育樂用品零售業,6284251,201905
2019,5,燃料及相關產品零售業,23453171,201905
2019,5,資通訊及家電設備零售業,20291009,201905
2019,5,汽機車及其零配件、用品零售業,57176987,201905
2019,5,電子購物及郵購業,20568248,201905
2019,5,餐飲業,65693788,201905
2019,6,百貨公司業,25701701,201906
2019,6,超級市場業,16223119,201906
2019,6,便利商店業,28016613,201906
2019,6,零售式量販業,16518215,201906
2019,6,其他綜合商品零售業,14265676,201906
2019,6,食品、飲料及菸草製品零售業,21711817,201906
2019,6,文教育樂用品零售業,6077841,201906
2019,6,燃料及相關產品零售業,23200791,201906
2019,6,資通訊及家電設備零售業,19460191,201906
2019,6,汽機車及其零配件、用品零售業,58308749,201906
2019,6,電子購物及郵購業,19925447,201906
2019,6,餐飲業,66496157,201906
2019,7,百貨公司業,25974139,201907
2019,7,超級市場業,17405420,201907
2019,7,便利商店業,29040900,201907
2019,7,零售式量販業,17506009,201907
2019,7,其他綜合商品零售業,14255932,201907
2019,7,食品、飲料及菸草製品零售業,22497177,201907
2019,7,文教育樂用品零售業,6536651,201907
2019,7,燃料及相關產品零售業,23109333,201907
2019,7,資通訊及家電設備零售業,21926887,201907
2019,7,汽機車及其零配件、用品零售業,69307703,201907
2019,7,電子購物及郵購業,20157698,201907
2019,7,餐飲業,67303879,201907
2019,8,百貨公司業,26394920,201908
2019,8,超級市場業,19904855,201908
2019,8,便利商店業,28658054,201908
2019,8,零售式量販業,20600130,201908
2019,8,其他綜合商品零售業,14459136,201908
2019,8,食品、飲料及菸草製品零售業,25321000,201908
2019,8,文教育樂用品零售業,6553328,201908
2019,8,燃料及相關產品零售業,22649735,201908
2019,8,資通訊及家電設備零售業,20247287,201908
2019,8,汽機車及其零配件、用品零售業,42325614,201908
2019,8,電子購物及郵購業,21049254,201908
2019,8,餐飲業,70008935,201908
2019,9,百貨公司業,26145196,201909
2019,9,超級市場業,17173527,201909
2019,9,便利商店業,27501357,201909
2019,9,零售式量販業,17575829,201909
2019,9,其他綜合商品零售業,12819816,201909
2019,9,食品、飲料及菸草製品零售業,25263547,201909
2019,9,文教育樂用品零售業,5974653,201909
2019,9,燃料及相關產品零售業,21723134,201909
2019,9,資通訊及家電設備零售業,20074031,201909
2019,9,汽機車及其零配件、用品零售業,55546716,201909
2019,9,電子購物及郵購業,19954665,201909
2019,9,餐飲業,62615899,201909
2019,0,百貨公司業,40735723,201900
2019,0,超級市場業,17462625,201900
2019,0,便利商店業,28141572,201900
2019,0,零售式量販業,15629490,201900
2019,0,其他綜合商品零售業,13971282,201900
2019,0,食品、飲料及菸草製品零售業,24102362,201900
2019,0,文教育樂用品零售業,6500604,201900
2019,0,燃料及相關產品零售業,22015184,201900
2019,0,資通訊及家電設備零售業,20535036,201900
2019,0,汽機車及其零配件、用品零售業,60953362,201900
2019,0,電子購物及郵購業,20781030,201900
2019,0,餐飲業,62765102,201900
2019,1,百貨公司業,39667129,201901
2019,1,超級市場業,16462176,201901
2019,1,便利商店業,26864042,201901
2019,1,零售式量販業,16354276,201901
2019,1,其他綜合商品零售業,13165899,201901
2019,1,食品、飲料及菸草製品零售業,22979442,201901
2019,1,文教育樂用品零售業,6551185,201901
2019,1,燃料及相關產品零售業,21325228,201901
2019,1,資通訊及家電設備零售業,20936808,201901
2019,1,汽機車及其零配件、用品零售業,61151187,201901
2019,1,電子購物及郵購業,29152558,201901
2019,1,餐飲業,61974827,201901
2019,2,百貨公司業,31887817,201902
2019,2,超級市場業,17036628,201902
2019,2,便利商店業,27528509,201902
2019,2,零售式量販業,18060078,201902
2019,2,其他綜合商品零售業,13760158,201902
2019,2,食品、飲料及菸草製品零售業,24715293,201902
2019,2,文教育樂用品零售業,7580201,201902
2019,2,燃料及相關產品零售業,22987682,201902
2019,2,資通訊及家電設備零售業,18910313,201902
2019,2,汽機車及其零配件、用品零售業,68814193,201902
2019,2,電子購物及郵購業,25595438,201902
2019,2,餐飲業,70188995,201902
2020,1,百貨公司業,33297062,202001
2020,1,超級市場業,18568282,202001
2020,1,便利商店業,30181690,202001
2020,1,零售式量販業,24414066,202001
2020,1,其他綜合商品零售業,13863991,202001
2020,1,食品、飲料及菸草製品零售業,25355521,202001
2020,1,文教育樂用品零售業,7463726,202001
2020,1,燃料及相關產品零售業,22416761,202001
2020,1,資通訊及家電設備零售業,22272440,202001
2020,1,汽機車及其零配件、用品零售業,59634696,202001
2020,1,電子購物及郵購業,24647217,202001
2020,1,餐飲業,79687845,202001
2020,2,百貨公司業,21169573,202002
2020,2,超級市場業,17177413,202002
2020,2,便利商店業,25004897,202002
2020,2,零售式量販業,16634597,202002
2020,2,其他綜合商品零售業,9853865,202002
2020,2,食品、飲料及菸草製品零售業,19383561,202002
2020,2,文教育樂用品零售業,5953602,202002
2020,2,燃料及相關產品零售業,18815441,202002
2020,2,資通訊及家電設備零售業,18959048,202002
2020,2,汽機車及其零配件、用品零售業,44593813,202002
2020,2,電子購物及郵購業,24742484,202002
2020,2,餐飲業,55891678,202002
2020,3,百貨公司業,19450138,202003
2020,3,超級市場業,20185349,202003
2020,3,便利商店業,26909220,202003
2020,3,零售式量販業,18792338,202003
2020,3,其他綜合商品零售業,9135934,202003
2020,3,食品、飲料及菸草製品零售業,19789743,202003
2020,3,文教育樂用品零售業,5663799,202003
2020,3,燃料及相關產品零售業,17295774,202003
2020,3,資通訊及家電設備零售業,18936411,202003
2020,3,汽機車及其零配件、用品零售業,55977704,202003
2020,3,電子購物及郵購業,25738666,202003
2020,3,餐飲業,50489651,202003
2020,4,百貨公司業,23506679,202004
2020,4,超級市場業,17932756,202004
2020,4,便利商店業,26417326,202004
2020,4,零售式量販業,15806028,202004
2020,4,其他綜合商品零售業,8573235,202004
2020,4,食品、飲料及菸草製品零售業,19301847,202004
2020,4,文教育樂用品零售業,6271128,202004
2020,4,燃料及相關產品零售業,13465694,202004
2020,4,資通訊及家電設備零售業,19073870,202004
2020,4,汽機車及其零配件、用品零售業,53018232,202004
2020,4,電子購物及郵購業,24118468,202004
2020,4,餐飲業,46515258,202004
2020,5,百貨公司業,27447425,202005
2020,5,超級市場業,17663126,202005
2020,5,便利商店業,28800988,202005
2020,5,零售式量販業,18037839,202005
2020,5,其他綜合商品零售業,9416004,202005
2020,5,食品、飲料及菸草製品零售業,20291588,202005
2020,5,文教育樂用品零售業,6902045,202005
2020,5,燃料及相關產品零售業,15155338,202005
2020,5,資通訊及家電設備零售業,20715747,202005
2020,5,汽機車及其零配件、用品零售業,54278605,202005
2020,5,電子購物及郵購業,25823850,202005
2020,5,餐飲業,59913418,202005
2020,6,百貨公司業,25253193,202006
2020,6,超級市場業,17155111,202006
2020,6,便利商店業,29596427,202006
2020,6,零售式量販業,16927791,202006
2020,6,其他綜合商品零售業,9095940,202006
2020,6,食品、飲料及菸草製品零售業,21042230,202006
2020,6,文教育樂用品零售業,6777316,202006
2020,6,燃料及相關產品零售業,17459575,202006
2020,6,資通訊及家電設備零售業,19983382,202006
2020,6,汽機車及其零配件、用品零售業,62180632,202006
2020,6,電子購物及郵購業,25173090,202006
2020,6,餐飲業,61546374,202006
2020,7,百貨公司業,28687618,202007
2020,7,超級市場業,18345434,202007
2020,7,便利商店業,34279833,202007
2020,7,零售式量販業,18800907,202007
2020,7,其他綜合商品零售業,10591568,202007
2020,7,食品、飲料及菸草製品零售業,21234441,202007
2020,7,文教育樂用品零售業,7915800,202007
2020,7,燃料及相關產品零售業,19582380,202007
2020,7,資通訊及家電設備零售業,23349328,202007
2020,7,汽機車及其零配件、用品零售業,69010860,202007
2020,7,電子購物及郵購業,25137838,202007
2020,7,餐飲業,66966678,202007
2020,8,百貨公司業,28899869,202008
2020,8,超級市場業,20518317,202008
2020,8,便利商店業,32251096,202008
2020,8,零售式量販業,22045874,202008
2020,8,其他綜合商品零售業,11343008,202008
2020,8,食品、飲料及菸草製品零售業,23493091,202008
2020,8,文教育樂用品零售業,8289374,202008
2020,8,燃料及相關產品零售業,19312936,202008
2020,8,資通訊及家電設備零售業,22259531,202008
2020,8,汽機車及其零配件、用品零售業,57056545,202008
2020,8,電子購物及郵購業,26171283,202008
2020,8,餐飲業,70726646,202008
2020,9,百貨公司業,28708746,202009
2020,9,超級市場業,18254490,202009
2020,9,便利商店業,28909368,202009
2020,9,零售式量販業,17568974,202009
2020,9,其他綜合商品零售業,9736728,202009
2020,9,食品、飲料及菸草製品零售業,27094446,202009
2020,9,文教育樂用品零售業,6788623,202009
2020,9,燃料及相關產品零售業,18619350,202009
2020,9,資通訊及家電設備零售業,19462330,202009
2020,9,汽機車及其零配件、用品零售業,58271052,202009
2020,9,電子購物及郵購業,23699015,202009
2020,9,餐飲業,62274227,202009
2020,0,百貨公司業,46915401,202000
2020,0,超級市場業,18702288,202000
2020,0,便利商店業,29264242,202000
2020,0,零售式量販業,17285812,202000
2020,0,其他綜合商品零售業,9908944,202000
2020,0,食品、飲料及菸草製品零售業,23763879,202000
2020,0,文教育樂用品零售業,6950810,202000
2020,0,燃料及相關產品零售業,18098069,202000
2020,0,資通訊及家電設備零售業,19533554,202000
2020,0,汽機車及其零配件、用品零售業,61429522,202000
2020,0,電子購物及郵購業,24408108,202000
2020,0,餐飲業,64199770,202000
2020,1,百貨公司業,39560254,202001
2020,1,超級市場業,17219552,202001
2020,1,便利商店業,29039224,202001
2020,1,零售式量販業,17552133,202001
2020,1,其他綜合商品零售業,8611342,202001
2020,1,食品、飲料及菸草製品零售業,21655859,202001
2020,1,文教育樂用品零售業,7441112,202001
2020,1,燃料及相關產品零售業,17693788,202001
2020,1,資通訊及家電設備零售業,21486065,202001
2020,1,汽機車及其零配件、用品零售業,68842556,202001
2020,1,電子購物及郵購業,36775041,202001
2020,1,餐飲業,62363155,202001
2020,2,百貨公司業,33287034,202002
2020,2,超級市場業,18297599,202002
2020,2,便利商店業,29078085,202002
2020,2,零售式量販業,19018805,202002
2020,2,其他綜合商品零售業,9439479,202002
2020,2,食品、飲料及菸草製品零售業,23344399,202002
2020,2,文教育樂用品零售業,7847383,202002
2020,2,燃料及相關產品零售業,19375624,202002
2020,2,資通訊及家電設備零售業,21763234,202002
2020,2,汽機車及其零配件、用品零售業,64906304,202002
2020,2,電子購物及郵購業,31517569,202002
2020,2,餐飲業,69406494,202002
2021,1,百貨公司業,31342189,202101
2021,1,超級市場業,18372017,202101
2021,1,便利商店業,29874334,202101
2021,1,零售式量販業,23015806,202101
2021,1,其他綜合商品零售業,9674522,202101
2021,1,食品、飲料及菸草製品零售業,24825822,202101
2021,1,文教育樂用品零售業,7474698,202101
2021,1,燃料及相關產品零售業,20379085,202101
2021,1,資通訊及家電設備零售業,23746813,202101
2021,1,汽機車及其零配件、用品零售業,77233476,202101
2021,1,電子購物及郵購業,33816137,202101
2021,1,餐飲業,67262489,202101
2021,2,百貨公司業,31865603,202102
2021,2,超級市場業,17069442,202102
2021,2,便利商店業,28070800,202102
2021,2,零售式量販業,19258278,202102
2021,2,其他綜合商品零售業,8781507,202102
2021,2,食品、飲料及菸草製品零售業,22664446,202102
2021,2,文教育樂用品零售業,7652777,202102
2021,2,燃料及相關產品零售業,18460283,202102
2021,2,資通訊及家電設備零售業,20303525,202102
2021,2,汽機車及其零配件、用品零售業,44987207,202102
2021,2,電子購物及郵購業,27619771,202102
2021,2,餐飲業,68355101,202102
2021,3,百貨公司業,26429860,202103
2021,3,超級市場業,16360574,202103
2021,3,便利商店業,28641880,202103
2021,3,零售式量販業,17173927,202103
2021,3,其他綜合商品零售業,10525099,202103
2021,3,食品、飲料及菸草製品零售業,20317331,202103
2021,3,文教育樂用品零售業,7144210,202103
2021,3,燃料及相關產品零售業,21258816,202103
2021,3,資通訊及家電設備零售業,19904655,202103
2021,3,汽機車及其零配件、用品零售業,68940673,202103
2021,3,電子購物及郵購業,30436788,202103
2021,3,餐飲業,62633958,202103
2021,4,百貨公司業,35183430,202104
2021,4,超級市場業,16313128,202104
2021,4,便利商店業,28230533,202104
2021,4,零售式量販業,16650191,202104
2021,4,其他綜合商品零售業,11013338,202104
2021,4,食品、飲料及菸草製品零售業,20099935,202104
2021,4,文教育樂用品零售業,7319887,202104
2021,4,燃料及相關產品零售業,20899299,202104
2021,4,資通訊及家電設備零售業,21797041,202104
2021,4,汽機車及其零配件、用品零售業,59985636,202104
2021,4,電子購物及郵購業,28869857,202104
2021,4,餐飲業,63227411,202104
2021,5,百貨公司業,19711209,202105
2021,5,超級市場業,23845867,202105
2021,5,便利商店業,29631052,202105
2021,5,零售式量販業,18573275,202105
2021,5,其他綜合商品零售業,9180349,202105
2021,5,食品、飲料及菸草製品零售業,20129491,202105
2021,5,文教育樂用品零售業,5505372,202105
2021,5,燃料及相關產品零售業,19319556,202105
2021,5,資通訊及家電設備零售業,25008821,202105
2021,5,汽機車及其零配件、用品零售業,58242980,202105
2021,5,電子購物及郵購業,34821065,202105
2021,5,餐飲業,48217427,202105
2021,6,百貨公司業,8916613,202106
2021,6,超級市場業,22606695,202106
2021,6,便利商店業,27023519,202106
2021,6,零售式量販業,18090389,202106
2021,6,其他綜合商品零售業,5983535,202106
2021,6,食品、飲料及菸草製品零售業,19600309,202106
2021,6,文教育樂用品零售業,4168471,202106
2021,6,燃料及相關產品零售業,16914056,202106
2021,6,資通訊及家電設備零售業,23285645,202106
2021,6,汽機車及其零配件、用品零售業,48383758,202106
2021,6,電子購物及郵購業,36017906,202106
2021,6,餐飲業,36917524,202106
2021,7,百貨公司業,15358197,202107
2021,7,超級市場業,21776495,202107
2021,7,便利商店業,28715924,202107
2021,7,零售式量販業,20396160,202107
2021,7,其他綜合商品零售業,7128785,202107
2021,7,食品、飲料及菸草製品零售業,20315238,202107
2021,7,文教育樂用品零售業,4915610,202107
2021,7,燃料及相關產品零售業,20299614,202107
2021,7,資通訊及家電設備零售業,24231665,202107
2021,7,汽機車及其零配件、用品零售業,62278033,202107
2021,7,電子購物及郵購業,33180190,202107
2021,7,餐飲業,40866510,202107
2021,8,百貨公司業,23485119,202108
2021,8,超級市場業,22454663,202108
2021,8,便利商店業,27596003,202108
2021,8,零售式量販業,22801342,202108
2021,8,其他綜合商品零售業,8648642,202108
2021,8,食品、飲料及菸草製品零售業,22573639,202108
2021,8,文教育樂用品零售業,5834152,202108
2021,8,燃料及相關產品零售業,21816202,202108
2021,8,資通訊及家電設備零售業,22036900,202108
2021,8,汽機車及其零配件、用品零售業,54935443,202108
2021,8,電子購物及郵購業,32938254,202108
2021,8,餐飲業,52498181,202108
2021,9,百貨公司業,25202995,202109
2021,9,超級市場業,19041519,202109
2021,9,便利商店業,28265162,202109
2021,9,零售式量販業,19842948,202109
2021,9,其他綜合商品零售業,8773473,202109
2021,9,食品、飲料及菸草製品零售業,24621212,202109
2021,9,文教育樂用品零售業,5764759,202109
2021,9,燃料及相關產品零售業,22024490,202109
2021,9,資通訊及家電設備零售業,22398430,202109
2021,9,汽機車及其零配件、用品零售業,62769806,202109
2021,9,電子購物及郵購業,29794338,202109
2021,9,餐飲業,55597291,202109
2021,0,百貨公司業,47290351,202100
2021,0,超級市場業,19898605,202100
2021,0,便利商店業,30639436,202100
2021,0,零售式量販業,20664524,202100
2021,0,其他綜合商品零售業,9414572,202100
2021,0,食品、飲料及菸草製品零售業,23730067,202100
2021,0,文教育樂用品零售業,7222487,202100
2021,0,燃料及相關產品零售業,23931038,202100
2021,0,資通訊及家電設備零售業,27568966,202100
2021,0,汽機車及其零配件、用品零售業,57017913,202100
2021,0,電子購物及郵購業,32267274,202100
2021,0,餐飲業,64810794,202100
2021,1,百貨公司業,42830755,202101
2021,1,超級市場業,18139051,202101
2021,1,便利商店業,29550425,202101
2021,1,零售式量販業,19776449,202101
2021,1,其他綜合商品零售業,8973294,202101
2021,1,食品、飲料及菸草製品零售業,23292351,202101
2021,1,文教育樂用品零售業,6849674,202101
2021,1,燃料及相關產品零售業,23181890,202101
2021,1,資通訊及家電設備零售業,25943967,202101
2021,1,汽機車及其零配件、用品零售業,61739477,202101
2021,1,電子購物及郵購業,46811429,202101
2021,1,餐飲業,64513108,202101
2021,2,百貨公司業,37526834,202102
2021,2,超級市場業,19040166,202102
2021,2,便利商店業,29018517,202102
2021,2,零售式量販業,19914884,202102
2021,2,其他綜合商品零售業,9635357,202102
2021,2,食品、飲料及菸草製品零售業,24919508,202102
2021,2,文教育樂用品零售業,7032243,202102
2021,2,燃料及相關產品零售業,23642761,202102
2021,2,資通訊及家電設備零售業,22969217,202102
2021,2,汽機車及其零配件、用品零售業,60300878,202102
2021,2,電子購物及郵購業,36047379,202102
2021,2,餐飲業,73939181,202102
2022,1,百貨公司業,33485182,202201
2022,1,超級市場業,21600066,202201
2022,1,便利商店業,32361982,202201
2022,1,零售式量販業,26100924,202201
2022,1,其他綜合商品零售業,9377264,202201
2022,1,食品、飲料及菸草製品零售業,30121288,202201
2022,1,文教育樂用品零售業,7272685,202201
2022,1,燃料及相關產品零售業,23426938,202201
2022,1,資通訊及家電設備零售業,26823895,202201
2022,1,汽機車及其零配件、用品零售業,71386056,202201
2022,1,電子購物及郵購業,37770709,202201
2022,1,餐飲業,72875456,202201
2022,2,百貨公司業,31610133,202202
2022,2,超級市場業,17810548,202202
2022,2,便利商店業,26706566,202202
2022,2,零售式量販業,17282006,202202
2022,2,其他綜合商品零售業,8298878,202202
2022,2,食品、飲料及菸草製品零售業,20954220,202202
2022,2,文教育樂用品零售業,7061834,202202
2022,2,燃料及相關產品零售業,20674747,202202
2022,2,資通訊及家電設備零售業,21525652,202202
2022,2,汽機車及其零配件、用品零售業,48479555,202202
2022,2,電子購物及郵購業,31928755,202202
2022,2,餐飲業,68733144,202202
2022,3,百貨公司業,29623471,202203
2022,3,超級市場業,18036771,202203
2022,3,便利商店業,29790314,202203
2022,3,零售式量販業,18190841,202203
2022,3,其他綜合商品零售業,9041498,202203
2022,3,食品、飲料及菸草製品零售業,22434499,202203
2022,3,文教育樂用品零售業,6819777,202203
2022,3,燃料及相關產品零售業,24789822,202203
2022,3,資通訊及家電設備零售業,24550874,202203
2022,3,汽機車及其零配件、用品零售業,64550129,202203
2022,3,電子購物及郵購業,35025307,202203
2022,3,餐飲業,67123423,202203
2022,4,百貨公司業,30671287,202204
2022,4,超級市場業,20093608,202204
2022,4,便利商店業,30016712,202204
2022,4,零售式量販業,18886617,202204
2022,4,其他綜合商品零售業,9479917,202204
2022,4,食品、飲料及菸草製品零售業,22661681,202204
2022,4,文教育樂用品零售業,6688988,202204
2022,4,燃料及相關產品零售業,23076735,202204
2022,4,資通訊及家電設備零售業,24723455,202204
2022,4,汽機車及其零配件、用品零售業,64157514,202204
2022,4,電子購物及郵購業,33986972,202204
2022,4,餐飲業,59796647,202204
2022,5,百貨公司業,22865553,202205
2022,5,超級市場業,21644158,202205
2022,5,便利商店業,30163986,202205
2022,5,零售式量販業,19181859,202205
2022,5,其他綜合商品零售業,8830462,202205
2022,5,食品、飲料及菸草製品零售業,21481546,202205
2022,5,文教育樂用品零售業,5777442,202205
2022,5,燃料及相關產品零售業,21425387,202205
2022,5,資通訊及家電設備零售業,25222415,202205
2022,5,汽機車及其零配件、用品零售業,56716312,202205
2022,5,電子購物及郵購業,36561212,202205
2022,5,餐飲業,55473842,202205
2022,6,百貨公司業,24487920,202206
2022,6,超級市場業,20159588,202206
2022,6,便利商店業,30776906,202206
2022,6,零售式量販業,19342405,202206
2022,6,其他綜合商品零售業,9136342,202206
2022,6,食品、飲料及菸草製品零售業,20776972,202206
2022,6,文教育樂用品零售業,6447886,202206
2022,6,燃料及相關產品零售業,22312298,202206
2022,6,資通訊及家電設備零售業,23729009,202206
2022,6,汽機車及其零配件、用品零售業,56224917,202206
2022,6,電子購物及郵購業,37256253,202206
2022,6,餐飲業,59684695,202206
2022,7,百貨公司業,31577647,202207
2022,7,超級市場業,20930580,202207
2022,7,便利商店業,33420947,202207
2022,7,零售式量販業,21289539,202207
2022,7,其他綜合商品零售業,10037937,202207
2022,7,食品、飲料及菸草製品零售業,22667444,202207
2022,7,文教育樂用品零售業,7448014,202207
2022,7,燃料及相關產品零售業,24674333,202207
2022,7,資通訊及家電設備零售業,24660266,202207
2022,7,汽機車及其零配件、用品零售業,65647987,202207
2022,7,電子購物及郵購業,33969789,202207
2022,7,餐飲業,72659185,202207
2022,8,百貨公司業,30680281,202208
2022,8,超級市場業,22254728,202208
2022,8,便利商店業,33016691,202208
2022,8,零售式量販業,21467091,202208
2022,8,其他綜合商品零售業,10840518,202208
2022,8,食品、飲料及菸草製品零售業,25939580,202208
2022,8,文教育樂用品零售業,7258425,202208
2022,8,燃料及相關產品零售業,24350656,202208
2022,8,資通訊及家電設備零售業,23548586,202208
2022,8,汽機車及其零配件、用品零售業,62589851,202208
2022,8,電子購物及郵購業,34920139,202208
2022,8,餐飲業,75484410,202208
2022,9,百貨公司業,32266355,202209
2022,9,超級市場業,19589708,202209
2022,9,便利商店業,31320047,202209
2022,9,零售式量販業,20345186,202209
2022,9,其他綜合商品零售業,10278043,202209
2022,9,食品、飲料及菸草製品零售業,23069569,202209
2022,9,文教育樂用品零售業,6585750,202209
2022,9,燃料及相關產品零售業,22832690,202209
2022,9,資通訊及家電設備零售業,24351785,202209
2022,9,汽機車及其零配件、用品零售業,65146911,202209
2022,9,電子購物及郵購業,33853002,202209
2022,9,餐飲業,69450875,202209
2022,0,百貨公司業,47480415,202200
2022,0,超級市場業,20534959,202200
2022,0,便利商店業,31770915,202200
2022,0,零售式量販業,19863888,202200
2022,0,其他綜合商品零售業,10730768,202200
2022,0,食品、飲料及菸草製品零售業,24158460,202200
2022,0,文教育樂用品零售業,6761671,202200
2022,0,燃料及相關產品零售業,23194828,202200
2022,0,資通訊及家電設備零售業,26385978,202200
2022,0,汽機車及其零配件、用品零售業,64140622,202200
2022,0,電子購物及郵購業,35602800,202200
2022,0,餐飲業,73990828,202200
2022,1,百貨公司業,42584365,202201
2022,1,超級市場業,18867498,202201
2022,1,便利商店業,32083425,202201
2022,1,零售式量販業,19325514,202201
2022,1,其他綜合商品零售業,10417109,202201
2022,1,食品、飲料及菸草製品零售業,23960940,202201
2022,1,文教育樂用品零售業,7012351,202201
2022,1,燃料及相關產品零售業,22672414,202201
2022,1,資通訊及家電設備零售業,24055861,202201
2022,1,汽機車及其零配件、用品零售業,66246581,202201
2022,1,電子購物及郵購業,52608660,202201
2022,1,餐飲業,72556981,202201
2022,2,百貨公司業,41429121,202202
2022,2,超級市場業,20492234,202202
2022,2,便利商店業,31743791,202202
2022,2,零售式量販業,21872652,202202
2022,2,其他綜合商品零售業,11805635,202202
2022,2,食品、飲料及菸草製品零售業,27209176,202202
2022,2,文教育樂用品零售業,7672536,202202
2022,2,燃料及相關產品零售業,24073493,202202
2022,2,資通訊及家電設備零售業,24089953,202202
2022,2,汽機車及其零配件、用品零售業,71281428,202202
2022,2,電子購物及郵購業,43113315,202202
2022,2,餐飲業,84372689,202202
2023,1,百貨公司業,44087068,202301
2023,1,超級市場業,22149652,202301
2023,1,便利商店業,33630712,202301
2023,1,零售式量販業,26647637,202301
2023,1,其他綜合商品零售業,12425445,202301
2023,1,食品、飲料及菸草製品零售業,27998098,202301
2023,1,文教育樂用品零售業,7929522,202301
2023,1,燃料及相關產品零售業,23029858,202301
2023,1,資通訊及家電設備零售業,24286304,202301
2023,1,汽機車及其零配件、用品零售業,63150390,202301
2023,1,電子購物及郵購業,36315670,202301
2023,1,餐飲業,97517241,202301
2023,2,百貨公司業,30111794,202302
2023,2,超級市場業,17200949,202302
2023,2,便利商店業,28798001,202302
2023,2,零售式量販業,16829360,202302
2023,2,其他綜合商品零售業,10452544,202302
2023,2,食品、飲料及菸草製品零售業,21145975,202302
2023,2,文教育樂用品零售業,6668477,202302
2023,2,燃料及相關產品零售業,20892620,202302
2023,2,資通訊及家電設備零售業,20296556,202302
2023,2,汽機車及其零配件、用品零售業,62587140,202302
2023,2,電子購物及郵購業,33762003,202302
2023,2,餐飲業,75566018,202302
2023,3,百貨公司業,29894370,202303
2023,3,超級市場業,18631699,202303
2023,3,便利商店業,32500751,202303
2023,3,零售式量販業,18242236,202303
2023,3,其他綜合商品零售業,11855963,202303
2023,3,食品、飲料及菸草製品零售業,23529294,202303
2023,3,文教育樂用品零售業,6491308,202303
2023,3,燃料及相關產品零售業,23374953,202303
2023,3,資通訊及家電設備零售業,22105037,202303
2023,3,汽機車及其零配件、用品零售業,84310224,202303
2023,3,電子購物及郵購業,35918946,202303
2023,3,餐飲業,75287663,202303
2023,4,百貨公司業,38041004,202304
2023,4,超級市場業,19145436,202304
2023,4,便利商店業,32030146,202304
2023,4,零售式量販業,18848569,202304
2023,4,其他綜合商品零售業,12759976,202304
2023,4,食品、飲料及菸草製品零售業,21950625,202304
2023,4,文教育樂用品零售業,7061982,202304
2023,4,燃料及相關產品零售業,22278617,202304
2023,4,資通訊及家電設備零售業,22063990,202304
2023,4,汽機車及其零配件、用品零售業,72623980,202304
2023,4,電子購物及郵購業,33214530,202304
2023,4,餐飲業,79434053,202304
2023,5,百貨公司業,34803933,202305
2023,5,超級市場業,19568718,202305
2023,5,便利商店業,33822821,202305
2023,5,零售式量販業,18125802,202305
2023,5,其他綜合商品零售業,12790714,202305
2023,5,食品、飲料及菸草製品零售業,22997018,202305
2023,5,文教育樂用品零售業,6794356,202305
2023,5,燃料及相關產品零售業,23043932,202305
2023,5,資通訊及家電設備零售業,23103297,202305
2023,5,汽機車及其零配件、用品零售業,79890533,202305
2023,5,電子購物及郵購業,37140376,202305
2023,5,餐飲業,81534813,202305
2023,6,百貨公司業,31144615,202306
2023,6,超級市場業,19090696,202306
2023,6,便利商店業,33767126,202306
2023,6,零售式量販業,17930726,202306
2023,6,其他綜合商品零售業,12926292,202306
2023,6,食品、飲料及菸草製品零售業,22268383,202306
2023,6,文教育樂用品零售業,7227107,202306
2023,6,燃料及相關產品零售業,22978369,202306
2023,6,資通訊及家電設備零售業,22210001,202306
2023,6,汽機車及其零配件、用品零售業,82936983,202306
2023,6,電子購物及郵購業,37579653,202306
2023,6,餐飲業,81425847,202306
2023,7,百貨公司業,34181898,202307
2023,7,超級市場業,21449096,202307
2023,7,便利商店業,36062584,202307
2023,7,零售式量販業,19797620,202307
2023,7,其他綜合商品零售業,12787871,202307
2023,7,食品、飲料及菸草製品零售業,22046833,202307
2023,7,文教育樂用品零售業,7925326,202307
2023,7,燃料及相關產品零售業,23883267,202307
2023,7,資通訊及家電設備零售業,23042556,202307
2023,7,汽機車及其零配件、用品零售業,77049708,202307
2023,7,電子購物及郵購業,35226966,202307
2023,7,餐飲業,87535950,202307
2023,8,百貨公司業,31832389,202308
2023,8,超級市場業,24548315,202308
2023,8,便利商店業,35590334,202308
2023,8,零售式量販業,22176307,202308
2023,8,其他綜合商品零售業,12854607,202308
2023,8,食品、飲料及菸草製品零售業,24425809,202308
2023,8,文教育樂用品零售業,7070582,202308
2023,8,燃料及相關產品零售業,24662578,202308
2023,8,資通訊及家電設備零售業,22441287,202308
2023,8,汽機車及其零配件、用品零售業,66820166,202308
2023,8,電子購物及郵購業,36471385,202308
2023,8,餐飲業,87409138,202308
2023,9,百貨公司業,35027344,202309
2023,9,超級市場業,21052573,202309
2023,9,便利商店業,34120287,202309
2023,9,零售式量販業,20346304,202309
2023,9,其他綜合商品零售業,12374676,202309
2023,9,食品、飲料及菸草製品零售業,27162416,202309
2023,9,文教育樂用品零售業,6582672,202309
2023,9,燃料及相關產品零售業,24018707,202309
2023,9,資通訊及家電設備零售業,23255374,202309
2023,9,汽機車及其零配件、用品零售業,69600053,202309
2023,9,電子購物及郵購業,35083919,202309
2023,9,餐飲業,81212150,202309
2023,0,百貨公司業,48358262,202300
2023,0,超級市場業,21007183,202300
2023,0,便利商店業,34417959,202300
2023,0,零售式量販業,18665685,202300
2023,0,其他綜合商品零售業,13096990,202300
2023,0,食品、飲料及菸草製品零售業,24354752,202300
2023,0,文教育樂用品零售業,7025416,202300
2023,0,燃料及相關產品零售業,23593819,202300
2023,0,資通訊及家電設備零售業,25955537,202300
2023,0,汽機車及其零配件、用品零售業,73557055,202300
2023,0,電子購物及郵購業,36156380,202300
2023,0,餐飲業,83420261,202300
2023,1,百貨公司業,44960812,202301
2023,1,超級市場業,19556440,202301
2023,1,便利商店業,33465149,202301
2023,1,零售式量販業,19831027,202301
2023,1,其他綜合商品零售業,12495115,202301
2023,1,食品、飲料及菸草製品零售業,23200649,202301
2023,1,文教育樂用品零售業,7321358,202301
2023,1,燃料及相關產品零售業,22715482,202301
2023,1,資通訊及家電設備零售業,24797915,202301
2023,1,汽機車及其零配件、用品零售業,78800918,202301
2023,1,電子購物及郵購業,54540350,202301
2023,1,餐飲業,79670435,202301
2023,2,百貨公司業,40259361,202302
2023,2,超級市場業,21039138,202302
2023,2,便利商店業,33610084,202302
2023,2,零售式量販業,20255010,202302
2023,2,其他綜合商品零售業,13321069,202302
2023,2,食品、飲料及菸草製品零售業,29004211,202302
2023,2,文教育樂用品零售業,8274968,202302
2023,2,燃料及相關產品零售業,23549552,202302
2023,2,資通訊及家電設備零售業,22839350,202302
2023,2,汽機車及其零配件、用品零售業,77133249,202302
2023,2,電子購物及郵購業,41713864,202302
2023,2,餐飲業,91907108,202302
2024,1,百貨公司業,36723496,202401
2024,1,超級市場業,20647214,202401
2024,1,便利商店業,34301306,202401
2024,1,零售式量販業,23778687,202401
2024,1,其他綜合商品零售業,13162378,202401
2024,1,食品、飲料及菸草製品零售業,27606288,202401
2024,1,文教育樂用品零售業,7157734,202401
2024,1,燃料及相關產品零售業,22825917,202401
2024,1,資通訊及家電設備零售業,23560774,202401
2024,1,汽機車及其零配件、用品零售業,85638166,202401
2024,1,電子購物及郵購業,40445304,202401
2024,1,餐飲業,89778238,202401
2024,2,百貨公司業,38724976,202402
2024,2,超級市場業,20580238,202402
2024,2,便利商店業,32494729,202402
2024,2,零售式量販業,21175682,202402
2024,2,其他綜合商品零售業,13164448,202402
2024,2,食品、飲料及菸草製品零售業,24144955,202402
2024,2,文教育樂用品零售業,7581824,202402
2024,2,燃料及相關產品零售業,20724042,202402
2024,2,資通訊及家電設備零售業,22638008,202402
2024,2,汽機車及其零配件、用品零售業,51137196,202402
2024,2,電子購物及郵購業,34559827,202402
2024,2,餐飲業,91195675,202402
2024,3,百貨公司業,32798255,202403
2024,3,超級市場業,19614271,202403
2024,3,便利商店業,33771390,202403
2024,3,零售式量販業,18257214,202403
2024,3,其他綜合商品零售業,12620646,202403
2024,3,食品、飲料及菸草製品零售業,23323479,202403
2024,3,文教育樂用品零售業,7075542,202403
2024,3,燃料及相關產品零售業,22633826,202403
2024,3,資通訊及家電設備零售業,21329284,202403
2024,3,汽機車及其零配件、用品零售業,81927048,202403
2024,3,電子購物及郵購業,38272352,202403
2024,3,餐飲業,83159024,202403
2024,4,百貨公司業,37628676,202404
2024,4,超級市場業,19832158,202404
2024,4,便利商店業,33895747,202404
2024,4,零售式量販業,18379083,202404
2024,4,其他綜合商品零售業,12881161,202404
2024,4,食品、飲料及菸草製品零售業,21785300,202404
2024,4,文教育樂用品零售業,6858491,202404
2024,4,燃料及相關產品零售業,22189015,202404
2024,4,資通訊及家電設備零售業,23411174,202404
2024,4,汽機車及其零配件、用品零售業,74047498,202404
2024,4,電子購物及郵購業,35266838,202404
2024,4,餐飲業,79974754,202404
2024,5,百貨公司業,34875712,202405
2024,5,超級市場業,20265555,202405
2024,5,便利商店業,35251399,202405
2024,5,零售式量販業,18667968,202405
2024,5,其他綜合商品零售業,13736541,202405
2024,5,食品、飲料及菸草製品零售業,23033320,202405
2024,5,文教育樂用品零售業,6838370,202405
2024,5,燃料及相關產品零售業,22610397,202405
2024,5,資通訊及家電設備零售業,22609128,202405
2024,5,汽機車及其零配件、用品零售業,85232294,202405
2024,5,電子購物及郵購業,37514522,202405
2024,5,餐飲業,84668357,202405
2024,6,百貨公司業,33118991,202406
2024,6,超級市場業,20652135,202406
2024,6,便利商店業,35366163,202406
2024,6,零售式量販業,18887318,202406
2024,6,其他綜合商品零售業,13760412,202406
2024,6,食品、飲料及菸草製品零售業,22917551,202406
2024,6,文教育樂用品零售業,7268799,202406
2024,6,燃料及相關產品零售業,22311081,202406
2024,6,資通訊及家電設備零售業,21895455,202406
2024,6,汽機車及其零配件、用品零售業,86593180,202406
2024,6,電子購物及郵購業,37656556,202406
2024,6,餐飲業,86998193,202406
2024,7,百貨公司業,32444804,202407
2024,7,超級市場業,23033175,202407
2024,7,便利商店業,37701368,202407
2024,7,零售式量販業,20300509,202407
2024,7,其他綜合商品零售業,13602948,202407
2024,7,食品、飲料及菸草製品零售業,22053038,202407
2024,7,文教育樂用品零售業,7066224,202407
2024,7,燃料及相關產品零售業,22821230,202407
2024,7,資通訊及家電設備零售業,23521684,202407
2024,7,汽機車及其零配件、用品零售業,87933338,202407
2024,7,電子購物及郵購業,35881501,202407
2024,7,餐飲業,84799087,202407
2024,8,百貨公司業,33400724,202408
2024,8,超級市場業,24847577,202408
2024,8,便利商店業,37183421,202408
2024,8,零售式量販業,22952454,202408
2024,8,其他綜合商品零售業,13946364,202408
2024,8,食品、飲料及菸草製品零售業,24584056,202408
2024,8,文教育樂用品零售業,7009016,202408
2024,8,燃料及相關產品零售業,23408385,202408
2024,8,資通訊及家電設備零售業,23064075,202408
2024,8,汽機車及其零配件、用品零售業,63456688,202408
2024,8,電子購物及郵購業,37025447,202408
2024,8,餐飲業,89015098,202408
2024,9,百貨公司業,35080432,202409
2024,9,超級市場業,22793727,202409
2024,9,便利商店業,36087251,202409
2024,9,零售式量販業,22183545,202409
2024,9,其他綜合商品零售業,13658254,202409
2024,9,食品、飲料及菸草製品零售業,26120404,202409
2024,9,文教育樂用品零售業,6507808,202409
2024,9,燃料及相關產品零售業,22377626,202409
2024,9,資通訊及家電設備零售業,24060106,202409
2024,9,汽機車及其零配件、用品零售業,76366380,202409
2024,9,電子購物及郵購業,35031139,202409
2024,9,餐飲業,84262237,202409
2024,0,百貨公司業,46472422,202400
2024,0,超級市場業,24034712,202400
2024,0,便利商店業,36725640,202400
2024,0,零售式量販業,20556588,202400
2024,0,其他綜合商品零售業,13706758,202400
2024,0,食品、飲料及菸草製品零售業,24237616,202400
2024,0,文教育樂用品零售業,6559796,202400
2024,0,燃料及相關產品零售業,21194991,202400
2024,0,資通訊及家電設備零售業,26272744,202400
2024,0,汽機車及其零配件、用品零售業,67726259,202400
2024,0,電子購物及郵購業,37279524,202400
2024,0,餐飲業,81932572,202400
2024,1,百貨公司業,46572913,202401
2024,1,超級市場業,21385686,202401
2024,1,便利商店業,35471506,202401
2024,1,零售式量販業,21303508,202401
2024,1,其他綜合商品零售業,13531727,202401
2024,1,食品、飲料及菸草製品零售業,23950261,202401
2024,1,文教育樂用品零售業,7684622,202401
2024,1,燃料及相關產品零售業,21774280,202401
2024,1,資通訊及家電設備零售業,25896383,202401
2024,1,汽機車及其零配件、用品零售業,75554910,202401
2024,1,電子購物及郵購業,54789991,202401
2024,1,餐飲業,86014441,202401
2024,2,百貨公司業,41275022,202402
2024,2,超級市場業,22077223,202402
2024,2,便利商店業,35246568,202402
2024,2,零售式量販業,21960920,202402
2024,2,其他綜合商品零售業,14818761,202402
2024,2,食品、飲料及菸草製品零售業,29166349,202402
2024,2,文教育樂用品零售業,8753377,202402
2024,2,燃料及相關產品零售業,22482873,202402
2024,2,資通訊及家電設備零售業,23997769,202402
2024,2,汽機車及其零配件、用品零售業,75736446,202402
2024,2,電子購物及郵購業,43037498,202402
2024,2,餐飲業,95972333,202402
2025,1,百貨公司業,45771732,202501
2025,1,超級市場業,23887094,202501
2025,1,便利商店業,37585896,202501
2025,1,零售式量販業,27601441,202501
2025,1,其他綜合商品零售業,14698102,202501
2025,1,食品、飲料及菸草製品零售業,30878797,202501
2025,1,文教育樂用品零售業,8649260,202501
2025,1,燃料及相關產品零售業,22151427,202501
2025,1,資通訊及家電設備零售業,24102694,202501
2025,1,汽機車及其零配件、用品零售業,77742405,202501
2025,1,電子購物及郵購業,38868109,202501
2025,1,餐飲業,105612120,202501
2025,2,百貨公司業,31237619,202502
2025,2,超級市場業,19141566,202502
2025,2,便利商店業,31680173,202502
2025,2,零售式量販業,17568376,202502
2025,2,其他綜合商品零售業,12577275,202502
2025,2,食品、飲料及菸草製品零售業,22909591,202502
2025,2,文教育樂用品零售業,7030341,202502
2025,2,燃料及相關產品零售業,20102213,202502
2025,2,資通訊及家電設備零售業,21741904,202502
2025,2,汽機車及其零配件、用品零售業,61676298,202502
2025,2,電子購物及郵購業,35925211,202502
2025,2,餐飲業,82845141,202502
2025,3,百貨公司業,32334797,202503
2025,3,超級市場業,21372926,202503
2025,3,便利商店業,35129188,202503
2025,3,零售式量販業,20256043,202503
2025,3,其他綜合商品零售業,12857652,202503
2025,3,食品、飲料及菸草製品零售業,24356369,202503
2025,3,文教育樂用品零售業,6910242,202503
2025,3,燃料及相關產品零售業,22482598,202503
2025,3,資通訊及家電設備零售業,21194541,202503
2025,3,汽機車及其零配件、用品零售業,78324522,202503
2025,3,電子購物及郵購業,38644816,202503
2025,3,餐飲業,85690559,202503
2025,4,百貨公司業,36482034,202504
2025,4,超級市場業,21309258,202504
2025,4,便利商店業,35300832,202504
2025,4,零售式量販業,19540189,202504
2025,4,其他綜合商品零售業,12992865,202504
2025,4,食品、飲料及菸草製品零售業,24104676,202504
2025,4,文教育樂用品零售業,6861904,202504
2025,4,燃料及相關產品零售業,21061883,202504
2025,4,資通訊及家電設備零售業,22180958,202504
2025,4,汽機車及其零配件、用品零售業,70229695,202504
2025,4,電子購物及郵購業,36191103,202504
2025,4,餐飲業,81542478,202504
2025,5,百貨公司業,36295886,202505
2025,5,超級市場業,22008490,202505
2025,5,便利商店業,37835916,202505
2025,5,零售式量販業,20821107,202505
2025,5,其他綜合商品零售業,13870062,202505
2025,5,食品、飲料及菸草製品零售業,25674200,202505
2025,5,文教育樂用品零售業,6746479,202505
2025,5,燃料及相關產品零售業,20663355,202505
2025,5,資通訊及家電設備零售業,23531022,202505
2025,5,汽機車及其零配件、用品零售業,69922619,202505
2025,5,電子購物及郵購業,38165120,202505
2025,5,餐飲業,90416966,202505
2025,6,百貨公司業,31939653,202506
2025,6,超級市場業,21874503,202506
2025,6,便利商店業,37005168,202506
2025,6,零售式量販業,19604094,202506
2025,6,其他綜合商品零售業,13636970,202506
2025,6,食品、飲料及菸草製品零售業,24687403,202506
2025,6,文教育樂用品零售業,7211753,202506
2025,6,燃料及相關產品零售業,20782389,202506
2025,6,資通訊及家電設備零售業,22465891,202506
2025,6,汽機車及其零配件、用品零售業,71604467,202506
2025,6,電子購物及郵購業,40990743,202506
2025,6,餐飲業,85266722,202506
2025,7,百貨公司業,32361283,202507
2025,7,超級市場業,23330112,202507
2025,7,便利商店業,38814905,202507
2025,7,零售式量販業,19982847,202507
2025,7,其他綜合商品零售業,13663219,202507
2025,7,食品、飲料及菸草製品零售業,24241344,202507
2025,7,文教育樂用品零售業,7600773,202507
2025,7,燃料及相關產品零售業,20819694,202507
2025,7,資通訊及家電設備零售業,22653693,202507
2025,7,汽機車及其零配件、用品零售業,70182060,202507
2025,7,電子購物及郵購業,38431653,202507
2025,7,餐飲業,86562445,202507
2025,8,百貨公司業,34918865,202508
2025,8,超級市場業,25044993,202508
2025,8,便利商店業,38687411,202508
2025,8,零售式量販業,23150059,202508
2025,8,其他綜合商品零售業,14356784,202508
2025,8,食品、飲料及菸草製品零售業,24579164,202508
2025,8,文教育樂用品零售業,7651644,202508
2025,8,燃料及相關產品零售業,21730452,202508
2025,8,資通訊及家電設備零售業,22709368,202508
2025,8,汽機車及其零配件、用品零售業,60605413,202508
2025,8,電子購物及郵購業,39255001,202508
2025,8,餐飲業,93285092,202508
2025,9,百貨公司業,36005493,202509
2025,9,超級市場業,24207846,202509
2025,9,便利商店業,36786568,202509
2025,9,零售式量販業,21293696,202509
2025,9,其他綜合商品零售業,13805267,202509
2025,9,食品、飲料及菸草製品零售業,27894697,202509
2025,9,文教育樂用品零售業,7015739,202509
2025,9,燃料及相關產品零售業,20685850,202509
2025,9,資通訊及家電設備零售業,24895368,202509
2025,9,汽機車及其零配件、用品零售業,64918881,202509
2025,9,電子購物及郵購業,38328758,202509
2025,9,餐飲業,82934920,202509
2025,0,百貨公司業,48341624,202500
2025,0,超級市場業,23648950,202500
2025,0,便利商店業,38439863,202500
2025,0,零售式量販業,21037624,202500
2025,0,其他綜合商品零售業,14195132,202500
2025,0,食品、飲料及菸草製品零售業,26527950,202500
2025,0,文教育樂用品零售業,7715000,202500
2025,0,燃料及相關產品零售業,21381336,202500
2025,0,資通訊及家電設備零售業,27753128,202500
2025,0,汽機車及其零配件、用品零售業,64269920,202500
2025,0,電子購物及郵購業,38661571,202500
2025,0,餐飲業,89469815,202500
2025,1,百貨公司業,49906377,202501
2025,1,超級市場業,22834485,202501
2025,1,便利商店業,37272873,202501
2025,1,零售式量販業,23783986,202501
2025,1,其他綜合商品零售業,13754536,202501
2025,1,食品、飲料及菸草製品零售業,24915515,202501
2025,1,文教育樂用品零售業,8147612,202501
2025,1,燃料及相關產品零售業,20343867,202501
2025,1,資通訊及家電設備零售業,27675463,202501
2025,1,汽機車及其零配件、用品零售業,70312264,202501
2025,1,電子購物及郵購業,55356355,202501
2025,1,餐飲業,88845446,202501
2025,2,百貨公司業,39921836,202502
2025,2,超級市場業,22186855,202502
2025,2,便利商店業,37479078,202502
2025,2,零售式量販業,21673043,202502
2025,2,其他綜合商品零售業,14620371,202502
2025,2,食品、飲料及菸草製品零售業,28388301,202502
2025,2,文教育樂用品零售業,8632615,202502
2025,2,燃料及相關產品零售業,20839910,202502
2025,2,資通訊及家電設備零售業,25119612,202502
2025,2,汽機車及其零配件、用品零售業,83452649,202502
2025,2,電子購物及郵購業,43864191,202502
2025,2,餐飲業,94952739,202502
2026,1,百貨公司業,40552225,202601
2026,1,超級市場業,22098389,202601
2026,1,便利商店業,38070156,202601
2026,1,零售式量販業,24887964,202601
2026,1,其他綜合商品零售業,14299058,202601
2026,1,食品、飲料及菸草製品零售業,29576068,202601
2026,1,文教育樂用品零售業,8437742,202601
2026,1,燃料及相關產品零售業,20345676,202601
2026,1,資通訊及家電設備零售業,25311626,202601
2026,1,汽機車及其零配件、用品零售業,72514833,202601
2026,1,電子購物及郵購業,43754042,202601
2026,1,餐飲業,96702449,202601
2026,2,百貨公司業,42696798,202602
2026,2,超級市場業,22075999,202602
2026,2,便利商店業,34838912,202602
2026,2,零售式量販業,23804197,202602
2026,2,其他綜合商品零售業,14506849,202602
2026,2,食品、飲料及菸草製品零售業,27505632,202602
2026,2,文教育樂用品零售業,8000122,202602
2026,2,燃料及相關產品零售業,18364652,202602
2026,2,資通訊及家電設備零售業,23033433,202602
2026,2,汽機車及其零配件、用品零售業,46023050,202602
2026,2,電子購物及郵購業,36382145,202602
2026,2,餐飲業,100337633,202602
