日期,匯率,年月KEY
2018-01-01,29.65099907,201801
2018-01-02,29.77300072,201801
2018-01-03,29.62199974,201801
2018-01-04,29.59300041,201801
2018-01-05,29.56999969,201801
2018-01-08,29.46699905,201801
2018-01-09,29.50300026,201801
2018-01-10,29.51799965,201801
2018-01-11,29.59600067,201801
2018-01-12,29.58799934,201801
2018-01-15,29.58300018,201801
2018-01-16,29.52300072,201801
2018-01-17,29.54999924,201801
2018-01-18,29.55599976,201801
2018-01-19,29.54299927,201801
2018-01-22,29.36400032,201801
2018-01-23,29.26199913,201801
2018-01-24,29.26799965,201801
2018-01-25,29.08799934,201801
2018-01-26,29.06399918,201801
2018-01-29,29.09799957,201801
2018-01-30,29.13100052,201801
2018-01-31,29.21999931,201801
2018-02-01,29.1420002,201802
2018-02-02,29.18700027,201802
2018-02-05,29.34600067,201802
2018-02-06,29.3010006,201802
2018-02-07,29.375,201802
2018-02-08,29.26399994,201802
2018-02-09,29.36899948,201802
2018-02-12,29.30599976,201802
2018-02-13,29.39599991,201802
2018-02-14,29.3390007,201802
2018-02-15,29.13599968,201802
2018-02-16,28.94199944,201802
2018-02-19,29.06100082,201802
2018-02-20,29.02199936,201802
2018-02-21,29.31900024,201802
2018-02-22,29.21800041,201802
2018-02-23,29.28100014,201802
2018-02-26,28.47900009,201802
2018-02-27,29.20199966,201802
2018-02-28,29.27400017,201802
2018-03-01,29.33300018,201803
2018-03-02,29.28899956,201803
2018-03-05,29.26799965,201803
2018-03-06,29.25699997,201803
2018-03-07,29.1989994,201803
2018-03-08,29.25699997,201803
2018-03-09,29.32900047,201803
2018-03-12,29.24799919,201803
2018-03-13,29.25600052,201803
2018-03-14,29.25699997,201803
2018-03-15,29.17300034,201803
2018-03-16,29.12800026,201803
2018-03-19,29.11300087,201803
2018-03-20,29.15699959,201803
2018-03-21,29.14500046,201803
2018-03-22,29.0720005,201803
2018-03-23,29.17700005,201803
2018-03-26,29.17700005,201803
2018-03-27,29.07500076,201803
2018-03-28,29.17700005,201803
2018-03-29,29.13699913,201803
2018-03-30,29.10199928,201803
2018-04-02,28.97400093,201804
2018-04-03,29.1420002,201804
2018-04-04,29.12299919,201804
2018-04-05,29.21199989,201804
2018-04-06,29.23800087,201804
2018-04-09,29.30999947,201804
2018-04-10,29.24200058,201804
2018-04-11,29.19000053,201804
2018-04-12,29.18600082,201804
2018-04-13,29.2840004,201804
2018-04-16,29.30900002,201804
2018-04-17,29.34600067,201804
2018-04-18,29.37400055,201804
2018-04-19,29.28000069,201804
2018-04-20,29.38299942,201804
2018-04-23,29.46800041,201804
2018-04-24,29.59799957,201804
2018-04-25,29.61199951,201804
2018-04-26,29.6779995,201804
2018-04-27,29.63299942,201804
2018-04-30,29.54000092,201804
2018-05-01,29.62599945,201805
2018-05-02,29.6970005,201805
2018-05-03,29.77300072,201805
2018-05-04,29.66799927,201805
2018-05-07,29.67399979,201805
2018-05-08,29.81299973,201805
2018-05-09,29.80400085,201805
2018-05-10,29.88400078,201805
2018-05-11,29.70199966,201805
2018-05-14,29.66799927,201805
2018-05-15,29.79400063,201805
2018-05-16,29.88500023,201805
2018-05-17,29.80900002,201805
2018-05-18,29.89500046,201805
2018-05-21,29.9260006,201805
2018-05-22,29.91900063,201805
2018-05-23,29.83300018,201805
2018-05-24,29.91399956,201805
2018-05-25,29.91200066,201805
2018-05-28,29.94499969,201805
2018-05-29,29.8939991,201805
2018-05-30,30.05999947,201805
2018-05-31,29.89599991,201805
2018-06-01,29.96999931,201806
2018-06-04,29.80400085,201806
2018-06-05,29.64299965,201806
2018-06-06,29.79999924,201806
2018-06-07,29.67700005,201806
2018-06-08,29.75699997,201806
2018-06-11,29.83600044,201806
2018-06-12,29.81599998,201806
2018-06-13,29.8010006,201806
2018-06-14,29.80599976,201806
2018-06-15,29.87899971,201806
2018-06-18,30.13199997,201806
2018-06-19,30.1590004,201806
2018-06-20,30.1760006,201806
2018-06-21,30.16200066,201806
2018-06-22,30.31900024,201806
2018-06-25,30.29800034,201806
2018-06-26,30.34199905,201806
2018-06-27,30.40699959,201806
2018-06-28,30.49300003,201806
2018-06-29,30.56900024,201806
2018-07-02,30.4640007,201807
2018-07-03,30.53499985,201807
2018-07-04,30.51099968,201807
2018-07-05,30.50699997,201807
2018-07-06,30.50900078,201807
2018-07-09,30.4279995,201807
2018-07-10,30.30900002,201807
2018-07-11,30.39999962,201807
2018-07-12,30.64500046,201807
2018-07-13,30.47900009,201807
2018-07-16,30.56599998,201807
2018-07-17,30.46999931,201807
2018-07-18,30.48500061,201807
2018-07-19,30.55999947,201807
2018-07-20,30.67000008,201807
2018-07-23,30.57099915,201807
2018-07-24,30.56999969,201807
2018-07-25,30.61899948,201807
2018-07-26,30.39800072,201807
2018-07-27,30.60300064,201807
2018-07-30,30.55500031,201807
2018-07-31,30.5720005,201807
2018-08-01,30.57099915,201808
2018-08-02,30.62100029,201808
2018-08-03,30.66799927,201808
2018-08-06,30.57299995,201808
2018-08-07,30.5720005,201808
2018-08-08,30.46699905,201808
2018-08-09,30.57299995,201808
2018-08-10,30.59199905,201808
2018-08-13,30.7310009,201808
2018-08-14,30.84799957,201808
2018-08-15,30.80999947,201808
2018-08-16,30.82600021,201808
2018-08-17,30.74399948,201808
2018-08-20,30.65500069,201808
2018-08-21,30.70599937,201808
2018-08-22,30.63100052,201808
2018-08-23,30.66699982,201808
2018-08-24,30.81299973,201808
2018-08-27,30.65999985,201808
2018-08-28,30.67700005,201808
2018-08-29,30.5890007,201808
2018-08-30,30.61199951,201808
2018-08-31,30.68300056,201808
2018-09-03,30.66900063,201809
2018-09-04,30.72999954,201809
2018-09-05,30.7140007,201809
2018-09-06,30.72800064,201809
2018-09-07,30.7840004,201809
2018-09-10,30.80500031,201809
2018-09-11,30.78199959,201809
2018-09-12,30.74200058,201809
2018-09-13,30.71800041,201809
2018-09-14,30.6970005,201809
2018-09-17,30.75699997,201809
2018-09-18,30.79899979,201809
2018-09-19,30.71899986,201809
2018-09-20,30.67000008,201809
2018-09-21,30.71100044,201809
2018-09-24,30.61499977,201809
2018-09-25,30.66699982,201809
2018-09-26,30.5909996,201809
2018-09-27,30.5909996,201809
2018-09-28,30.52099991,201809
2018-10-01,30.4470005,201810
2018-10-02,30.54999924,201810
2018-10-03,30.6420002,201810
2018-10-04,30.7310009,201810
2018-10-05,30.80900002,201810
2018-10-08,30.90099907,201810
2018-10-09,30.95299911,201810
2018-10-10,30.94099998,201810
2018-10-11,31.06900024,201810
2018-10-12,30.94300079,201810
2018-10-15,30.8920002,201810
2018-10-16,30.82500076,201810
2018-10-17,30.76799965,201810
2018-10-18,30.80200005,201810
2018-10-19,30.9470005,201810
2018-10-22,30.88500023,201810
2018-10-23,30.84499931,201810
2018-10-24,30.93799973,201810
2018-10-25,30.90500069,201810
2018-10-26,30.88100052,201810
2018-10-29,30.96299934,201810
2018-10-30,30.89699936,201810
2018-10-31,30.8579998,201810
2018-11-01,30.93099976,201811
2018-11-02,30.62000084,201811
2018-11-05,30.59199905,201811
2018-11-06,30.69499969,201811
2018-11-07,30.68199921,201811
2018-11-08,30.56900024,201811
2018-11-09,30.61400032,201811
2018-11-12,30.77400017,201811
2018-11-13,30.88899994,201811
2018-11-14,30.76600075,201811
2018-11-15,30.76399994,201811
2018-11-16,30.78800011,201811
2018-11-19,30.77000046,201811
2018-11-20,30.87999916,201811
2018-11-21,30.94099998,201811
2018-11-22,30.84799957,201811
2018-11-23,30.79599953,201811
2018-11-26,30.90500069,201811
2018-11-27,30.85199928,201811
2018-11-28,30.89599991,201811
2018-11-29,30.72200012,201811
2018-11-30,30.6420002,201811
2018-12-03,30.83200073,201812
2018-12-04,30.56100082,201812
2018-12-05,30.75,201812
2018-12-06,30.70800018,201812
2018-12-07,30.81999969,201812
2018-12-10,30.92000008,201812
2018-12-11,30.86700058,201812
2018-12-12,30.75399971,201812
2018-12-13,30.67399979,201812
2018-12-14,30.7159996,201812
2018-12-17,30.82500076,201812
2018-12-18,30.72400093,201812
2018-12-19,30.67000008,201812
2018-12-20,30.81599998,201812
2018-12-21,30.71100044,201812
2018-12-24,30.79500008,201812
2018-12-25,30.79000092,201812
2018-12-26,30.79899979,201812
2018-12-27,30.80599976,201812
2018-12-28,30.7670002,201812
2018-12-31,30.5529995,201812
2019-01-01,30.56500053,201901
2019-01-02,30.50099945,201901
2019-01-03,30.75900078,201901
2019-01-04,30.86300087,201901
2019-01-07,30.78300095,201901
2019-01-08,30.8029995,201901
2019-01-09,30.81599998,201901
2019-01-10,30.71100044,201901
2019-01-11,30.77899933,201901
2019-01-14,30.7859993,201901
2019-01-15,30.83399963,201901
2019-01-16,30.82799911,201901
2019-01-17,30.76499939,201901
2019-01-18,30.82699966,201901
2019-01-21,30.85300064,201901
2019-01-22,30.87599945,201901
2019-01-23,30.87700081,201901
2019-01-24,30.8579998,201901
2019-01-25,30.87400055,201901
2019-01-28,30.70800018,201901
2019-01-29,30.78800011,201901
2019-01-30,30.78100014,201901
2019-01-31,30.72299957,201901
2019-02-01,30.68600082,201902
2019-02-04,30.76300049,201902
2019-02-05,30.77700043,201902
2019-02-06,30.72900009,201902
2019-02-07,30.78700066,201902
2019-02-08,30.80800056,201902
2019-02-11,30.81999969,201902
2019-02-12,30.87700081,201902
2019-02-13,30.79199982,201902
2019-02-14,30.85199928,201902
2019-02-15,30.82099915,201902
2019-02-18,30.81200027,201902
2019-02-19,30.81800079,201902
2019-02-20,30.77899933,201902
2019-02-21,30.79199982,201902
2019-02-22,30.79899979,201902
2019-02-25,30.74699974,201902
2019-02-26,30.73500061,201902
2019-02-27,30.75300026,201902
2019-02-28,30.77700043,201902
2019-03-01,30.82500076,201903
2019-03-04,30.83699989,201903
2019-03-05,30.83799934,201903
2019-03-06,30.82999992,201903
2019-03-07,30.82900047,201903
2019-03-08,30.90699959,201903
2019-03-11,30.89100075,201903
2019-03-12,30.91200066,201903
2019-03-13,30.88699913,201903
2019-03-14,30.89599991,201903
2019-03-15,30.91300011,201903
2019-03-18,30.88899994,201903
2019-03-19,30.76499939,201903
2019-03-20,30.79000092,201903
2019-03-21,30.74500084,201903
2019-03-22,30.79299927,201903
2019-03-25,30.86800003,201903
2019-03-26,30.81599998,201903
2019-03-27,30.8390007,201903
2019-03-28,30.88199997,201903
2019-03-29,30.85099983,201903
2019-04-01,30.8390007,201904
2019-04-02,30.81699944,201904
2019-04-03,30.82900047,201904
2019-04-04,30.78800011,201904
2019-04-05,30.79299927,201904
2019-04-08,30.78899956,201904
2019-04-09,30.80800056,201904
2019-04-10,30.81699944,201904
2019-04-11,30.83799934,201904
2019-04-12,30.85199928,201904
2019-04-15,30.82999992,201904
2019-04-16,30.85400009,201904
2019-04-17,30.86300087,201904
2019-04-18,30.76199913,201904
2019-04-19,30.81999969,201904
2019-04-22,30.80699921,201904
2019-04-23,30.84000015,201904
2019-04-24,30.85400009,201904
2019-04-25,30.92399979,201904
2019-04-26,30.92300034,201904
2019-04-29,30.90200043,201904
2019-04-30,30.8920002,201904
2019-05-01,30.88699913,201905
2019-05-02,30.90699959,201905
2019-05-03,30.88999939,201905
2019-05-06,30.89500046,201905
2019-05-07,30.90999985,201905
2019-05-08,30.93700027,201905
2019-05-09,30.94499969,201905
2019-05-10,31.00200081,201905
2019-05-13,30.93700027,201905
2019-05-14,31.10499954,201905
2019-05-15,31.13899994,201905
2019-05-16,31.07799911,201905
2019-05-17,31.18600082,201905
2019-05-20,31.36599922,201905
2019-05-21,31.37999916,201905
2019-05-23,31.45299911,201905
2019-05-24,31.51399994,201905
2019-05-27,31.47100067,201905
2019-05-28,31.45299911,201905
2019-05-29,31.54700089,201905
2019-05-30,31.61599922,201905
2019-05-31,31.57699966,201905
2019-06-03,31.52199936,201906
2019-06-04,31.37599945,201906
2019-06-05,31.32600021,201906
2019-06-06,31.29899979,201906
2019-06-07,31.27000046,201906
2019-06-10,31.35400009,201906
2019-06-11,31.38599968,201906
2019-06-12,31.36300087,201906
2019-06-13,31.42700005,201906
2019-06-14,31.46800041,201906
2019-06-17,31.49300003,201906
2019-06-18,31.47599983,201906
2019-06-19,31.26499939,201906
2019-06-20,31.11000061,201906
2019-06-21,30.875,201906
2019-06-24,30.94499969,201906
2019-06-25,30.83600044,201906
2019-06-26,30.96999931,201906
2019-06-27,30.92499924,201906
2019-06-28,30.88899994,201906
2019-07-01,30.87899971,201907
2019-07-02,30.95299911,201907
2019-07-03,30.96800041,201907
2019-07-04,31.05599976,201907
2019-07-05,31.01300049,201907
2019-07-08,31.16900063,201907
2019-07-09,31.15999985,201907
2019-07-10,31.12899971,201907
2019-07-11,31.03499985,201907
2019-07-12,30.96100044,201907
2019-07-15,31.05200005,201907
2019-07-16,30.98200035,201907
2019-07-17,31.00300026,201907
2019-07-18,31.00099945,201907
2019-07-19,30.89999962,201907
2019-07-22,31.03199959,201907
2019-07-23,31.04400063,201907
2019-07-24,31.01000023,201907
2019-07-25,31.09199905,201907
2019-07-26,31.01199913,201907
2019-07-29,31.08200073,201907
2019-07-30,31.02700043,201907
2019-07-31,31.02300072,201907
2019-08-01,31.14699936,201908
2019-08-02,31.30699921,201908
2019-08-05,31.45000076,201908
2019-08-06,31.69400024,201908
2019-08-07,31.42700005,201908
2019-08-08,31.42099953,201908
2019-08-09,31.23500061,201908
2019-08-12,31.36599922,201908
2019-08-13,31.4279995,201908
2019-08-14,31.09399986,201908
2019-08-15,31.3579998,201908
2019-08-16,31.22800064,201908
2019-08-19,31.3010006,201908
2019-08-20,31.35000038,201908
2019-08-21,31.31200027,201908
2019-08-22,31.28199959,201908
2019-08-23,31.30200005,201908
2019-08-26,31.41900063,201908
2019-08-27,31.37400055,201908
2019-08-28,31.32799911,201908
2019-08-29,31.40399933,201908
2019-08-30,31.27099991,201908
2019-09-02,31.33300018,201909
2019-09-03,31.36100006,201909
2019-09-04,31.35099983,201909
2019-09-05,31.16799927,201909
2019-09-06,31.17000008,201909
2019-09-09,31.18099976,201909
2019-09-10,31.17499924,201909
2019-09-11,31.08499908,201909
2019-09-12,31.03499985,201909
2019-09-13,30.75499916,201909
2019-09-16,30.91500092,201909
2019-09-17,30.88699913,201909
2019-09-18,30.84900093,201909
2019-09-19,30.96199989,201909
2019-09-20,30.86499977,201909
2019-09-23,30.98699951,201909
2019-09-24,30.94000053,201909
2019-09-25,30.92499924,201909
2019-09-26,30.9470005,201909
2019-09-27,30.93000031,201909
2019-09-30,31.03300095,201909
2019-10-01,31.0340004,201910
2019-10-02,31.02400017,201910
2019-10-03,31.05500031,201910
2019-10-04,30.91500092,201910
2019-10-07,30.84799957,201910
2019-10-08,30.7859993,201910
2019-10-09,30.73999977,201910
2019-10-10,30.65800095,201910
2019-10-11,30.5,201910
2019-10-14,30.62599945,201910
2019-10-15,30.59399986,201910
2019-10-16,30.4810009,201910
2019-10-17,30.51000023,201910
2019-10-18,30.60700035,201910
2019-10-21,30.53700066,201910
2019-10-22,30.5189991,201910
2019-10-23,30.45999908,201910
2019-10-24,30.5739994,201910
2019-10-25,30.49300003,201910
2019-10-28,30.56200027,201910
2019-10-29,30.52700043,201910
2019-10-30,30.39900017,201910
2019-10-31,30.21500015,201910
2019-11-01,30.48399925,201911
2019-11-04,30.43499947,201911
2019-11-05,30.32699966,201911
2019-11-06,30.30999947,201911
2019-11-07,30.37100029,201911
2019-11-08,30.24699974,201911
2019-11-11,30.38100052,201911
2019-11-12,30.41200066,201911
2019-11-13,30.37999916,201911
2019-11-14,30.45899963,201911
2019-11-15,30.43099976,201911
2019-11-18,30.48999977,201911
2019-11-19,30.43899918,201911
2019-11-20,30.43499947,201911
2019-11-21,30.44799995,201911
2019-11-22,30.4470005,201911
2019-11-25,30.55900002,201911
2019-11-26,30.45100021,201911
2019-11-27,30.44000053,201911
2019-11-28,30.46199989,201911
2019-11-29,30.42399979,201911
2019-12-02,30.52899933,201912
2019-12-03,30.43400002,201912
2019-12-04,30.44499969,201912
2019-12-05,30.46800041,201912
2019-12-06,30.41399956,201912
2019-12-09,30.42200089,201912
2019-12-10,30.39699936,201912
2019-12-11,30.45199966,201912
2019-12-12,30.34499931,201912
2019-12-13,30.18700027,201912
2019-12-16,30.21999931,201912
2019-12-17,30.09700012,201912
2019-12-18,30.01799965,201912
2019-12-19,30.03499985,201912
2019-12-20,30.14900017,201912
2019-12-23,30.125,201912
2019-12-24,30.13899994,201912
2019-12-25,30.0,201912
2019-12-26,29.89999962,201912
2019-12-27,30.07600021,201912
2019-12-30,30.08300018,201912
2019-12-31,30.0739994,201912
2020-01-01,29.89800072,202001
2020-01-02,29.84399986,202001
2020-01-03,29.89999962,202001
2020-01-06,30.03499985,202001
2020-01-07,30.04700089,202001
2020-01-08,29.98500061,202001
2020-01-09,30.01000023,202001
2020-01-10,29.94300079,202001
2020-01-13,29.96199989,202001
2020-01-14,29.87400055,202001
2020-01-15,29.82600021,202001
2020-01-16,29.93300056,202001
2020-01-17,29.89900017,202001
2020-01-20,29.95000076,202001
2020-01-21,29.89100075,202001
2020-01-22,30.04199982,202001
2020-01-23,29.91900063,202001
2020-01-24,29.97500038,202001
2020-01-27,30.02000046,202001
2020-01-28,30.09499931,202001
2020-01-29,30.00499916,202001
2020-01-30,30.0909996,202001
2020-01-31,30.20499992,202001
2020-02-03,30.34600067,202002
2020-02-04,30.23999977,202002
2020-02-05,30.02799988,202002
2020-02-06,29.95100021,202002
2020-02-07,30.03000069,202002
2020-02-10,30.17700005,202002
2020-02-11,30.02599907,202002
2020-02-12,29.9489994,202002
2020-02-13,29.90999985,202002
2020-02-14,29.98500061,202002
2020-02-17,30.01499939,202002
2020-02-18,30.01600075,202002
2020-02-19,30.05500031,202002
2020-02-20,30.17099953,202002
2020-02-21,30.22500038,202002
2020-02-24,30.38699913,202002
2020-02-25,30.34199905,202002
2020-02-26,30.41300011,202002
2020-02-27,30.20800018,202002
2020-02-28,30.19300079,202002
2020-03-02,30.12400055,202003
2020-03-03,29.80500031,202003
2020-03-04,29.77000046,202003
2020-03-05,29.75,202003
2020-03-06,29.88400078,202003
2020-03-09,29.90099907,202003
2020-03-10,29.98500061,202003
2020-03-11,29.73999977,202003
2020-03-12,30.06900024,202003
2020-03-13,29.94799995,202003
2020-03-16,30.10700035,202003
2020-03-17,30.23600006,202003
2020-03-18,30.03000069,202003
2020-03-19,30.125,202003
2020-03-20,30.32099915,202003
2020-03-23,30.2689991,202003
2020-03-24,30.2159996,202003
2020-03-25,30.14500046,202003
2020-03-26,30.25300026,202003
2020-03-27,30.13100052,202003
2020-03-30,30.16699982,202003
2020-03-31,30.03000069,202003
2020-04-01,30.22999954,202004
2020-04-02,30.21800041,202004
2020-04-03,30.08099937,202004
2020-04-06,30.25,202004
2020-04-07,30.07999992,202004
2020-04-08,30.09700012,202004
2020-04-09,30.06699944,202004
2020-04-10,30.06699944,202004
2020-04-13,30.02599907,202004
2020-04-14,29.85000038,202004
2020-04-15,30.02099991,202004
2020-04-16,29.90500069,202004
2020-04-17,29.93700027,202004
2020-04-20,30.03499985,202004
2020-04-21,30.03000069,202004
2020-04-22,30.09600067,202004
2020-04-23,30.05400085,202004
2020-04-24,29.85499954,202004
2020-04-27,30.07900047,202004
2020-04-28,29.91300011,202004
2020-04-29,29.80500031,202004
2020-04-30,29.62999916,202004
2020-05-01,29.58499908,202005
2020-05-04,29.89299965,202005
2020-05-05,29.61000061,202005
2020-05-06,29.625,202005
2020-05-07,29.99699974,202005
2020-05-08,29.78000069,202005
2020-05-11,29.84000015,202005
2020-05-12,29.8920002,202005
2020-05-13,29.78800011,202005
2020-05-14,29.8920002,202005
2020-05-15,29.87599945,202005
2020-05-18,29.95400047,202005
2020-05-19,29.94000053,202005
2020-05-20,29.84499931,202005
2020-05-21,29.87999916,202005
2020-05-22,29.87599945,202005
2020-05-25,30.06800079,202005
2020-05-26,30.03800011,202005
2020-05-27,29.97500038,202005
2020-05-28,30.02499962,202005
2020-05-29,29.90999985,202005
2020-06-01,29.94400024,202006
2020-06-02,29.83300018,202006
2020-06-03,29.87109947,202006
2020-06-04,29.8579998,202006
2020-06-05,29.84519958,202006
2020-06-08,29.71299934,202006
2020-06-09,29.64999962,202006
2020-06-10,29.59499931,202006
2020-06-11,29.5529995,202006
2020-06-12,29.52499962,202006
2020-06-15,29.62809944,202006
2020-06-16,29.47999954,202006
2020-06-17,29.48500061,202006
2020-06-18,29.48999977,202006
2020-06-19,29.59399986,202006
2020-06-22,29.58399963,202006
2020-06-23,29.43499947,202006
2020-06-24,29.54800034,202006
2020-06-25,29.39500046,202006
2020-06-26,29.37999916,202006
2020-06-29,29.52199936,202006
2020-06-30,29.41150093,202006
2020-07-01,29.39599991,202007
2020-07-02,29.42770004,202007
2020-07-03,29.4321003,202007
2020-07-06,29.45100021,202007
2020-07-07,29.40410042,202007
2020-07-08,29.47900009,202007
2020-07-09,29.34020042,202007
2020-07-10,29.32999992,202007
2020-07-13,29.46299934,202007
2020-07-14,29.45599937,202007
2020-07-15,29.38769913,202007
2020-07-16,29.47699928,202007
2020-07-17,29.36389923,202007
2020-07-20,29.45400047,202007
2020-07-21,29.4470005,202007
2020-07-22,29.40200043,202007
2020-07-23,29.43169975,202007
2020-07-24,29.42670059,202007
2020-07-27,29.45100021,202007
2020-07-28,29.18000031,202007
2020-07-29,29.31200027,202007
2020-07-30,29.25900078,202007
2020-07-31,29.15999985,202007
2020-08-03,29.30999947,202008
2020-08-04,29.24799919,202008
2020-08-05,29.26499939,202008
2020-08-06,29.33810043,202008
2020-08-07,29.36910057,202008
2020-08-10,29.42099953,202008
2020-08-11,29.31299973,202008
2020-08-12,29.31800079,202008
2020-08-13,29.2961998,202008
2020-08-14,29.33889961,202008
2020-08-17,29.38199997,202008
2020-08-18,29.33569908,202008
2020-08-19,29.35470009,202008
2020-08-20,29.41600037,202008
2020-08-21,29.32099915,202008
2020-08-24,29.3920002,202008
2020-08-25,29.29000092,202008
2020-08-26,29.29000092,202008
2020-08-27,29.28170013,202008
2020-08-28,29.32320023,202008
2020-08-31,29.3314991,202008
2020-09-01,29.30800056,202009
2020-09-02,29.30349922,202009
2020-09-03,29.29290009,202009
2020-09-04,29.27899933,202009
2020-09-07,29.3239994,202009
2020-09-08,29.30520058,202009
2020-09-09,29.24699974,202009
2020-09-10,29.28100014,202009
2020-09-11,29.26860046,202009
2020-09-14,29.28199959,202009
2020-09-15,29.12299919,202009
2020-09-16,29.19499969,202009
2020-09-17,29.18000031,202009
2020-09-18,29.12210083,202009
2020-09-21,29.00499916,202009
2020-09-22,28.96870041,202009
2020-09-23,29.03300095,202009
2020-09-24,29.1923008,202009
2020-09-25,29.26409912,202009
2020-09-28,29.25180054,202009
2020-09-29,29.10000038,202009
2020-09-30,28.88999939,202009
2020-10-01,28.91200066,202010
2020-10-02,28.86700058,202010
2020-10-05,28.92000008,202010
2020-10-06,28.7052002,202010
2020-10-07,28.80699921,202010
2020-10-08,28.61300087,202010
2020-10-09,28.63170052,202010
2020-10-12,28.60099983,202010
2020-10-13,28.61000061,202010
2020-10-14,28.8355999,202010
2020-10-15,28.71800041,202010
2020-10-16,28.7329998,202010
2020-10-19,28.77199936,202010
2020-10-20,28.7133007,202010
2020-10-21,28.52300072,202010
2020-10-22,28.6760006,202010
2020-10-23,28.68099976,202010
2020-10-26,28.58300018,202010
2020-10-27,28.59679985,202010
2020-10-28,28.5739994,202010
2020-10-29,28.58300018,202010
2020-10-30,28.36560059,202010
2020-11-02,28.58359909,202011
2020-11-03,28.55830002,202011
2020-11-04,28.59460068,202011
2020-11-05,28.55170059,202011
2020-11-06,28.53129959,202011
2020-11-09,28.57500076,202011
2020-11-10,28.62540054,202011
2020-11-11,28.58709908,202011
2020-11-12,28.50869942,202011
2020-11-13,28.43199921,202011
2020-11-16,28.47999954,202011
2020-11-17,28.51510048,202011
2020-11-18,28.50099945,202011
2020-11-19,28.53000069,202011
2020-11-20,28.48699951,202011
2020-11-23,28.52630043,202011
2020-11-24,28.51790047,202011
2020-11-25,28.4673996,202011
2020-11-26,28.48019981,202011
2020-11-27,28.50970078,202011
2020-11-30,28.51799965,202011
2020-12-01,28.51670074,202012
2020-12-02,28.47299957,202012
2020-12-03,28.44099998,202012
2020-12-04,28.38829994,202012
2020-12-07,28.2159996,202012
2020-12-08,28.0,202012
2020-12-09,28.22570038,202012
2020-12-10,28.24300003,202012
2020-12-11,28.18670082,202012
2020-12-14,28.18199921,202012
2020-12-15,28.11199951,202012
2020-12-16,28.09799957,202012
2020-12-17,28.11529922,202012
2020-12-18,28.12800026,202012
2020-12-21,28.16900063,202012
2020-12-22,28.13999939,202012
2020-12-23,28.13080025,202012
2020-12-24,28.13500023,202012
2020-12-25,28.11400032,202012
2020-12-28,27.93899918,202012
2020-12-29,28.10700035,202012
2020-12-30,28.12459946,202012
2020-12-31,28.06999969,202012
2021-01-01,28.07869911,202101
2021-01-04,28.05400085,202101
2021-01-05,28.10099983,202101
2021-01-06,27.95499992,202101
2021-01-07,27.82999992,202101
2021-01-08,27.92679977,202101
2021-01-11,28.0170002,202101
2021-01-12,28.02070045,202101
2021-01-13,27.97800064,202101
2021-01-14,28.01799965,202101
2021-01-15,27.98690033,202101
2021-01-18,27.9822998,202101
2021-01-19,27.98220062,202101
2021-01-20,27.91500092,202101
2021-01-21,27.88999939,202101
2021-01-22,27.95879936,202101
2021-01-25,27.95159912,202101
2021-01-26,27.92000008,202101
2021-01-27,27.91799927,202101
2021-01-28,27.93300056,202101
2021-01-29,27.93260002,202101
2021-02-01,28.00099945,202102
2021-02-02,27.95030022,202102
2021-02-03,27.8579998,202102
2021-02-04,27.86400032,202102
2021-02-05,27.9029007,202102
2021-02-08,27.97360039,202102
2021-02-09,27.88089943,202102
2021-02-10,27.85390091,202102
2021-02-11,27.9612999,202102
2021-02-12,27.94309998,202102
2021-02-15,28.01499939,202102
2021-02-16,27.99399948,202102
2021-02-17,28.04000092,202102
2021-02-18,27.91869926,202102
2021-02-19,27.86079979,202102
2021-02-22,27.90780067,202102
2021-02-23,27.80940056,202102
2021-02-24,27.85020065,202102
2021-02-25,27.64999962,202102
2021-02-26,27.76499939,202102
2021-03-01,27.85499954,202103
2021-03-02,27.81900024,202103
2021-03-03,27.73999977,202103
2021-03-04,27.71999931,202103
2021-03-05,27.81299973,202103
2021-03-08,27.92749977,202103
2021-03-09,28.28300095,202103
2021-03-10,28.25200081,202103
2021-03-11,28.20199966,202103
2021-03-12,28.00099945,202103
2021-03-15,28.14570045,202103
2021-03-16,28.17670059,202103
2021-03-17,28.23649979,202103
2021-03-18,28.21759987,202103
2021-03-19,28.40469933,202103
2021-03-22,28.38610077,202103
2021-03-23,28.30859947,202103
2021-03-24,28.40299988,202103
2021-03-25,28.48069954,202103
2021-03-26,28.50329971,202103
2021-03-29,28.58550072,202103
2021-03-30,28.52750015,202103
2021-03-31,28.44109917,202103
2021-04-01,28.37439919,202104
2021-04-02,28.46170044,202104
2021-04-05,28.53050041,202104
2021-04-06,28.38710022,202104
2021-04-07,28.43180084,202104
2021-04-08,28.35040092,202104
2021-04-09,28.37070084,202104
2021-04-12,28.5,202104
2021-04-13,28.39360046,202104
2021-04-14,28.4137001,202104
2021-04-15,28.33370018,202104
2021-04-16,28.24530029,202104
2021-04-19,28.25499916,202104
2021-04-20,28.12700081,202104
2021-04-21,28.02599907,202104
2021-04-22,27.97999954,202104
2021-04-23,28.0862999,202104
2021-04-26,28.03199959,202104
2021-04-27,27.80800056,202104
2021-04-28,27.89719963,202104
2021-04-29,27.78300095,202104
2021-04-30,27.76600075,202104
2021-05-03,27.8465004,202105
2021-05-04,27.92399979,202105
2021-05-05,27.89319992,202105
2021-05-06,27.88500023,202105
2021-05-07,27.94799995,202105
2021-05-10,27.75279999,202105
2021-05-11,27.73130035,202105
2021-05-12,27.91699982,202105
2021-05-13,28.02400017,202105
2021-05-14,27.93700027,202105
2021-05-17,27.9598999,202105
2021-05-18,28.05419922,202105
2021-05-19,27.96549988,202105
2021-05-20,27.89089966,202105
2021-05-21,27.95050049,202105
2021-05-24,27.9489994,202105
2021-05-25,28.01239967,202105
2021-05-26,27.82049942,202105
2021-05-27,27.66799927,202105
2021-05-28,27.78700066,202105
2021-05-31,27.62000084,202105
2021-06-01,27.51670074,202106
2021-06-02,27.58180046,202106
2021-06-03,27.54400063,202106
2021-06-04,27.62380028,202106
2021-06-07,27.5359993,202106
2021-06-08,27.62280083,202106
2021-06-09,27.58690071,202106
2021-06-10,27.77949905,202106
2021-06-11,27.55750084,202106
2021-06-14,27.64100075,202106
2021-06-15,27.63680077,202106
2021-06-16,27.56119919,202106
2021-06-17,27.6779995,202106
2021-06-18,27.68499947,202106
2021-06-21,27.78100014,202106
2021-06-22,27.94750023,202106
2021-06-23,27.95030022,202106
2021-06-24,28.03470039,202106
2021-06-25,27.90609932,202106
2021-06-28,27.86580086,202106
2021-06-29,27.81599998,202106
2021-06-30,27.87590027,202106
2021-07-01,27.81800079,202107
2021-07-02,27.87899971,202107
2021-07-05,27.93799973,202107
2021-07-06,27.96879959,202107
2021-07-07,27.89690018,202107
2021-07-08,27.88159943,202107
2021-07-09,27.95999908,202107
2021-07-12,27.95100021,202107
2021-07-13,27.95919991,202107
2021-07-14,28.01919937,202107
2021-07-15,27.96660042,202107
2021-07-16,27.87969971,202107
2021-07-19,27.97200012,202107
2021-07-20,28.07729912,202107
2021-07-21,27.99909973,202107
2021-07-22,27.96159935,202107
2021-07-23,27.99570084,202107
2021-07-26,28.0182991,202107
2021-07-27,28.04719925,202107
2021-07-28,28.02389908,202107
2021-07-29,27.89900017,202107
2021-07-30,27.84499931,202107
2021-08-02,27.92410088,202108
2021-08-03,27.92090034,202108
2021-08-04,27.85029984,202108
2021-08-05,27.7147007,202108
2021-08-06,27.72640038,202108
2021-08-09,27.82229996,202108
2021-08-10,27.78560066,202108
2021-08-11,27.82620049,202108
2021-08-12,27.79150009,202108
2021-08-13,27.79649925,202108
2021-08-16,27.80800056,202108
2021-08-17,27.78969955,202108
2021-08-18,27.89940071,202108
2021-08-19,27.84219933,202108
2021-08-20,28.01799965,202108
2021-08-23,27.97100067,202108
2021-08-24,27.90119934,202108
2021-08-25,27.89310074,202108
2021-08-26,27.88489914,202108
2021-08-27,27.91659927,202108
2021-08-30,27.87299919,202108
2021-08-31,27.72920036,202108
2021-09-01,27.56870079,202109
2021-09-02,27.67160034,202109
2021-09-03,27.62660027,202109
2021-09-06,27.60700035,202109
2021-09-07,27.53310013,202109
2021-09-08,27.59119987,202109
2021-09-09,27.67070007,202109
2021-09-10,27.62960052,202109
2021-09-13,27.65049934,202109
2021-09-14,27.63940048,202109
2021-09-15,27.63559914,202109
2021-09-16,27.61269951,202109
2021-09-17,27.69300079,202109
2021-09-20,27.78199959,202109
2021-09-21,27.76600075,202109
2021-09-22,27.71859932,202109
2021-09-23,27.70389938,202109
2021-09-24,27.68499947,202109
2021-09-27,27.72699928,202109
2021-09-28,27.6541996,202109
2021-09-29,27.73810005,202109
2021-09-30,27.81240082,202109
2021-10-01,27.83659935,202110
2021-10-04,27.75399971,202110
2021-10-05,27.88229942,202110
2021-10-06,27.87100029,202110
2021-10-07,27.95100021,202110
2021-10-08,27.96850014,202110
2021-10-11,28.04999924,202110
2021-10-12,28.04299927,202110
2021-10-13,28.12870026,202110
2021-10-14,27.99950027,202110
2021-10-15,27.98889923,202110
2021-10-18,28.0,202110
2021-10-19,27.94919968,202110
2021-10-20,27.82629967,202110
2021-10-21,27.80599976,202110
2021-10-22,27.81850052,202110
2021-10-25,27.83699989,202110
2021-10-26,27.80620003,202110
2021-10-27,27.79630089,202110
2021-10-28,27.76250076,202110
2021-10-29,27.72330093,202110
2021-11-01,27.81669998,202111
2021-11-02,27.80109978,202111
2021-11-03,27.85849953,202111
2021-11-04,27.78949928,202111
2021-11-05,27.87409973,202111
2021-11-08,27.83009911,202111
2021-11-09,27.80120087,202111
2021-11-10,27.73130035,202111
2021-11-11,27.75900078,202111
2021-11-12,27.80170059,202111
2021-11-15,27.78129959,202111
2021-11-16,27.75250053,202111
2021-11-17,27.80069923,202111
2021-11-18,27.74069977,202111
2021-11-19,27.8064003,202111
2021-11-22,27.79299927,202111
2021-11-23,27.76950073,202111
2021-11-24,27.75139999,202111
2021-11-25,27.7677002,202111
2021-11-26,27.76469994,202111
2021-11-29,27.85390091,202111
2021-11-30,27.74559975,202111
2021-12-01,27.57869911,202112
2021-12-02,27.60449982,202112
2021-12-03,27.67869949,202112
2021-12-06,27.65719986,202112
2021-12-07,27.65920067,202112
2021-12-08,27.74259949,202112
2021-12-09,27.63069916,202112
2021-12-10,27.68560028,202112
2021-12-13,27.63599968,202112
2021-12-14,27.7458992,202112
2021-12-15,27.78420067,202112
2021-12-16,27.73970032,202112
2021-12-17,27.75769997,202112
2021-12-20,27.82719994,202112
2021-12-21,27.81539917,202112
2021-12-22,27.73019981,202112
2021-12-23,27.71100044,202112
2021-12-24,27.62470055,202112
2021-12-27,27.67930031,202112
2021-12-28,27.68370056,202112
2021-12-29,27.53499985,202112
2021-12-30,27.61739922,202112
2021-12-31,27.65870094,202112
2022-01-03,27.70210075,202201
2022-01-04,27.62470055,202201
2022-01-05,27.51549911,202201
2022-01-06,27.59639931,202201
2022-01-07,27.62000084,202201
2022-01-10,27.65800095,202201
2022-01-11,27.59889984,202201
2022-01-12,27.62700081,202201
2022-01-13,27.59860039,202201
2022-01-14,27.56599998,202201
2022-01-17,27.53800011,202201
2022-01-18,27.42370033,202201
2022-01-19,27.51619911,202201
2022-01-20,27.54759979,202201
2022-01-21,27.61569977,202201
2022-01-24,27.69120026,202201
2022-01-25,27.66390038,202201
2022-01-26,27.69799995,202201
2022-01-27,27.66449928,202201
2022-01-28,27.75650024,202201
2022-01-31,27.82699966,202201
2022-02-01,27.77039909,202202
2022-02-02,27.74230003,202202
2022-02-03,27.75079918,202202
2022-02-04,27.7439003,202202
2022-02-07,27.79999924,202202
2022-02-08,27.82600021,202202
2022-02-09,27.80520058,202202
2022-02-10,27.78070068,202202
2022-02-11,27.82640076,202202
2022-02-14,27.90600014,202202
2022-02-15,27.86179924,202202
2022-02-16,27.82069969,202202
2022-02-17,27.81080055,202202
2022-02-18,27.83670044,202202
2022-02-21,27.87000084,202202
2022-02-22,27.81240082,202202
2022-02-23,27.83740044,202202
2022-02-24,27.87269974,202202
2022-02-25,28.06719971,202202
2022-02-28,27.96279907,202202
2022-03-01,27.97559929,202203
2022-03-02,28.04680061,202203
2022-03-03,27.97050095,202203
2022-03-04,28.05050087,202203
2022-03-07,28.12599945,202203
2022-03-08,28.27589989,202203
2022-03-09,28.30340004,202203
2022-03-10,28.26799965,202203
2022-03-11,28.30069923,202203
2022-03-14,28.4109993,202203
2022-03-15,28.51099968,202203
2022-03-16,28.51889992,202203
2022-03-17,28.37899971,202203
2022-03-18,28.1779995,202203
2022-03-21,28.3560009,202203
2022-03-22,28.40999985,202203
2022-03-23,28.4673996,202203
2022-03-24,28.55970001,202203
2022-03-25,28.6515007,202203
2022-03-28,28.66900063,202203
2022-03-29,28.78370094,202203
2022-03-30,28.62829971,202203
2022-03-31,28.52560043,202203
2022-04-01,28.61569977,202204
2022-04-04,28.66799927,202204
2022-04-05,28.58849907,202204
2022-04-06,28.65320015,202204
2022-04-07,28.72540092,202204
2022-04-08,28.79870033,202204
2022-04-11,28.89100075,202204
2022-04-12,29.03100014,202204
2022-04-13,29.03800011,202204
2022-04-14,28.86669922,202204
2022-04-15,28.96619987,202204
2022-04-18,29.11100006,202204
2022-04-19,29.2140007,202204
2022-04-20,29.25370026,202204
2022-04-21,29.16349983,202204
2022-04-22,29.28899956,202204
2022-04-25,29.31100082,202204
2022-04-26,29.19370079,202204
2022-04-27,29.30069923,202204
2022-04-28,29.37470055,202204
2022-04-29,29.45269966,202204
2022-05-02,29.43400002,202205
2022-05-03,29.48460007,202205
2022-05-04,29.42210007,202205
2022-05-05,29.23999977,202205
2022-05-06,29.6067009,202205
2022-05-09,29.64999962,202205
2022-05-10,29.75099945,202205
2022-05-11,29.64170074,202205
2022-05-12,29.68899918,202205
2022-05-13,29.82150078,202205
2022-05-16,29.78199959,202205
2022-05-17,29.71190071,202205
2022-05-18,29.60580063,202205
2022-05-19,29.74020004,202205
2022-05-20,29.60050011,202205
2022-05-23,29.71299934,202205
2022-05-24,29.48999977,202205
2022-05-25,29.53170013,202205
2022-05-26,29.40999985,202205
2022-05-27,29.31299973,202205
2022-05-30,29.29599953,202205
2022-05-31,28.83099937,202205
2022-06-01,28.99150085,202206
2022-06-02,29.12829971,202206
2022-06-03,29.10099983,202206
2022-06-06,29.36100006,202206
2022-06-07,29.38129997,202206
2022-06-08,29.40500069,202206
2022-06-09,29.43880081,202206
2022-06-10,29.58569908,202206
2022-06-13,29.6420002,202206
2022-06-14,29.68869972,202206
2022-06-15,29.57769966,202206
2022-06-16,29.40500069,202206
2022-06-17,29.69599915,202206
2022-06-20,29.70199966,202206
2022-06-21,29.70299911,202206
2022-06-22,29.72400093,202206
2022-06-23,29.67169952,202206
2022-06-24,29.61310005,202206
2022-06-27,29.69400024,202206
2022-06-28,29.43000031,202206
2022-06-29,29.67099953,202206
2022-06-30,29.66500092,202206
2022-07-01,29.65570068,202207
2022-07-04,29.79599953,202207
2022-07-05,29.69000053,202207
2022-07-06,29.78070068,202207
2022-07-07,29.78800011,202207
2022-07-08,29.75200081,202207
2022-07-11,29.75200081,202207
2022-07-12,29.86319923,202207
2022-07-13,29.86499977,202207
2022-07-14,29.76600075,202207
2022-07-15,29.91869926,202207
2022-07-18,29.9109993,202207
2022-07-19,29.81999969,202207
2022-07-20,29.7859993,202207
2022-07-21,29.88069916,202207
2022-07-22,29.88030052,202207
2022-07-25,29.8010006,202207
2022-07-26,29.82799911,202207
2022-07-27,29.92029953,202207
2022-07-28,29.85930061,202207
2022-07-29,29.91500092,202207
2022-08-01,30.00200081,202208
2022-08-02,30.16799927,202208
2022-08-03,29.96629906,202208
2022-08-04,29.94199944,202208
2022-08-05,29.95170021,202208
2022-08-08,29.94499969,202208
2022-08-09,30.0007,202208
2022-08-10,30.02799988,202208
2022-08-11,29.91040039,202208
2022-08-12,29.94930077,202208
2022-08-15,29.94300079,202208
2022-08-16,29.98270035,202208
2022-08-17,29.94379997,202208
2022-08-18,29.93569946,202208
2022-08-19,29.97369957,202208
2022-08-22,30.10199928,202208
2022-08-23,30.13170052,202208
2022-08-24,30.17000008,202208
2022-08-25,30.20499992,202208
2022-08-26,30.18799973,202208
2022-08-29,30.28100014,202208
2022-08-30,30.36800003,202208
2022-08-31,30.43670082,202208
2022-09-01,30.33270073,202209
2022-09-02,30.54820061,202209
2022-09-05,30.61300087,202209
2022-09-06,30.68600082,202209
2022-09-07,30.79870033,202209
2022-09-08,30.8477993,202209
2022-09-09,30.8586998,202209
2022-09-12,30.85000038,202209
2022-09-13,30.88299942,202209
2022-09-14,31.11870003,202209
2022-09-15,31.06900024,202209
2022-09-16,31.22200012,202209
2022-09-19,31.26099968,202209
2022-09-20,31.3220005,202209
2022-09-21,31.3390007,202209
2022-09-22,31.45000076,202209
2022-09-23,31.53829956,202209
2022-09-26,31.79100037,202209
2022-09-27,31.82299995,202209
2022-09-28,31.67499924,202209
2022-09-29,31.67099953,202209
2022-09-30,31.63050079,202209
2022-10-03,31.8029995,202210
2022-10-04,31.78370094,202210
2022-10-05,31.62800026,202210
2022-10-06,31.52350044,202210
2022-10-07,31.53899956,202210
2022-10-10,31.71100044,202210
2022-10-11,31.7928009,202210
2022-10-12,31.82530022,202210
2022-10-13,31.77420044,202210
2022-10-14,31.84860039,202210
2022-10-17,31.96199989,202210
2022-10-18,31.98800087,202210
2022-10-19,32.01699829,202210
2022-10-20,32.15200043,202210
2022-10-21,32.09400177,202210
2022-10-24,32.18000031,202210
2022-10-25,32.31129837,202210
2022-10-26,32.22700119,202210
2022-10-27,31.96290016,202210
2022-10-28,32.04299927,202210
2022-10-31,32.11399841,202210
2022-11-01,32.24769974,202211
2022-11-02,32.12400055,202211
2022-11-03,32.24750137,202211
2022-11-04,32.15000153,202211
2022-11-07,31.99900055,202211
2022-11-08,31.85000038,202211
2022-11-09,31.78980064,202211
2022-11-10,31.91200066,202211
2022-11-11,31.40200043,202211
2022-11-14,31.09659958,202211
2022-11-15,30.88899994,202211
2022-11-16,31.07900047,202211
2022-11-17,31.03499985,202211
2022-11-18,31.02499962,202211
2022-11-21,31.11129951,202211
2022-11-22,31.13100052,202211
2022-11-23,31.10720062,202211
2022-11-24,31.07970047,202211
2022-11-25,30.91300011,202211
2022-11-28,30.92849922,202211
2022-11-29,31.0060997,202211
2022-11-30,30.94599915,202211
2022-12-01,30.77799988,202212
2022-12-02,30.58779907,202212
2022-12-05,30.53800011,202212
2022-12-06,30.56299973,202212
2022-12-07,30.63349915,202212
2022-12-08,30.63699913,202212
2022-12-09,30.46299934,202212
2022-12-12,30.69370079,202212
2022-12-13,30.68000031,202212
2022-12-14,30.60099983,202212
2022-12-15,30.48430061,202212
2022-12-16,30.80999947,202212
2022-12-19,30.77079964,202212
2022-12-20,30.78569984,202212
2022-12-21,30.72400093,202212
2022-12-22,30.67900085,202212
2022-12-23,30.73999977,202212
2022-12-26,30.74510002,202212
2022-12-27,30.71899986,202212
2022-12-28,30.7220993,202212
2022-12-29,30.72800064,202212
2022-12-30,30.68009949,202212
2023-01-02,30.64780045,202301
2023-01-03,30.7201004,202301
2023-01-04,30.65029907,202301
2023-01-05,30.68799973,202301
2023-01-06,30.62299919,202301
2023-01-09,30.56150055,202301
2023-01-10,30.46199989,202301
2023-01-11,30.43260002,202301
2023-01-12,30.43499947,202301
2023-01-13,30.32550049,202301
2023-01-16,30.27930069,202301
2023-01-17,30.32900047,202301
2023-01-18,30.27630043,202301
2023-01-19,30.18499947,202301
2023-01-20,30.3390007,202301
2023-01-23,30.31769943,202301
2023-01-24,30.29299927,202301
2023-01-25,30.26749992,202301
2023-01-26,30.24760056,202301
2023-01-27,30.20879936,202301
2023-01-30,30.25600052,202301
2023-01-31,30.09499931,202301
2023-02-01,30.03100014,202302
2023-02-02,29.53300095,202302
2023-02-03,29.54299927,202302
2023-02-06,29.96579933,202302
2023-02-07,29.99830055,202302
2023-02-08,30.02709961,202302
2023-02-09,30.04150009,202302
2023-02-10,30.00300026,202302
2023-02-13,30.18079948,202302
2023-02-14,30.21999931,202302
2023-02-15,30.24869919,202302
2023-02-16,30.30200005,202302
2023-02-17,30.25300026,202302
2023-02-20,30.37330055,202302
2023-02-21,30.36450005,202302
2023-02-22,30.48450089,202302
2023-02-23,30.47529984,202302
2023-02-24,30.28300095,202302
2023-02-27,30.65679932,202302
2023-02-28,30.5977993,202302
2023-03-01,30.64579964,202303
2023-03-02,30.56069946,202303
2023-03-03,30.60149956,202303
2023-03-06,30.49860001,202303
2023-03-07,30.57500076,202303
2023-03-08,30.72629929,202303
2023-03-09,30.72480011,202303
2023-03-10,30.81389999,202303
2023-03-13,30.82869911,202303
2023-03-14,30.45499992,202303
2023-03-15,30.37899971,202303
2023-03-16,30.52000046,202303
2023-03-17,30.54899979,202303
2023-03-20,30.61800003,202303
2023-03-21,30.50600052,202303
2023-03-22,30.48010063,202303
2023-03-23,30.35000038,202303
2023-03-24,30.13800049,202303
2023-03-27,30.32099915,202303
2023-03-28,30.16300011,202303
2023-03-29,30.34499931,202303
2023-03-30,30.51600075,202303
2023-03-31,30.35199928,202303
2023-04-03,30.52499962,202304
2023-04-04,30.47859955,202304
2023-04-05,30.38529968,202304
2023-04-06,30.54080009,202304
2023-04-07,30.51040077,202304
2023-04-10,30.39299965,202304
2023-04-11,30.52219963,202304
2023-04-12,30.47990036,202304
2023-04-13,30.44650078,202304
2023-04-14,30.45100021,202304
2023-04-17,30.50600052,202304
2023-04-18,30.46649933,202304
2023-04-19,30.45190048,202304
2023-04-20,30.53750038,202304
2023-04-21,30.55929947,202304
2023-04-24,30.625,202304
2023-04-25,30.5720005,202304
2023-04-26,30.69370079,202304
2023-04-27,30.62829971,202304
2023-04-28,30.62680054,202304
2023-05-01,30.74600029,202305
2023-05-02,30.72879982,202305
2023-05-03,30.7548008,202305
2023-05-04,30.64679909,202305
2023-05-05,30.62789917,202305
2023-05-08,30.57799911,202305
2023-05-09,30.58799934,202305
2023-05-10,30.64979935,202305
2023-05-11,30.61440086,202305
2023-05-12,30.69790077,202305
2023-05-15,30.80999947,202305
2023-05-16,30.74300003,202305
2023-05-17,30.77779961,202305
2023-05-18,30.79129982,202305
2023-05-19,30.69029999,202305
2023-05-22,30.62000084,202305
2023-05-23,30.6609993,202305
2023-05-24,30.80540085,202305
2023-05-25,30.8083992,202305
2023-05-26,30.75979996,202305
2023-05-29,30.68499947,202305
2023-05-30,30.5359993,202305
2023-05-31,30.56130028,202305
2023-06-01,30.64590073,202306
2023-06-02,30.58279991,202306
2023-06-05,30.66699982,202306
2023-06-06,30.64579964,202306
2023-06-07,30.6317997,202306
2023-06-08,30.71290016,202306
2023-06-09,30.64579964,202306
2023-06-12,30.6609993,202306
2023-06-13,30.7112999,202306
2023-06-14,30.57799911,202306
2023-06-15,30.73130035,202306
2023-06-16,30.65329933,202306
2023-06-19,30.70800018,202306
2023-06-20,30.79179955,202306
2023-06-21,30.95330048,202306
2023-06-22,30.92300034,202306
2023-06-23,30.99379921,202306
2023-06-26,30.99699974,202306
2023-06-27,31.00399971,202306
2023-06-28,30.99349976,202306
2023-06-29,31.05649948,202306
2023-06-30,31.11730003,202306
2023-07-03,31.14599991,202307
2023-07-04,31.08779907,202307
2023-07-05,31.07799911,202307
2023-07-06,31.2241993,202307
2023-07-07,31.32690048,202307
2023-07-10,31.25900078,202307
2023-07-11,31.36000061,202307
2023-07-12,31.26549911,202307
2023-07-13,31.03380013,202307
2023-07-14,30.95779991,202307
2023-07-17,30.95000076,202307
2023-07-18,30.95000076,202307
2023-07-19,30.90299988,202307
2023-07-20,31.04330063,202307
2023-07-21,31.03779984,202307
2023-07-24,31.3220005,202307
2023-07-25,31.29999924,202307
2023-07-26,31.16600037,202307
2023-07-27,31.2140007,202307
2023-07-28,31.29630089,202307
2023-07-31,31.35350037,202307
2023-08-01,31.39889908,202308
2023-08-02,31.59499931,202308
2023-08-03,31.63010025,202308
2023-08-04,31.64049911,202308
2023-08-07,31.65200043,202308
2023-08-08,31.66550064,202308
2023-08-09,31.7954998,202308
2023-08-10,31.70899963,202308
2023-08-11,31.74150085,202308
2023-08-14,31.8939991,202308
2023-08-15,31.90399933,202308
2023-08-16,31.86490059,202308
2023-08-17,31.91279984,202308
2023-08-18,31.89640045,202308
2023-08-21,31.90200043,202308
2023-08-22,31.91620064,202308
2023-08-23,31.97699928,202308
2023-08-24,31.85580063,202308
2023-08-25,31.81410027,202308
2023-08-28,31.81200027,202308
2023-08-29,31.81800079,202308
2023-08-30,31.7670002,202308
2023-08-31,31.79879951,202308
2023-09-01,31.80780029,202309
2023-09-04,31.86300087,202309
2023-09-05,31.85779953,202309
2023-09-06,31.90449905,202309
2023-09-07,31.93390083,202309
2023-09-08,32.03139877,202309
2023-09-11,32.08499908,202309
2023-09-12,31.90649986,202309
2023-09-13,31.96380043,202309
2023-09-14,31.89489937,202309
2023-09-15,31.8689003,202309
2023-09-18,31.87800026,202309
2023-09-19,31.89850044,202309
2023-09-20,31.97999954,202309
2023-09-21,32.00889969,202309
2023-09-22,32.13800049,202309
2023-09-25,32.13100052,202309
2023-09-26,32.10279846,202309
2023-09-27,32.18980026,202309
2023-09-28,32.22579956,202309
2023-09-29,32.06079865,202309
2023-10-02,32.24499893,202310
2023-10-03,32.30680084,202310
2023-10-04,32.31169891,202310
2023-10-05,32.29119873,202310
2023-10-06,32.20370102,202310
2023-10-09,32.11800003,202310
2023-10-10,32.13729858,202310
2023-10-11,32.01649857,202310
2023-10-12,32.05920029,202310
2023-10-13,32.1697998,202310
2023-10-16,32.19490051,202310
2023-10-17,32.18650055,202310
2023-10-18,32.32500076,202310
2023-10-19,32.39530182,202310
2023-10-20,32.34830093,202310
2023-10-23,32.33200073,202310
2023-10-24,32.23600006,202310
2023-10-25,32.20399857,202310
2023-10-26,32.38029861,202310
2023-10-27,32.35889816,202310
2023-10-30,32.41400146,202310
2023-10-31,32.24750137,202310
2023-11-01,32.4029007,202311
2023-11-02,32.37680054,202311
2023-11-03,32.1590004,202311
2023-11-06,32.08940125,202311
2023-11-07,32.10200119,202311
2023-11-08,32.0802002,202311
2023-11-09,32.2159996,202311
2023-11-10,32.25350189,202311
2023-11-13,32.34579849,202311
2023-11-14,32.24449921,202311
2023-11-15,32.07699966,202311
2023-11-16,32.00859833,202311
2023-11-17,31.83699989,202311
2023-11-20,31.73469925,202311
2023-11-21,31.46800041,202311
2023-11-22,31.37400055,202311
2023-11-23,31.51799965,202311
2023-11-24,31.61400032,202311
2023-11-27,31.63599968,202311
2023-11-28,31.52499962,202311
2023-11-29,31.27199936,202311
2023-11-30,31.06900024,202311
2023-12-01,31.37400055,202312
2023-12-04,31.18899918,202312
2023-12-05,31.42359924,202312
2023-12-06,31.51600075,202312
2023-12-07,31.4890995,202312
2023-12-08,31.42700005,202312
2023-12-11,31.40950012,202312
2023-12-12,31.32799911,202312
2023-12-13,31.47310066,202312
2023-12-14,31.15699959,202312
2023-12-15,31.18429947,202312
2023-12-18,31.3477993,202312
2023-12-19,31.375,202312
2023-12-20,31.27000046,202312
2023-12-21,31.30999947,202312
2023-12-22,31.19300079,202312
2023-12-25,31.07999992,202312
2023-12-26,31.11969948,202312
2023-12-27,30.94300079,202312
2023-12-28,30.84569931,202312
2023-12-29,30.69799995,202312
2024-01-01,30.6821003,202401
2024-01-02,30.66860008,202401
2024-01-03,30.87899971,202401
2024-01-04,31.04190063,202401
2024-01-05,31.05400085,202401
2024-01-08,30.95199966,202401
2024-01-09,30.72100067,202401
2024-01-10,31.06110001,202401
2024-01-11,31.11779976,202401
2024-01-12,30.8939991,202401
2024-01-15,31.07559967,202401
2024-01-16,31.19499969,202401
2024-01-17,31.45800018,202401
2024-01-18,31.54249954,202401
2024-01-19,31.58060074,202401
2024-01-22,31.38380051,202401
2024-01-23,31.36800003,202401
2024-01-24,31.39500046,202401
2024-01-25,31.29199982,202401
2024-01-26,31.31500053,202401
2024-01-29,31.2730999,202401
2024-01-30,31.18499947,202401
2024-01-31,31.15909958,202401
2024-02-01,31.24500084,202402
2024-02-02,31.23399925,202402
2024-02-05,31.32579994,202402
2024-02-06,31.34029961,202402
2024-02-07,31.20199966,202402
2024-02-08,31.36680031,202402
2024-02-09,31.30330086,202402
2024-02-12,31.36779976,202402
2024-02-13,31.28840065,202402
2024-02-14,31.46870041,202402
2024-02-15,31.3451004,202402
2024-02-16,31.26269913,202402
2024-02-19,31.33320045,202402
2024-02-20,31.40209961,202402
2024-02-21,31.37779999,202402
2024-02-22,31.42630005,202402
2024-02-23,31.45400047,202402
2024-02-26,31.60199928,202402
2024-02-27,31.54870033,202402
2024-02-28,31.57600021,202402
2024-02-29,31.64789963,202402
2024-03-01,31.61490059,202403
2024-03-04,31.55929947,202403
2024-03-05,31.50930023,202403
2024-03-06,31.54050064,202403
2024-03-07,31.4640007,202403
2024-03-08,31.43479919,202403
2024-03-11,31.45299911,202403
2024-03-12,31.36219978,202403
2024-03-13,31.3987999,202403
2024-03-14,31.40660095,202403
2024-03-15,31.52599907,202403
2024-03-18,31.60370064,202403
2024-03-19,31.64100075,202403
2024-03-20,31.73040009,202403
2024-03-21,31.7621994,202403
2024-03-22,31.88299942,202403
2024-03-25,31.93499947,202403
2024-03-26,31.73399925,202403
2024-03-27,31.88529968,202403
2024-03-28,31.97940063,202403
2024-03-29,32.01810074,202403
2024-04-01,31.93400002,202404
2024-04-02,32.01499939,202404
2024-04-03,32.03900146,202404
2024-04-04,31.96870041,202404
2024-04-05,32.04800034,202404
2024-04-08,32.11119843,202404
2024-04-09,32.07279968,202404
2024-04-10,31.96619987,202404
2024-04-11,32.18299866,202404
2024-04-12,32.22449875,202404
2024-04-15,32.25400162,202404
2024-04-16,32.38880157,202404
2024-04-17,32.4978981,202404
2024-04-18,32.33800125,202404
2024-04-19,32.41590118,202404
2024-04-22,32.50400162,202404
2024-04-23,32.58300018,202404
2024-04-24,32.50350189,202404
2024-04-25,32.62730026,202404
2024-04-26,32.53099823,202404
2024-04-29,32.55899811,202404
2024-04-30,32.43399811,202404
2024-05-01,32.61380005,202405
2024-05-02,32.47600174,202405
2024-05-03,32.34600067,202405
2024-05-06,32.27690125,202405
2024-05-07,32.26300049,202405
2024-05-08,32.36380005,202405
2024-05-09,32.33300018,202405
2024-05-10,32.33879852,202405
2024-05-13,32.42399979,202405
2024-05-14,32.37149811,202405
2024-05-15,32.31370163,202405
2024-05-16,32.03129959,202405
2024-05-17,32.12379837,202405
2024-05-20,32.16400146,202405
2024-05-21,32.2057991,202405
2024-05-22,32.23479843,202405
2024-05-23,32.22389984,202405
2024-05-24,32.22079849,202405
2024-05-27,32.18899918,202405
2024-05-28,32.06999969,202405
2024-05-29,32.17380142,202405
2024-05-30,32.3769989,202405
2024-05-31,32.35639954,202405
2024-06-03,32.46500015,202406
2024-06-04,32.31430054,202406
2024-06-05,32.3288002,202406
2024-06-06,32.2519989,202406
2024-06-07,32.20890045,202406
2024-06-10,32.40499878,202406
2024-06-11,32.33399963,202406
2024-06-12,32.31579971,202406
2024-06-13,32.20100021,202406
2024-06-14,32.29899979,202406
2024-06-17,32.34899902,202406
2024-06-18,32.30099869,202406
2024-06-19,32.34749985,202406
2024-06-20,32.38079834,202406
2024-06-21,32.3409996,202406
2024-06-24,32.36299896,202406
2024-06-25,32.32149887,202406
2024-06-26,32.4734993,202406
2024-06-27,32.58229828,202406
2024-06-28,32.52199936,202406
2024-07-01,32.50400162,202407
2024-07-02,32.52170181,202407
2024-07-03,32.57279968,202407
2024-07-04,32.62149811,202407
2024-07-05,32.50659943,202407
2024-07-08,32.39300156,202407
2024-07-09,32.47100067,202407
2024-07-10,32.50749969,202407
2024-07-11,32.5868988,202407
2024-07-12,32.38679886,202407
2024-07-15,32.54800034,202407
2024-07-16,32.57400131,202407
2024-07-17,32.56330109,202407
2024-07-18,32.49079895,202407
2024-07-19,32.63899994,202407
2024-07-22,32.78099823,202407
2024-07-23,32.80849838,202407
2024-07-24,32.75130081,202407
2024-07-25,32.71480179,202407
2024-07-26,32.64300156,202407
2024-07-29,32.79800034,202407
2024-07-30,32.84930038,202407
2024-07-31,32.76150131,202407
2024-08-01,32.57229996,202408
2024-08-02,32.71649933,202408
2024-08-05,32.58890152,202408
2024-08-06,32.67900085,202408
2024-08-07,32.77799988,202408
2024-08-08,32.65000153,202408
2024-08-09,32.41019821,202408
2024-08-12,32.43500137,202408
2024-08-13,32.23899841,202408
2024-08-14,32.30500031,202408
2024-08-15,31.99500084,202408
2024-08-16,32.44250107,202408
2024-08-19,32.13550186,202408
2024-08-20,31.91049957,202408
2024-08-21,31.89500046,202408
2024-08-22,31.69499969,202408
2024-08-23,32.03499985,202408
2024-08-26,31.75449944,202408
2024-08-27,31.80900002,202408
2024-08-28,31.69499969,202408
2024-08-29,31.9829998,202408
2024-08-30,31.8579998,202408
2024-09-02,31.99600029,202409
2024-09-03,31.93099976,202409
2024-09-04,31.9810009,202409
2024-09-05,31.95499992,202409
2024-09-06,32.00699997,202409
2024-09-09,32.02590179,202409
2024-09-10,32.10800171,202409
2024-09-11,32.15800095,202409
2024-09-12,32.10699844,202409
2024-09-13,31.92300034,202409
2024-09-16,31.93799973,202409
2024-09-17,31.86300087,202409
2024-09-18,31.93950081,202409
2024-09-19,31.77899933,202409
2024-09-20,31.76799965,202409
2024-09-23,31.98900032,202409
2024-09-24,31.93300056,202409
2024-09-25,31.70000076,202409
2024-09-26,31.86300087,202409
2024-09-27,31.45999908,202409
2024-09-30,31.57500076,202409
2024-10-01,31.57999992,202410
2024-10-02,31.76199913,202410
2024-10-03,31.81200027,202410
2024-10-04,32.01800156,202410
2024-10-07,32.34000015,202410
2024-10-08,32.12179947,202410
2024-10-09,32.16999817,202410
2024-10-10,32.22750092,202410
2024-10-11,32.19549942,202410
2024-10-14,32.13000107,202410
2024-10-15,32.15200043,202410
2024-10-16,32.17100143,202410
2024-10-17,32.13499832,202410
2024-10-18,32.06800079,202410
2024-10-21,32.04199982,202410
2024-10-22,32.05099869,202410
2024-10-23,32.01399994,202410
2024-10-24,32.00400162,202410
2024-10-25,31.98380089,202410
2024-10-28,32.06380081,202410
2024-10-29,32.01380157,202410
2024-10-30,32.00299835,202410
2024-10-31,31.8654995,202410
2024-11-01,31.8628006,202411
2024-11-04,31.92280006,202411
2024-11-05,31.91200066,202411
2024-11-06,31.82229996,202411
2024-11-07,32.33459854,202411
2024-11-08,32.0340004,202411
2024-11-11,32.23500061,202411
2024-11-12,32.37480164,202411
2024-11-13,32.41479874,202411
2024-11-14,32.40800095,202411
2024-11-15,32.53720093,202411
2024-11-18,32.46179962,202411
2024-11-19,32.44229889,202411
2024-11-20,32.32550049,202411
2024-11-21,32.4715004,202411
2024-11-22,32.50529861,202411
2024-11-25,32.56850052,202411
2024-11-26,32.33200073,202411
2024-11-27,32.40499878,202411
2024-11-28,32.41479874,202411
2024-11-29,32.49430084,202411
2024-12-02,32.43899918,202412
2024-12-03,32.59149933,202412
2024-12-04,32.4640007,202412
2024-12-05,32.31299973,202412
2024-12-06,32.32279968,202412
2024-12-09,32.38800049,202412
2024-12-10,32.37080002,202412
2024-12-11,32.5237999,202412
2024-12-12,32.4858017,202412
2024-12-13,32.4659996,202412
2024-12-16,32.49829865,202412
2024-12-17,32.41699982,202412
2024-12-18,32.42979813,202412
2024-12-19,32.6780014,202412
2024-12-20,32.63000107,202412
2024-12-23,32.61600113,202412
2024-12-24,32.60800171,202412
2024-12-25,32.61399841,202412
2024-12-26,32.707901,202412
2024-12-27,32.7215004,202412
2024-12-30,32.80849838,202412
2024-12-31,32.75999832,202412
2025-01-02,32.80099869,202501
2025-01-03,32.86980057,202501
2025-01-06,32.91230011,202501
2025-01-07,32.7358017,202501
2025-01-08,32.72449875,202501
2025-01-09,32.92029953,202501
2025-01-10,32.83100128,202501
2025-01-13,33.09629822,202501
2025-01-14,33.05450058,202501
2025-01-15,32.95240021,202501
2025-01-16,32.79600143,202501
2025-01-17,32.8429985,202501
2025-01-20,32.90999985,202501
2025-01-21,32.31600189,202501
2025-01-22,32.58399963,202501
2025-01-23,32.58100128,202501
2025-01-24,32.64039993,202501
2025-01-27,32.73329926,202501
2025-01-28,32.90629959,202501
2025-01-29,32.86510086,202501
2025-01-30,32.71300125,202501
2025-01-31,32.93849945,202501
2025-02-03,32.82799911,202502
2025-02-04,32.98699951,202502
2025-02-05,32.89160156,202502
2025-02-06,32.82180023,202502
2025-02-07,32.79600143,202502
2025-02-10,32.82789993,202502
2025-02-11,32.86539841,202502
2025-02-12,32.80329895,202502
2025-02-13,32.85580063,202502
2025-02-14,32.61529922,202502
2025-02-17,32.66550064,202502
2025-02-18,32.70660019,202502
2025-02-19,32.72129822,202502
2025-02-20,32.74620056,202502
2025-02-21,32.69329834,202502
2025-02-24,32.77299881,202502
2025-02-25,32.6996994,202502
2025-02-26,32.77830124,202502
2025-02-27,32.75030136,202502
2025-02-28,32.90169907,202502
2025-03-03,32.90499878,202503
2025-03-04,32.88890076,202503
2025-03-05,32.7947998,202503
2025-03-06,32.80110168,202503
2025-03-07,32.85789871,202503
2025-03-10,32.82699966,202503
2025-03-11,32.86660004,202503
2025-03-12,32.86880112,202503
2025-03-13,32.90629959,202503
2025-03-14,32.96839905,202503
2025-03-17,32.92599869,202503
2025-03-18,32.95640182,202503
2025-03-19,32.97919846,202503
2025-03-20,33.00329971,202503
2025-03-21,32.98730087,202503
2025-03-24,32.97499847,202503
2025-03-25,33.01129913,202503
2025-03-26,33.04529953,202503
2025-03-27,33.08850098,202503
2025-03-28,33.1114006,202503
2025-03-31,33.18579865,202503
2025-04-01,33.23910141,202504
2025-04-02,33.20349884,202504
2025-04-03,33.26250076,202504
2025-04-04,33.03110123,202504
2025-04-07,33.16249847,202504
2025-04-08,32.98009872,202504
2025-04-09,33.08069992,202504
2025-04-10,32.58810043,202504
2025-04-11,32.78630066,202504
2025-04-14,32.36199951,202504
2025-04-15,32.35680008,202504
2025-04-16,32.50400162,202504
2025-04-17,32.37879944,202504
2025-04-22,32.44060135,202504
2025-04-23,32.57360077,202504
2025-04-24,32.53279877,202504
2025-04-25,32.43560028,202504
2025-04-28,32.51900101,202504
2025-04-29,32.42589951,202504
2025-04-30,32.32170105,202504
2025-05-01,32.0320015,202505
2025-05-02,32.11159897,202505
2025-05-05,30.70429993,202505
2025-05-06,29.15999985,202505
2025-05-07,29.9776001,202505
2025-05-08,30.39069939,202505
2025-05-09,30.2689991,202505
2025-05-12,30.24640083,202505
2025-05-13,30.39310074,202505
2025-05-14,30.42499924,202505
2025-05-15,30.3397007,202505
2025-05-16,30.16699982,202505
2025-05-19,30.20260048,202505
2025-05-20,30.14579964,202505
2025-05-21,30.14629936,202505
2025-05-22,30.02210045,202505
2025-05-23,30.0468998,202505
2025-05-26,29.9715004,202505
2025-05-27,29.91500092,202505
2025-05-28,29.96479988,202505
2025-05-29,29.95000076,202505
2025-05-30,29.85009956,202505
2025-06-02,29.87100029,202506
2025-06-03,29.98730087,202506
2025-06-04,29.96590042,202506
2025-06-05,29.94199944,202506
2025-06-06,29.94529915,202506
2025-06-09,29.91769981,202506
2025-06-10,29.91379929,202506
2025-06-11,29.88890076,202506
2025-06-12,29.80750084,202506
2025-06-13,29.52519989,202506
2025-06-16,29.50499916,202506
2025-06-17,29.00499916,202506
2025-06-18,29.64710045,202506
2025-06-19,29.54170036,202506
2025-06-20,29.57130051,202506
2025-06-23,29.53300095,202506
2025-06-24,29.6739006,202506
2025-06-25,29.45809937,202506
2025-06-26,29.34189987,202506
2025-06-27,28.81900024,202506
2025-06-30,29.09499931,202506
2025-07-01,29.20660019,202507
2025-07-02,29.22590065,202507
2025-07-03,28.96809959,202507
2025-07-04,28.91710091,202507
2025-07-07,28.90099907,202507
2025-07-08,29.06830025,202507
2025-07-09,29.10709953,202507
2025-07-10,29.20560074,202507
2025-07-11,29.24300003,202507
2025-07-14,29.21299934,202507
2025-07-15,29.34609985,202507
2025-07-16,29.38809967,202507
2025-07-17,29.40099907,202507
2025-07-18,29.40320015,202507
2025-07-21,29.37800026,202507
2025-07-22,29.33359909,202507
2025-07-23,29.39900017,202507
2025-07-24,29.23419952,202507
2025-07-25,29.39100075,202507
2025-07-28,29.47200012,202507
2025-07-29,29.65699959,202507
2025-07-30,29.68950081,202507
2025-07-31,29.82799911,202507
2025-08-01,29.90600014,202508
2025-08-04,29.81500053,202508
2025-08-05,29.88409996,202508
2025-08-06,29.93740082,202508
2025-08-07,29.91469955,202508
2025-08-08,29.80809975,202508
2025-08-11,29.85099983,202508
2025-08-12,29.94799995,202508
2025-08-13,29.87809944,202508
2025-08-14,29.93969917,202508
2025-08-15,30.07900047,202508
2025-08-18,29.98900032,202508
2025-08-19,30.02510071,202508
2025-08-20,30.1072998,202508
2025-08-21,30.28009987,202508
2025-08-22,30.51600075,202508
2025-08-25,30.36730003,202508
2025-08-26,30.44400024,202508
2025-08-27,30.54660034,202508
2025-08-28,30.57500076,202508
2025-08-29,30.49279976,202508
2025-09-01,30.56049919,202509
2025-09-02,30.62529945,202509
2025-09-03,30.74399948,202509
2025-09-04,30.72200012,202509
2025-09-05,30.69400024,202509
2025-09-08,30.47900009,202509
2025-09-09,30.33110046,202509
2025-09-10,30.35160065,202509
2025-09-11,30.23679924,202509
2025-09-12,30.29000092,202509
2025-09-15,30.28490067,202509
2025-09-16,30.19409943,202509
2025-09-17,30.04719925,202509
2025-09-18,30.08639908,202509
2025-09-19,30.11050034,202509
2025-09-22,30.2159996,202509
2025-09-23,30.21769905,202509
2025-09-24,30.27400017,202509
2025-09-25,30.3640995,202509
2025-09-26,30.56150055,202509
2025-09-29,30.44400024,202509
2025-09-30,30.45820045,202509
2025-10-01,30.44210052,202510
2025-10-02,30.4470005,202510
2025-10-03,30.46380043,202510
2025-10-06,30.42000008,202510
2025-10-07,30.51049995,202510
2025-10-08,30.5366993,202510
2025-10-09,30.52499962,202510
2025-10-10,30.58329964,202510
2025-10-13,30.66500092,202510
2025-10-14,30.69099998,202510
2025-10-15,30.68390083,202510
2025-10-16,30.60980034,202510
2025-10-17,30.61190033,202510
2025-10-20,30.62190056,202510
2025-10-21,30.59729958,202510
2025-10-22,30.6772995,202510
2025-10-23,30.74510002,202510
2025-10-24,30.77499962,202510
2025-10-27,30.83329964,202510
2025-10-28,30.60110092,202510
2025-10-29,30.54310036,202510
2025-10-30,30.66519928,202510
2025-10-31,30.73069954,202510
2025-11-03,30.78179932,202511
2025-11-04,30.90309906,202511
2025-11-05,30.91900063,202511
2025-11-06,30.89290047,202511
2025-11-07,30.97879982,202511
2025-11-10,30.96680069,202511
2025-11-11,30.96680069,202511
2025-11-12,30.96430016,202511
2025-11-13,31.06410027,202511
2025-11-14,31.12490082,202511
2025-11-17,30.55450058,202511
2025-11-18,31.17499924,202511
2025-11-19,31.10320091,202511
2025-11-20,31.18300056,202511
2025-11-21,31.35210037,202511
2025-11-24,31.33860016,202511
2025-11-25,31.42609978,202511
2025-11-26,31.38809967,202511
2025-11-27,31.24889946,202511
2025-11-28,31.31469917,202511
2025-12-01,31.37689972,202512
2025-12-02,31.39599991,202512
2025-12-03,31.40200043,202512
2025-12-04,31.31469917,202512
2025-12-05,31.36499977,202512
2025-12-08,31.27400017,202512
2025-12-09,31.16469955,202512
2025-12-10,31.15099907,202512
2025-12-11,31.07699966,202512
2025-12-12,31.18009949,202512
2025-12-15,31.32010078,202512
2025-12-16,31.32869911,202512
2025-12-17,31.46899986,202512
2025-12-18,31.63209915,202512
2025-12-19,31.51409912,202512
2025-12-22,31.50390053,202512
2025-12-23,31.53219986,202512
2025-12-24,31.48950005,202512
2025-12-26,31.57019997,202512
2025-12-29,31.37999916,202512
2025-12-30,31.31780052,202512
2025-12-31,31.24360085,202512
2026-01-02,31.30349922,202601
2026-01-05,31.3586998,202601
2026-01-06,31.47459984,202601
2026-01-07,31.49209976,202601
2026-01-08,31.44910049,202601
2026-01-09,31.5447998,202601
2026-01-12,31.59329987,202601
2026-01-13,31.56990051,202601
2026-01-14,31.61689949,202601
2026-01-15,31.51070023,202601
2026-01-16,31.56419945,202601
2026-01-19,31.6079998,202601
2026-01-20,31.54899979,202601
2026-01-21,31.68230057,202601
2026-01-22,31.63999939,202601
2026-01-23,31.58399963,202601
2026-01-26,31.37080002,202601
2026-01-27,31.44050026,202601
2026-01-28,31.11030006,202601
2026-01-29,31.26959991,202601
2026-01-30,31.36170006,202601
2026-02-02,31.58300018,202602
2026-02-03,31.57710075,202602
2026-02-04,31.57320023,202602
2026-02-05,31.65710068,202602
2026-02-06,31.6487999,202602
2026-02-09,31.57500076,202602
2026-02-10,31.56119919,202602
2026-02-11,31.47870064,202602
2026-02-12,31.33699989,202602
2026-02-13,31.41690063,202602
2026-02-16,31.36899948,202602
2026-02-17,31.32699966,202602
2026-02-18,31.37599945,202602
2026-02-19,31.52910042,202602
2026-02-20,31.57900047,202602
2026-02-23,31.51099968,202602
2026-02-24,31.43479919,202602
2026-02-25,31.37709999,202602
2026-02-26,31.26910019,202602
2026-02-27,31.24679947,202602
2026-03-02,31.375,202603
2026-03-03,31.53499985,202603
2026-03-04,31.73399925,202603
2026-03-05,31.62999916,202603
2026-03-06,31.90589905,202603
2026-03-09,31.8022995,202603
2026-03-10,31.80200005,202603
2026-03-11,31.77389908,202603
2026-03-12,31.81150055,202603
2026-03-13,31.89579964,202603
2026-03-16,32.1631012,202603
2026-03-17,31.94499969,202603
2026-03-18,31.88500023,202603
2026-03-19,32.03120041,202603
2026-03-20,31.80209923,202603
2026-03-23,32.02170181,202603
2026-03-24,31.86199951,202603
2026-03-25,31.92580032,202603
2026-03-26,31.93589973,202603
2026-03-27,31.93000031,202603
2026-03-30,32.01900101,202603
