年,月,年月,縣市,營業行車次數_班次,年月KEY
2016,1,2016-01-01,南投縣,52.0,201601
2016,1,2016-01-01,嘉義市,1550.0,201601
2016,1,2016-01-01,嘉義縣,1515.0,201601
2016,1,2016-01-01,基隆市,66136.0,201601
2016,1,2016-01-01,宜蘭縣,12356.0,201601
2016,1,2016-01-01,屏東縣,6021.0,201601
2016,1,2016-01-01,彰化縣,3698.0,201601
2016,1,2016-01-01,新北市,689593.0,201601
2016,1,2016-01-01,新竹市,21015.0,201601
2016,1,2016-01-01,新竹縣,6704.0,201601
2016,1,2016-01-01,桃園市,123196.0,201601
2016,1,2016-01-01,澎湖縣,6806.0,201601
2016,1,2016-01-01,臺中市,277488.0,201601
2016,1,2016-01-01,臺北市,1096772.0,201601
2016,1,2016-01-01,臺南市,79667.0,201601
2016,1,2016-01-01,臺東縣,2604.0,201601
2016,1,2016-01-01,花蓮縣,1430.0,201601
2016,1,2016-01-01,苗栗縣,1178.0,201601
2016,1,2016-01-01,連江縣,2402.0,201601
2016,1,2016-01-01,金門縣,12332.0,201601
2016,1,2016-01-01,雲林縣,3036.0,201601
2016,1,2016-01-01,高雄市,251926.0,201601
2016,2,2016-02-01,南投縣,44.0,201602
2016,2,2016-02-01,嘉義市,1504.0,201602
2016,2,2016-02-01,嘉義縣,1404.0,201602
2016,2,2016-02-01,基隆市,58030.0,201602
2016,2,2016-02-01,宜蘭縣,11846.0,201602
2016,2,2016-02-01,屏東縣,6561.0,201602
2016,2,2016-02-01,彰化縣,3386.0,201602
2016,2,2016-02-01,新北市,579304.0,201602
2016,2,2016-02-01,新竹市,19002.0,201602
2016,2,2016-02-01,新竹縣,6226.0,201602
2016,2,2016-02-01,桃園市,105975.0,201602
2016,2,2016-02-01,澎湖縣,6234.0,201602
2016,2,2016-02-01,臺中市,249530.0,201602
2016,2,2016-02-01,臺北市,936926.0,201602
2016,2,2016-02-01,臺南市,184030.0,201602
2016,2,2016-02-01,臺東縣,2349.0,201602
2016,2,2016-02-01,花蓮縣,1187.0,201602
2016,2,2016-02-01,苗栗縣,1102.0,201602
2016,2,2016-02-01,連江縣,2176.0,201602
2016,2,2016-02-01,金門縣,11466.0,201602
2016,2,2016-02-01,雲林縣,2914.0,201602
2016,2,2016-02-01,高雄市,233523.0,201602
2016,3,2016-03-01,南投縣,92.0,201603
2016,3,2016-03-01,嘉義市,1612.0,201603
2016,3,2016-03-01,嘉義縣,1541.0,201603
2016,3,2016-03-01,基隆市,67176.0,201603
2016,3,2016-03-01,宜蘭縣,12296.0,201603
2016,3,2016-03-01,屏東縣,7711.0,201603
2016,3,2016-03-01,彰化縣,3716.0,201603
2016,3,2016-03-01,新北市,681187.0,201603
2016,3,2016-03-01,新竹市,20642.0,201603
2016,3,2016-03-01,新竹縣,7596.0,201603
2016,3,2016-03-01,桃園市,112902.0,201603
2016,3,2016-03-01,澎湖縣,7515.0,201603
2016,3,2016-03-01,臺中市,276540.0,201603
2016,3,2016-03-01,臺北市,1066626.0,201603
2016,3,2016-03-01,臺南市,80803.0,201603
2016,3,2016-03-01,臺東縣,2511.0,201603
2016,3,2016-03-01,花蓮縣,1393.0,201603
2016,3,2016-03-01,苗栗縣,620.0,201603
2016,3,2016-03-01,連江縣,2478.0,201603
2016,3,2016-03-01,金門縣,12345.0,201603
2016,3,2016-03-01,雲林縣,3036.0,201603
2016,3,2016-03-01,高雄市,254087.0,201603
2016,4,2016-04-01,南投縣,92.0,201604
2016,4,2016-04-01,嘉義市,1558.0,201604
2016,4,2016-04-01,嘉義縣,1475.0,201604
2016,4,2016-04-01,基隆市,64013.0,201604
2016,4,2016-04-01,宜蘭縣,11984.0,201604
2016,4,2016-04-01,屏東縣,7462.0,201604
2016,4,2016-04-01,彰化縣,3580.0,201604
2016,4,2016-04-01,新北市,651346.0,201604
2016,4,2016-04-01,新竹市,19760.0,201604
2016,4,2016-04-01,新竹縣,7162.0,201604
2016,4,2016-04-01,桃園市,108644.0,201604
2016,4,2016-04-01,澎湖縣,7028.0,201604
2016,4,2016-04-01,臺中市,262517.0,201604
2016,4,2016-04-01,臺北市,1011817.0,201604
2016,4,2016-04-01,臺南市,79417.0,201604
2016,4,2016-04-01,臺東縣,2430.0,201604
2016,4,2016-04-01,花蓮縣,1392.0,201604
2016,4,2016-04-01,苗栗縣,600.0,201604
2016,4,2016-04-01,連江縣,2372.0,201604
2016,4,2016-04-01,金門縣,11853.0,201604
2016,4,2016-04-01,雲林縣,2946.0,201604
2016,4,2016-04-01,高雄市,245116.0,201604
2016,5,2016-05-01,南投縣,88.0,201605
2016,5,2016-05-01,嘉義市,1612.0,201605
2016,5,2016-05-01,嘉義縣,1536.0,201605
2016,5,2016-05-01,基隆市,66227.0,201605
2016,5,2016-05-01,宜蘭縣,12245.0,201605
2016,5,2016-05-01,屏東縣,7357.0,201605
2016,5,2016-05-01,彰化縣,3703.0,201605
2016,5,2016-05-01,新北市,686469.0,201605
2016,5,2016-05-01,新竹市,20470.0,201605
2016,5,2016-05-01,新竹縣,7537.0,201605
2016,5,2016-05-01,桃園市,113315.0,201605
2016,5,2016-05-01,澎湖縣,7448.0,201605
2016,5,2016-05-01,臺中市,274119.0,201605
2016,5,2016-05-01,臺北市,1065839.0,201605
2016,5,2016-05-01,臺南市,81269.0,201605
2016,5,2016-05-01,臺東縣,2511.0,201605
2016,5,2016-05-01,花蓮縣,1415.0,201605
2016,5,2016-05-01,苗栗縣,620.0,201605
2016,5,2016-05-01,連江縣,2470.0,201605
2016,5,2016-05-01,金門縣,12350.0,201605
2016,5,2016-05-01,雲林縣,3040.0,201605
2016,5,2016-05-01,高雄市,252919.0,201605
2016,6,2016-06-01,南投縣,80.0,201606
2016,6,2016-06-01,嘉義市,1560.0,201606
2016,6,2016-06-01,嘉義縣,1485.0,201606
2016,6,2016-06-01,基隆市,63480.0,201606
2016,6,2016-06-01,宜蘭縣,11957.0,201606
2016,6,2016-06-01,屏東縣,7111.0,201606
2016,6,2016-06-01,彰化縣,3563.0,201606
2016,6,2016-06-01,新北市,663075.0,201606
2016,6,2016-06-01,新竹市,19811.0,201606
2016,6,2016-06-01,新竹縣,7228.0,201606
2016,6,2016-06-01,桃園市,111027.0,201606
2016,6,2016-06-01,澎湖縣,7205.0,201606
2016,6,2016-06-01,臺中市,265029.0,201606
2016,6,2016-06-01,臺北市,1038239.0,201606
2016,6,2016-06-01,臺南市,78977.0,201606
2016,6,2016-06-01,臺東縣,2430.0,201606
2016,6,2016-06-01,花蓮縣,1498.0,201606
2016,6,2016-06-01,苗栗縣,1200.0,201606
2016,6,2016-06-01,連江縣,2386.0,201606
2016,6,2016-06-01,金門縣,11946.0,201606
2016,6,2016-06-01,雲林縣,2942.0,201606
2016,6,2016-06-01,高雄市,246202.0,201606
2016,7,2016-07-01,南投縣,,201607
2016,7,2016-07-01,嘉義市,1560.0,201607
2016,7,2016-07-01,嘉義縣,1686.0,201607
2016,7,2016-07-01,基隆市,61703.0,201607
2016,7,2016-07-01,宜蘭縣,13022.0,201607
2016,7,2016-07-01,屏東縣,6356.0,201607
2016,7,2016-07-01,彰化縣,3428.0,201607
2016,7,2016-07-01,新北市,670119.0,201607
2016,7,2016-07-01,新竹市,18846.0,201607
2016,7,2016-07-01,新竹縣,7374.0,201607
2016,7,2016-07-01,桃園市,113245.0,201607
2016,7,2016-07-01,澎湖縣,5784.0,201607
2016,7,2016-07-01,臺中市,268105.0,201607
2016,7,2016-07-01,臺北市,1057541.0,201607
2016,7,2016-07-01,臺南市,79892.0,201607
2016,7,2016-07-01,臺東縣,2511.0,201607
2016,7,2016-07-01,花蓮縣,1305.0,201607
2016,7,2016-07-01,苗栗縣,1200.0,201607
2016,7,2016-07-01,連江縣,2406.0,201607
2016,7,2016-07-01,金門縣,12334.0,201607
2016,7,2016-07-01,雲林縣,2919.0,201607
2016,7,2016-07-01,高雄市,240982.0,201607
2016,8,2016-08-01,南投縣,,201608
2016,8,2016-08-01,嘉義市,1612.0,201608
2016,8,2016-08-01,嘉義縣,1845.0,201608
2016,8,2016-08-01,基隆市,64357.0,201608
2016,8,2016-08-01,宜蘭縣,12520.0,201608
2016,8,2016-08-01,屏東縣,6595.0,201608
2016,8,2016-08-01,彰化縣,3492.0,201608
2016,8,2016-08-01,新北市,691311.0,201608
2016,8,2016-08-01,新竹市,20052.0,201608
2016,8,2016-08-01,新竹縣,7596.0,201608
2016,8,2016-08-01,桃園市,114102.0,201608
2016,8,2016-08-01,澎湖縣,6264.0,201608
2016,8,2016-08-01,臺中市,268973.0,201608
2016,8,2016-08-01,臺北市,1089205.0,201608
2016,8,2016-08-01,臺南市,81633.0,201608
2016,8,2016-08-01,臺東縣,2511.0,201608
2016,8,2016-08-01,花蓮縣,1240.0,201608
2016,8,2016-08-01,苗栗縣,1240.0,201608
2016,8,2016-08-01,連江縣,2516.0,201608
2016,8,2016-08-01,金門縣,12348.0,201608
2016,8,2016-08-01,雲林縣,3036.0,201608
2016,8,2016-08-01,高雄市,253675.0,201608
2016,9,2016-09-01,南投縣,76.0,201609
2016,9,2016-09-01,嘉義市,1474.0,201609
2016,9,2016-09-01,嘉義縣,1716.0,201609
2016,9,2016-09-01,基隆市,60154.0,201609
2016,9,2016-09-01,宜蘭縣,10680.0,201609
2016,9,2016-09-01,屏東縣,6276.0,201609
2016,9,2016-09-01,彰化縣,3175.0,201609
2016,9,2016-09-01,新北市,634774.0,201609
2016,9,2016-09-01,新竹市,19040.0,201609
2016,9,2016-09-01,新竹縣,6758.0,201609
2016,9,2016-09-01,桃園市,109251.0,201609
2016,9,2016-09-01,澎湖縣,6292.0,201609
2016,9,2016-09-01,臺中市,247651.0,201609
2016,9,2016-09-01,臺北市,1000963.0,201609
2016,9,2016-09-01,臺南市,74898.0,201609
2016,9,2016-09-01,臺東縣,2430.0,201609
2016,9,2016-09-01,花蓮縣,2326.0,201609
2016,9,2016-09-01,苗栗縣,1200.0,201609
2016,9,2016-09-01,連江縣,2346.0,201609
2016,9,2016-09-01,金門縣,10544.0,201609
2016,9,2016-09-01,雲林縣,2864.0,201609
2016,9,2016-09-01,高雄市,230908.0,201609
2016,10,2016-10-01,南投縣,80.0,201610
2016,10,2016-10-01,嘉義市,1611.0,201610
2016,10,2016-10-01,嘉義縣,1862.0,201610
2016,10,2016-10-01,基隆市,64400.0,201610
2016,10,2016-10-01,宜蘭縣,11945.0,201610
2016,10,2016-10-01,屏東縣,7506.0,201610
2016,10,2016-10-01,彰化縣,3485.0,201610
2016,10,2016-10-01,新北市,686265.0,201610
2016,10,2016-10-01,新竹市,20720.0,201610
2016,10,2016-10-01,新竹縣,7422.0,201610
2016,10,2016-10-01,桃園市,117747.0,201610
2016,10,2016-10-01,澎湖縣,7074.0,201610
2016,10,2016-10-01,臺中市,266777.0,201610
2016,10,2016-10-01,臺北市,1074832.0,201610
2016,10,2016-10-01,臺南市,82171.0,201610
2016,10,2016-10-01,臺東縣,2511.0,201610
2016,10,2016-10-01,花蓮縣,1304.0,201610
2016,10,2016-10-01,苗栗縣,1240.0,201610
2016,10,2016-10-01,連江縣,2614.0,201610
2016,10,2016-10-01,金門縣,10793.0,201610
2016,10,2016-10-01,雲林縣,3089.0,201610
2016,10,2016-10-01,高雄市,258259.0,201610
2016,11,2016-11-01,南投縣,88.0,201611
2016,11,2016-11-01,嘉義市,1560.0,201611
2016,11,2016-11-01,嘉義縣,1794.0,201611
2016,11,2016-11-01,基隆市,61711.0,201611
2016,11,2016-11-01,宜蘭縣,11454.0,201611
2016,11,2016-11-01,屏東縣,7302.0,201611
2016,11,2016-11-01,彰化縣,3405.0,201611
2016,11,2016-11-01,新北市,675836.0,201611
2016,11,2016-11-01,新竹市,20163.0,201611
2016,11,2016-11-01,新竹縣,7336.0,201611
2016,11,2016-11-01,桃園市,109507.0,201611
2016,11,2016-11-01,澎湖縣,7058.0,201611
2016,11,2016-11-01,臺中市,260359.0,201611
2016,11,2016-11-01,臺北市,1066403.0,201611
2016,11,2016-11-01,臺南市,79086.0,201611
2016,11,2016-11-01,臺東縣,2430.0,201611
2016,11,2016-11-01,花蓮縣,1478.0,201611
2016,11,2016-11-01,苗栗縣,1200.0,201611
2016,11,2016-11-01,連江縣,2394.0,201611
2016,11,2016-11-01,金門縣,10521.0,201611
2016,11,2016-11-01,雲林縣,2996.0,201611
2016,11,2016-11-01,高雄市,253166.0,201611
2016,12,2016-12-01,南投縣,460.0,201612
2016,12,2016-12-01,嘉義市,1613.0,201612
2016,12,2016-12-01,嘉義縣,1856.0,201612
2016,12,2016-12-01,基隆市,63692.0,201612
2016,12,2016-12-01,宜蘭縣,12199.0,201612
2016,12,2016-12-01,屏東縣,8141.0,201612
2016,12,2016-12-01,彰化縣,3511.0,201612
2016,12,2016-12-01,新北市,696332.0,201612
2016,12,2016-12-01,新竹市,20807.0,201612
2016,12,2016-12-01,新竹縣,7538.0,201612
2016,12,2016-12-01,桃園市,170691.0,201612
2016,12,2016-12-01,澎湖縣,7099.0,201612
2016,12,2016-12-01,臺中市,269596.0,201612
2016,12,2016-12-01,臺北市,1111541.0,201612
2016,12,2016-12-01,臺南市,81914.0,201612
2016,12,2016-12-01,臺東縣,2511.0,201612
2016,12,2016-12-01,花蓮縣,1204.0,201612
2016,12,2016-12-01,苗栗縣,1240.0,201612
2016,12,2016-12-01,連江縣,2470.0,201612
2016,12,2016-12-01,金門縣,10707.0,201612
2016,12,2016-12-01,雲林縣,3100.0,201612
2016,12,2016-12-01,高雄市,256477.0,201612
2017,1,2017-01-01,南投縣,424.0,201701
2017,1,2017-01-01,嘉義市,1612.0,201701
2017,1,2017-01-01,嘉義縣,1857.0,201701
2017,1,2017-01-01,基隆市,59424.0,201701
2017,1,2017-01-01,宜蘭縣,11981.0,201701
2017,1,2017-01-01,屏東縣,8025.0,201701
2017,1,2017-01-01,彰化縣,3367.0,201701
2017,1,2017-01-01,新北市,645948.0,201701
2017,1,2017-01-01,新竹市,18329.0,201701
2017,1,2017-01-01,新竹縣,6874.0,201701
2017,1,2017-01-01,桃園市,170084.0,201701
2017,1,2017-01-01,澎湖縣,6513.0,201701
2017,1,2017-01-01,臺中市,260616.0,201701
2017,1,2017-01-01,臺北市,1041627.0,201701
2017,1,2017-01-01,臺南市,82712.0,201701
2017,1,2017-01-01,臺東縣,2511.0,201701
2017,1,2017-01-01,花蓮縣,1490.0,201701
2017,1,2017-01-01,苗栗縣,1240.0,201701
2017,1,2017-01-01,連江縣,2338.0,201701
2017,1,2017-01-01,金門縣,10644.0,201701
2017,1,2017-01-01,雲林縣,3253.0,201701
2017,1,2017-01-01,高雄市,227988.0,201701
2017,2,2017-02-01,南投縣,392.0,201702
2017,2,2017-02-01,嘉義市,1612.0,201702
2017,2,2017-02-01,嘉義縣,2280.0,201702
2017,2,2017-02-01,基隆市,53908.0,201702
2017,2,2017-02-01,宜蘭縣,10743.0,201702
2017,2,2017-02-01,屏東縣,7229.0,201702
2017,2,2017-02-01,彰化縣,4285.0,201702
2017,2,2017-02-01,新北市,593122.0,201702
2017,2,2017-02-01,新竹市,16882.0,201702
2017,2,2017-02-01,新竹縣,6617.0,201702
2017,2,2017-02-01,桃園市,155606.0,201702
2017,2,2017-02-01,澎湖縣,5927.0,201702
2017,2,2017-02-01,臺中市,236190.0,201702
2017,2,2017-02-01,臺北市,963684.0,201702
2017,2,2017-02-01,臺南市,75085.0,201702
2017,2,2017-02-01,臺東縣,2296.0,201702
2017,2,2017-02-01,花蓮縣,1450.0,201702
2017,2,2017-02-01,苗栗縣,1120.0,201702
2017,2,2017-02-01,連江縣,2160.0,201702
2017,2,2017-02-01,金門縣,9603.0,201702
2017,2,2017-02-01,雲林縣,3288.0,201702
2017,2,2017-02-01,高雄市,210731.0,201702
2017,3,2017-03-01,南投縣,848.0,201703
2017,3,2017-03-01,嘉義市,1612.0,201703
2017,3,2017-03-01,嘉義縣,2969.0,201703
2017,3,2017-03-01,基隆市,61862.0,201703
2017,3,2017-03-01,宜蘭縣,11838.0,201703
2017,3,2017-03-01,屏東縣,8537.0,201703
2017,3,2017-03-01,彰化縣,3310.0,201703
2017,3,2017-03-01,新北市,695422.0,201703
2017,3,2017-03-01,新竹市,19269.0,201703
2017,3,2017-03-01,新竹縣,7596.0,201703
2017,3,2017-03-01,桃園市,175854.0,201703
2017,3,2017-03-01,澎湖縣,7296.0,201703
2017,3,2017-03-01,臺中市,267234.0,201703
2017,3,2017-03-01,臺北市,1083821.0,201703
2017,3,2017-03-01,臺南市,83004.0,201703
2017,3,2017-03-01,臺東縣,2542.0,201703
2017,3,2017-03-01,花蓮縣,1674.0,201703
2017,3,2017-03-01,苗栗縣,1240.0,201703
2017,3,2017-03-01,連江縣,2494.0,201703
2017,3,2017-03-01,金門縣,10665.0,201703
2017,3,2017-03-01,雲林縣,3674.0,201703
2017,3,2017-03-01,高雄市,253634.0,201703
2017,4,2017-04-01,南投縣,912.0,201704
2017,4,2017-04-01,嘉義市,1560.0,201704
2017,4,2017-04-01,嘉義縣,2994.0,201704
2017,4,2017-04-01,基隆市,58854.0,201704
2017,4,2017-04-01,宜蘭縣,11532.0,201704
2017,4,2017-04-01,屏東縣,8313.0,201704
2017,4,2017-04-01,彰化縣,3285.0,201704
2017,4,2017-04-01,新北市,649227.0,201704
2017,4,2017-04-01,新竹市,18411.0,201704
2017,4,2017-04-01,新竹縣,7104.0,201704
2017,4,2017-04-01,桃園市,168533.0,201704
2017,4,2017-04-01,澎湖縣,6770.0,201704
2017,4,2017-04-01,臺中市,257437.0,201704
2017,4,2017-04-01,臺北市,1003870.0,201704
2017,4,2017-04-01,臺南市,80331.0,201704
2017,4,2017-04-01,臺東縣,2460.0,201704
2017,4,2017-04-01,花蓮縣,1599.0,201704
2017,4,2017-04-01,苗栗縣,1200.0,201704
2017,4,2017-04-01,連江縣,2364.0,201704
2017,4,2017-04-01,金門縣,10665.0,201704
2017,4,2017-04-01,雲林縣,3551.0,201704
2017,4,2017-04-01,高雄市,243092.0,201704
2017,5,2017-05-01,南投縣,936.0,201705
2017,5,2017-05-01,嘉義市,1612.0,201705
2017,5,2017-05-01,嘉義縣,3077.0,201705
2017,5,2017-05-01,基隆市,63248.0,201705
2017,5,2017-05-01,宜蘭縣,11943.0,201705
2017,5,2017-05-01,屏東縣,8557.0,201705
2017,5,2017-05-01,彰化縣,3520.0,201705
2017,5,2017-05-01,新北市,685360.0,201705
2017,5,2017-05-01,新竹市,19148.0,201705
2017,5,2017-05-01,新竹縣,7467.0,201705
2017,5,2017-05-01,桃園市,173886.0,201705
2017,5,2017-05-01,澎湖縣,7152.0,201705
2017,5,2017-05-01,臺中市,269243.0,201705
2017,5,2017-05-01,臺北市,1063990.0,201705
2017,5,2017-05-01,臺南市,82718.0,201705
2017,5,2017-05-01,臺東縣,2542.0,201705
2017,5,2017-05-01,花蓮縣,2294.0,201705
2017,5,2017-05-01,苗栗縣,1240.0,201705
2017,5,2017-05-01,連江縣,2562.0,201705
2017,5,2017-05-01,金門縣,10997.0,201705
2017,5,2017-05-01,雲林縣,3682.0,201705
2017,5,2017-05-01,高雄市,251019.0,201705
2017,6,2017-06-01,南投縣,718.0,201706
2017,6,2017-06-01,嘉義市,1560.0,201706
2017,6,2017-06-01,嘉義縣,2958.0,201706
2017,6,2017-06-01,基隆市,56563.0,201706
2017,6,2017-06-01,宜蘭縣,11523.0,201706
2017,6,2017-06-01,屏東縣,8188.0,201706
2017,6,2017-06-01,彰化縣,3495.0,201706
2017,6,2017-06-01,新北市,670941.0,201706
2017,6,2017-06-01,新竹市,18498.0,201706
2017,6,2017-06-01,新竹縣,7658.0,201706
2017,6,2017-06-01,桃園市,168645.0,201706
2017,6,2017-06-01,澎湖縣,7100.0,201706
2017,6,2017-06-01,臺中市,264044.0,201706
2017,6,2017-06-01,臺北市,1030223.0,201706
2017,6,2017-06-01,臺南市,79606.0,201706
2017,6,2017-06-01,臺東縣,2460.0,201706
2017,6,2017-06-01,花蓮縣,1982.0,201706
2017,6,2017-06-01,苗栗縣,1200.0,201706
2017,6,2017-06-01,連江縣,2436.0,201706
2017,6,2017-06-01,金門縣,10648.0,201706
2017,6,2017-06-01,雲林縣,3488.0,201706
2017,6,2017-06-01,高雄市,255080.0,201706
2017,7,2017-07-01,南投縣,753.0,201707
2017,7,2017-07-01,嘉義市,1552.0,201707
2017,7,2017-07-01,嘉義縣,2946.0,201707
2017,7,2017-07-01,基隆市,58564.0,201707
2017,7,2017-07-01,宜蘭縣,16261.0,201707
2017,7,2017-07-01,屏東縣,7629.0,201707
2017,7,2017-07-01,彰化縣,3567.0,201707
2017,7,2017-07-01,新北市,674739.0,201707
2017,7,2017-07-01,新竹市,17113.0,201707
2017,7,2017-07-01,新竹縣,7329.0,201707
2017,7,2017-07-01,桃園市,170206.0,201707
2017,7,2017-07-01,澎湖縣,5488.0,201707
2017,7,2017-07-01,臺中市,266432.0,201707
2017,7,2017-07-01,臺北市,1039797.0,201707
2017,7,2017-07-01,臺南市,78568.0,201707
2017,7,2017-07-01,臺東縣,2542.0,201707
2017,7,2017-07-01,花蓮縣,1700.0,201707
2017,7,2017-07-01,苗栗縣,1240.0,201707
2017,7,2017-07-01,連江縣,2364.0,201707
2017,7,2017-07-01,金門縣,10997.0,201707
2017,7,2017-07-01,雲林縣,3580.0,201707
2017,7,2017-07-01,高雄市,266084.0,201707
2017,8,2017-08-01,南投縣,692.0,201708
2017,8,2017-08-01,嘉義市,1612.0,201708
2017,8,2017-08-01,嘉義縣,3021.0,201708
2017,8,2017-08-01,基隆市,60576.0,201708
2017,8,2017-08-01,宜蘭縣,12507.0,201708
2017,8,2017-08-01,屏東縣,7725.0,201708
2017,8,2017-08-01,彰化縣,3576.0,201708
2017,8,2017-08-01,新北市,698419.0,201708
2017,8,2017-08-01,新竹市,17643.0,201708
2017,8,2017-08-01,新竹縣,7596.0,201708
2017,8,2017-08-01,桃園市,171159.0,201708
2017,8,2017-08-01,澎湖縣,5871.0,201708
2017,8,2017-08-01,臺中市,273234.0,201708
2017,8,2017-08-01,臺北市,1065722.0,201708
2017,8,2017-08-01,臺南市,82631.0,201708
2017,8,2017-08-01,臺東縣,2542.0,201708
2017,8,2017-08-01,花蓮縣,1798.0,201708
2017,8,2017-08-01,苗栗縣,1240.0,201708
2017,8,2017-08-01,連江縣,2390.0,201708
2017,8,2017-08-01,金門縣,10997.0,201708
2017,8,2017-08-01,雲林縣,3658.0,201708
2017,8,2017-08-01,高雄市,257956.0,201708
2017,9,2017-09-01,南投縣,738.0,201709
2017,9,2017-09-01,嘉義市,1560.0,201709
2017,9,2017-09-01,嘉義縣,3350.0,201709
2017,9,2017-09-01,基隆市,62867.0,201709
2017,9,2017-09-01,宜蘭縣,17049.0,201709
2017,9,2017-09-01,屏東縣,8590.0,201709
2017,9,2017-09-01,彰化縣,4733.0,201709
2017,9,2017-09-01,新北市,679460.0,201709
2017,9,2017-09-01,新竹市,18137.0,201709
2017,9,2017-09-01,新竹縣,7336.0,201709
2017,9,2017-09-01,桃園市,169516.0,201709
2017,9,2017-09-01,澎湖縣,7038.0,201709
2017,9,2017-09-01,臺中市,274115.0,201709
2017,9,2017-09-01,臺北市,1050339.0,201709
2017,9,2017-09-01,臺南市,80247.0,201709
2017,9,2017-09-01,臺東縣,2460.0,201709
2017,9,2017-09-01,花蓮縣,1998.0,201709
2017,9,2017-09-01,苗栗縣,1200.0,201709
2017,9,2017-09-01,連江縣,2420.0,201709
2017,9,2017-09-01,金門縣,10648.0,201709
2017,9,2017-09-01,雲林縣,3548.0,201709
2017,9,2017-09-01,高雄市,252922.0,201709
2017,10,2017-10-01,南投縣,886.0,201710
2017,10,2017-10-01,嘉義市,1612.0,201710
2017,10,2017-10-01,嘉義縣,4557.0,201710
2017,10,2017-10-01,基隆市,62947.0,201710
2017,10,2017-10-01,宜蘭縣,18375.0,201710
2017,10,2017-10-01,屏東縣,8240.0,201710
2017,10,2017-10-01,彰化縣,4880.0,201710
2017,10,2017-10-01,新北市,680707.0,201710
2017,10,2017-10-01,新竹市,18024.0,201710
2017,10,2017-10-01,新竹縣,7362.0,201710
2017,10,2017-10-01,桃園市,172525.0,201710
2017,10,2017-10-01,澎湖縣,7011.0,201710
2017,10,2017-10-01,臺中市,279712.0,201710
2017,10,2017-10-01,臺北市,1045595.0,201710
2017,10,2017-10-01,臺南市,83639.0,201710
2017,10,2017-10-01,臺東縣,2542.0,201710
2017,10,2017-10-01,花蓮縣,1916.0,201710
2017,10,2017-10-01,苗栗縣,1240.0,201710
2017,10,2017-10-01,連江縣,2462.0,201710
2017,10,2017-10-01,金門縣,10671.0,201710
2017,10,2017-10-01,雲林縣,3684.0,201710
2017,10,2017-10-01,高雄市,270317.0,201710
2017,11,2017-11-01,南投縣,800.0,201711
2017,11,2017-11-01,嘉義市,1560.0,201711
2017,11,2017-11-01,嘉義縣,4346.0,201711
2017,11,2017-11-01,基隆市,61393.0,201711
2017,11,2017-11-01,宜蘭縣,17065.0,201711
2017,11,2017-11-01,屏東縣,8299.0,201711
2017,11,2017-11-01,彰化縣,4883.0,201711
2017,11,2017-11-01,新北市,682365.0,201711
2017,11,2017-11-01,新竹市,17586.0,201711
2017,11,2017-11-01,新竹縣,7336.0,201711
2017,11,2017-11-01,桃園市,167838.0,201711
2017,11,2017-11-01,澎湖縣,6190.0,201711
2017,11,2017-11-01,臺中市,273638.0,201711
2017,11,2017-11-01,臺北市,1040211.0,201711
2017,11,2017-11-01,臺南市,81141.0,201711
2017,11,2017-11-01,臺東縣,2460.0,201711
2017,11,2017-11-01,花蓮縣,1903.0,201711
2017,11,2017-11-01,苗栗縣,1200.0,201711
2017,11,2017-11-01,連江縣,2396.0,201711
2017,11,2017-11-01,金門縣,10332.0,201711
2017,11,2017-11-01,雲林縣,3540.0,201711
2017,11,2017-11-01,高雄市,251775.0,201711
2017,12,2017-12-01,南投縣,896.0,201712
2017,12,2017-12-01,嘉義市,1612.0,201712
2017,12,2017-12-01,嘉義縣,3925.0,201712
2017,12,2017-12-01,基隆市,61604.0,201712
2017,12,2017-12-01,宜蘭縣,17656.0,201712
2017,12,2017-12-01,屏東縣,7713.0,201712
2017,12,2017-12-01,彰化縣,4993.0,201712
2017,12,2017-12-01,新北市,690661.0,201712
2017,12,2017-12-01,新竹市,18313.0,201712
2017,12,2017-12-01,新竹縣,7474.0,201712
2017,12,2017-12-01,桃園市,172578.0,201712
2017,12,2017-12-01,澎湖縣,6093.0,201712
2017,12,2017-12-01,臺中市,280739.0,201712
2017,12,2017-12-01,臺北市,1057857.0,201712
2017,12,2017-12-01,臺南市,84156.0,201712
2017,12,2017-12-01,臺東縣,2542.0,201712
2017,12,2017-12-01,花蓮縣,2007.0,201712
2017,12,2017-12-01,苗栗縣,1200.0,201712
2017,12,2017-12-01,連江縣,2462.0,201712
2017,12,2017-12-01,金門縣,10753.0,201712
2017,12,2017-12-01,雲林縣,3662.0,201712
2017,12,2017-12-01,高雄市,259423.0,201712
2018,1,2018-01-01,南投縣,892.0,201801
2018,1,2018-01-01,嘉義市,1612.0,201801
2018,1,2018-01-01,嘉義縣,4462.0,201801
2018,1,2018-01-01,基隆市,64546.0,201801
2018,1,2018-01-01,宜蘭縣,17337.0,201801
2018,1,2018-01-01,屏東縣,7269.0,201801
2018,1,2018-01-01,彰化縣,4546.0,201801
2018,1,2018-01-01,新北市,694174.0,201801
2018,1,2018-01-01,新竹市,18355.0,201801
2018,1,2018-01-01,新竹縣,7488.0,201801
2018,1,2018-01-01,桃園市,174191.0,201801
2018,1,2018-01-01,澎湖縣,5791.0,201801
2018,1,2018-01-01,臺中市,281545.0,201801
2018,1,2018-01-01,臺北市,1062650.0,201801
2018,1,2018-01-01,臺南市,84206.0,201801
2018,1,2018-01-01,臺東縣,2542.0,201801
2018,1,2018-01-01,花蓮縣,1938.0,201801
2018,1,2018-01-01,苗栗縣,1271.0,201801
2018,1,2018-01-01,連江縣,2522.0,201801
2018,1,2018-01-01,金門縣,11838.0,201801
2018,1,2018-01-01,雲林縣,3676.0,201801
2018,1,2018-01-01,高雄市,254777.0,201801
2018,2,2018-02-01,南投縣,928.0,201802
2018,2,2018-02-01,嘉義市,1456.0,201802
2018,2,2018-02-01,嘉義縣,4103.0,201802
2018,2,2018-02-01,基隆市,55448.0,201802
2018,2,2018-02-01,宜蘭縣,16400.0,201802
2018,2,2018-02-01,屏東縣,8431.0,201802
2018,2,2018-02-01,彰化縣,3899.0,201802
2018,2,2018-02-01,新北市,567277.0,201802
2018,2,2018-02-01,新竹市,15141.0,201802
2018,2,2018-02-01,新竹縣,6463.0,201802
2018,2,2018-02-01,桃園市,152284.0,201802
2018,2,2018-02-01,澎湖縣,4484.0,201802
2018,2,2018-02-01,臺中市,242418.0,201802
2018,2,2018-02-01,臺北市,883971.0,201802
2018,2,2018-02-01,臺南市,77171.0,201802
2018,2,2018-02-01,臺東縣,2296.0,201802
2018,2,2018-02-01,花蓮縣,1736.0,201802
2018,2,2018-02-01,苗栗縣,1120.0,201802
2018,2,2018-02-01,連江縣,2052.0,201802
2018,2,2018-02-01,金門縣,9662.0,201802
2018,2,2018-02-01,雲林縣,3341.0,201802
2018,2,2018-02-01,高雄市,226386.0,201802
2018,3,2018-03-01,南投縣,880.0,201803
2018,3,2018-03-01,嘉義市,1613.0,201803
2018,3,2018-03-01,嘉義縣,4502.0,201803
2018,3,2018-03-01,基隆市,63602.0,201803
2018,3,2018-03-01,宜蘭縣,17157.0,201803
2018,3,2018-03-01,屏東縣,10389.0,201803
2018,3,2018-03-01,彰化縣,5058.0,201803
2018,3,2018-03-01,新北市,681160.0,201803
2018,3,2018-03-01,新竹市,18182.0,201803
2018,3,2018-03-01,新竹縣,7596.0,201803
2018,3,2018-03-01,桃園市,173930.0,201803
2018,3,2018-03-01,澎湖縣,6143.0,201803
2018,3,2018-03-01,臺中市,279671.0,201803
2018,3,2018-03-01,臺北市,1053453.0,201803
2018,3,2018-03-01,臺南市,85109.0,201803
2018,3,2018-03-01,臺東縣,2542.0,201803
2018,3,2018-03-01,花蓮縣,2028.0,201803
2018,3,2018-03-01,苗栗縣,1240.0,201803
2018,3,2018-03-01,連江縣,2478.0,201803
2018,3,2018-03-01,金門縣,9533.0,201803
2018,3,2018-03-01,雲林縣,3666.0,201803
2018,3,2018-03-01,高雄市,261096.0,201803
2018,4,2018-04-01,南投縣,1056.0,201804
2018,4,2018-04-01,嘉義市,1560.0,201804
2018,4,2018-04-01,嘉義縣,4326.0,201804
2018,4,2018-04-01,基隆市,60720.0,201804
2018,4,2018-04-01,宜蘭縣,17059.0,201804
2018,4,2018-04-01,屏東縣,10501.0,201804
2018,4,2018-04-01,彰化縣,4680.0,201804
2018,4,2018-04-01,新北市,631085.0,201804
2018,4,2018-04-01,新竹市,17505.0,201804
2018,4,2018-04-01,新竹縣,7103.0,201804
2018,4,2018-04-01,桃園市,171817.0,201804
2018,4,2018-04-01,澎湖縣,5664.0,201804
2018,4,2018-04-01,臺中市,270677.0,201804
2018,4,2018-04-01,臺北市,983011.0,201804
2018,4,2018-04-01,臺南市,82368.0,201804
2018,4,2018-04-01,臺東縣,2460.0,201804
2018,4,2018-04-01,花蓮縣,1960.0,201804
2018,4,2018-04-01,苗栗縣,1200.0,201804
2018,4,2018-04-01,連江縣,2364.0,201804
2018,4,2018-04-01,金門縣,9808.0,201804
2018,4,2018-04-01,雲林縣,3578.0,201804
2018,4,2018-04-01,高雄市,268182.0,201804
2018,5,2018-05-01,南投縣,882.0,201805
2018,5,2018-05-01,嘉義市,1934.0,201805
2018,5,2018-05-01,嘉義縣,4365.0,201805
2018,5,2018-05-01,基隆市,63076.0,201805
2018,5,2018-05-01,宜蘭縣,16473.0,201805
2018,5,2018-05-01,屏東縣,10985.0,201805
2018,5,2018-05-01,彰化縣,5078.0,201805
2018,5,2018-05-01,新北市,683213.0,201805
2018,5,2018-05-01,新竹市,18333.0,201805
2018,5,2018-05-01,新竹縣,6945.0,201805
2018,5,2018-05-01,桃園市,180771.0,201805
2018,5,2018-05-01,澎湖縣,7373.0,201805
2018,5,2018-05-01,臺中市,283635.0,201805
2018,5,2018-05-01,臺北市,1053757.0,201805
2018,5,2018-05-01,臺南市,84669.0,201805
2018,5,2018-05-01,臺東縣,2542.0,201805
2018,5,2018-05-01,花蓮縣,2018.0,201805
2018,5,2018-05-01,苗栗縣,1240.0,201805
2018,5,2018-05-01,連江縣,2584.0,201805
2018,5,2018-05-01,金門縣,10724.0,201805
2018,5,2018-05-01,雲林縣,3676.0,201805
2018,5,2018-05-01,高雄市,277256.0,201805
2018,6,2018-06-01,南投縣,964.0,201806
2018,6,2018-06-01,嘉義市,1920.0,201806
2018,6,2018-06-01,嘉義縣,3772.0,201806
2018,6,2018-06-01,基隆市,60771.0,201806
2018,6,2018-06-01,宜蘭縣,16286.0,201806
2018,6,2018-06-01,屏東縣,10207.0,201806
2018,6,2018-06-01,彰化縣,4789.0,201806
2018,6,2018-06-01,新北市,652829.0,201806
2018,6,2018-06-01,新竹市,17360.0,201806
2018,6,2018-06-01,新竹縣,4138.0,201806
2018,6,2018-06-01,桃園市,172430.0,201806
2018,6,2018-06-01,澎湖縣,5702.0,201806
2018,6,2018-06-01,臺中市,276883.0,201806
2018,6,2018-06-01,臺北市,999803.0,201806
2018,6,2018-06-01,臺南市,82542.0,201806
2018,6,2018-06-01,臺東縣,2460.0,201806
2018,6,2018-06-01,花蓮縣,1940.0,201806
2018,6,2018-06-01,苗栗縣,1200.0,201806
2018,6,2018-06-01,連江縣,2444.0,201806
2018,6,2018-06-01,金門縣,11168.0,201806
2018,6,2018-06-01,雲林縣,3570.0,201806
2018,6,2018-06-01,高雄市,267510.0,201806
2018,7,2018-07-01,南投縣,817.0,201807
2018,7,2018-07-01,嘉義市,2190.0,201807
2018,7,2018-07-01,嘉義縣,3830.0,201807
2018,7,2018-07-01,基隆市,61536.0,201807
2018,7,2018-07-01,宜蘭縣,17417.0,201807
2018,7,2018-07-01,屏東縣,9380.0,201807
2018,7,2018-07-01,彰化縣,4356.0,201807
2018,7,2018-07-01,新北市,669485.0,201807
2018,7,2018-07-01,新竹市,16611.0,201807
2018,7,2018-07-01,新竹縣,8119.0,201807
2018,7,2018-07-01,桃園市,173764.0,201807
2018,7,2018-07-01,澎湖縣,4589.0,201807
2018,7,2018-07-01,臺中市,284183.0,201807
2018,7,2018-07-01,臺北市,1032147.0,201807
2018,7,2018-07-01,臺南市,85086.0,201807
2018,7,2018-07-01,臺東縣,2542.0,201807
2018,7,2018-07-01,花蓮縣,2046.0,201807
2018,7,2018-07-01,苗栗縣,1240.0,201807
2018,7,2018-07-01,連江縣,2318.0,201807
2018,7,2018-07-01,金門縣,10724.0,201807
2018,7,2018-07-01,雲林縣,3658.0,201807
2018,7,2018-07-01,高雄市,271561.0,201807
2018,8,2018-08-01,南投縣,784.0,201808
2018,8,2018-08-01,嘉義市,2365.0,201808
2018,8,2018-08-01,嘉義縣,3558.0,201808
2018,8,2018-08-01,基隆市,62141.0,201808
2018,8,2018-08-01,宜蘭縣,17317.0,201808
2018,8,2018-08-01,屏東縣,9020.0,201808
2018,8,2018-08-01,彰化縣,4233.0,201808
2018,8,2018-08-01,新北市,682686.0,201808
2018,8,2018-08-01,新竹市,17176.0,201808
2018,8,2018-08-01,新竹縣,7596.0,201808
2018,8,2018-08-01,桃園市,174378.0,201808
2018,8,2018-08-01,澎湖縣,4754.0,201808
2018,8,2018-08-01,臺中市,298280.0,201808
2018,8,2018-08-01,臺北市,1045250.0,201808
2018,8,2018-08-01,臺南市,82383.0,201808
2018,8,2018-08-01,臺東縣,2542.0,201808
2018,8,2018-08-01,花蓮縣,1920.0,201808
2018,8,2018-08-01,苗栗縣,1240.0,201808
2018,8,2018-08-01,連江縣,2408.0,201808
2018,8,2018-08-01,金門縣,10724.0,201808
2018,8,2018-08-01,雲林縣,3594.0,201808
2018,8,2018-08-01,高雄市,212284.0,201808
2018,9,2018-09-01,南投縣,1008.0,201809
2018,9,2018-09-01,嘉義市,2292.0,201809
2018,9,2018-09-01,嘉義縣,3790.0,201809
2018,9,2018-09-01,基隆市,59664.0,201809
2018,9,2018-09-01,宜蘭縣,16425.0,201809
2018,9,2018-09-01,屏東縣,9731.0,201809
2018,9,2018-09-01,彰化縣,4672.0,201809
2018,9,2018-09-01,新北市,649618.0,201809
2018,9,2018-09-01,新竹市,17413.0,201809
2018,9,2018-09-01,新竹縣,4140.0,201809
2018,9,2018-09-01,桃園市,170882.0,201809
2018,9,2018-09-01,澎湖縣,5686.0,201809
2018,9,2018-09-01,臺中市,278098.0,201809
2018,9,2018-09-01,臺北市,991103.0,201809
2018,9,2018-09-01,臺南市,82907.0,201809
2018,9,2018-09-01,臺東縣,2760.0,201809
2018,9,2018-09-01,花蓮縣,1887.0,201809
2018,9,2018-09-01,苗栗縣,1200.0,201809
2018,9,2018-09-01,連江縣,2420.0,201809
2018,9,2018-09-01,金門縣,10724.0,201809
2018,9,2018-09-01,雲林縣,3572.0,201809
2018,9,2018-09-01,高雄市,264226.0,201809
2018,10,2018-10-01,南投縣,622.0,201810
2018,10,2018-10-01,嘉義市,2340.0,201810
2018,10,2018-10-01,嘉義縣,3842.0,201810
2018,10,2018-10-01,基隆市,63914.0,201810
2018,10,2018-10-01,宜蘭縣,16557.0,201810
2018,10,2018-10-01,屏東縣,10190.0,201810
2018,10,2018-10-01,彰化縣,5037.0,201810
2018,10,2018-10-01,新北市,689323.0,201810
2018,10,2018-10-01,新竹市,18299.0,201810
2018,10,2018-10-01,新竹縣,4278.0,201810
2018,10,2018-10-01,桃園市,186240.0,201810
2018,10,2018-10-01,澎湖縣,6026.0,201810
2018,10,2018-10-01,臺中市,290492.0,201810
2018,10,2018-10-01,臺北市,1053235.0,201810
2018,10,2018-10-01,臺南市,85908.0,201810
2018,10,2018-10-01,臺東縣,2542.0,201810
2018,10,2018-10-01,花蓮縣,2165.0,201810
2018,10,2018-10-01,苗栗縣,1240.0,201810
2018,10,2018-10-01,連江縣,2664.0,201810
2018,10,2018-10-01,金門縣,10724.0,201810
2018,10,2018-10-01,雲林縣,3658.0,201810
2018,10,2018-10-01,高雄市,277628.0,201810
2018,11,2018-11-01,南投縣,752.0,201811
2018,11,2018-11-01,嘉義市,2350.0,201811
2018,11,2018-11-01,嘉義縣,3642.0,201811
2018,11,2018-11-01,基隆市,69613.0,201811
2018,11,2018-11-01,宜蘭縣,16596.0,201811
2018,11,2018-11-01,屏東縣,9902.0,201811
2018,11,2018-11-01,彰化縣,5047.0,201811
2018,11,2018-11-01,新北市,690763.0,201811
2018,11,2018-11-01,新竹市,17745.0,201811
2018,11,2018-11-01,新竹縣,6644.0,201811
2018,11,2018-11-01,桃園市,187771.0,201811
2018,11,2018-11-01,澎湖縣,5878.0,201811
2018,11,2018-11-01,臺中市,278825.0,201811
2018,11,2018-11-01,臺北市,1004966.0,201811
2018,11,2018-11-01,臺南市,83104.0,201811
2018,11,2018-11-01,臺東縣,2250.0,201811
2018,11,2018-11-01,花蓮縣,2353.0,201811
2018,11,2018-11-01,苗栗縣,1200.0,201811
2018,11,2018-11-01,連江縣,2404.0,201811
2018,11,2018-11-01,金門縣,12005.0,201811
2018,11,2018-11-01,雲林縣,3658.0,201811
2018,11,2018-11-01,高雄市,277722.0,201811
2018,12,2018-12-01,南投縣,836.0,201812
2018,12,2018-12-01,嘉義市,2256.0,201812
2018,12,2018-12-01,嘉義縣,3811.0,201812
2018,12,2018-12-01,基隆市,70646.0,201812
2018,12,2018-12-01,宜蘭縣,25544.0,201812
2018,12,2018-12-01,屏東縣,10230.0,201812
2018,12,2018-12-01,彰化縣,4930.0,201812
2018,12,2018-12-01,新北市,690763.0,201812
2018,12,2018-12-01,新竹市,18243.0,201812
2018,12,2018-12-01,新竹縣,7300.0,201812
2018,12,2018-12-01,桃園市,193376.0,201812
2018,12,2018-12-01,澎湖縣,5991.0,201812
2018,12,2018-12-01,臺中市,285481.0,201812
2018,12,2018-12-01,臺北市,1017505.0,201812
2018,12,2018-12-01,臺南市,86213.0,201812
2018,12,2018-12-01,臺東縣,2325.0,201812
2018,12,2018-12-01,花蓮縣,2380.0,201812
2018,12,2018-12-01,苗栗縣,1240.0,201812
2018,12,2018-12-01,連江縣,2470.0,201812
2018,12,2018-12-01,金門縣,14984.0,201812
2018,12,2018-12-01,雲林縣,3558.0,201812
2018,12,2018-12-01,高雄市,280474.0,201812
2019,1,2019-01-01,南投縣,722.0,201901
2019,1,2019-01-01,嘉義市,2449.0,201901
2019,1,2019-01-01,嘉義縣,3761.0,201901
2019,1,2019-01-01,基隆市,72057.0,201901
2019,1,2019-01-01,宜蘭縣,25212.0,201901
2019,1,2019-01-01,屏東縣,9670.0,201901
2019,1,2019-01-01,彰化縣,4639.0,201901
2019,1,2019-01-01,新北市,689236.0,201901
2019,1,2019-01-01,新竹市,17634.0,201901
2019,1,2019-01-01,新竹縣,5779.0,201901
2019,1,2019-01-01,桃園市,195168.0,201901
2019,1,2019-01-01,澎湖縣,5523.0,201901
2019,1,2019-01-01,臺中市,287642.0,201901
2019,1,2019-01-01,臺北市,1021101.0,201901
2019,1,2019-01-01,臺南市,85931.0,201901
2019,1,2019-01-01,臺東縣,2250.0,201901
2019,1,2019-01-01,花蓮縣,2246.0,201901
2019,1,2019-01-01,苗栗縣,1240.0,201901
2019,1,2019-01-01,連江縣,2404.0,201901
2019,1,2019-01-01,金門縣,11718.0,201901
2019,1,2019-01-01,雲林縣,3678.0,201901
2019,1,2019-01-01,高雄市,271980.0,201901
2019,2,2019-02-01,南投縣,1666.0,201902
2019,2,2019-02-01,嘉義市,2185.0,201902
2019,2,2019-02-01,嘉義縣,3531.0,201902
2019,2,2019-02-01,基隆市,63753.0,201902
2019,2,2019-02-01,宜蘭縣,24824.0,201902
2019,2,2019-02-01,屏東縣,8953.0,201902
2019,2,2019-02-01,彰化縣,4193.0,201902
2019,2,2019-02-01,新北市,560674.0,201902
2019,2,2019-02-01,新竹市,15136.0,201902
2019,2,2019-02-01,新竹縣,5818.0,201902
2019,2,2019-02-01,桃園市,170897.0,201902
2019,2,2019-02-01,澎湖縣,5088.0,201902
2019,2,2019-02-01,臺中市,245680.0,201902
2019,2,2019-02-01,臺北市,840159.0,201902
2019,2,2019-02-01,臺南市,78549.0,201902
2019,2,2019-02-01,臺東縣,2100.0,201902
2019,2,2019-02-01,花蓮縣,2128.0,201902
2019,2,2019-02-01,苗栗縣,1120.0,201902
2019,2,2019-02-01,連江縣,2130.0,201902
2019,2,2019-02-01,金門縣,11350.0,201902
2019,2,2019-02-01,雲林縣,3392.0,201902
2019,2,2019-02-01,高雄市,247364.0,201902
2019,3,2019-03-01,南投縣,2416.0,201903
2019,3,2019-03-01,嘉義市,2365.0,201903
2019,3,2019-03-01,嘉義縣,3610.0,201903
2019,3,2019-03-01,基隆市,68952.0,201903
2019,3,2019-03-01,宜蘭縣,25847.0,201903
2019,3,2019-03-01,屏東縣,10145.0,201903
2019,3,2019-03-01,彰化縣,5168.0,201903
2019,3,2019-03-01,新北市,670898.0,201903
2019,3,2019-03-01,新竹市,17937.0,201903
2019,3,2019-03-01,新竹縣,6606.0,201903
2019,3,2019-03-01,桃園市,196108.0,201903
2019,3,2019-03-01,澎湖縣,6143.0,201903
2019,3,2019-03-01,臺中市,284020.0,201903
2019,3,2019-03-01,臺北市,1010960.0,201903
2019,3,2019-03-01,臺南市,88432.0,201903
2019,3,2019-03-01,臺東縣,2325.0,201903
2019,3,2019-03-01,花蓮縣,2772.0,201903
2019,3,2019-03-01,苗栗縣,1240.0,201903
2019,3,2019-03-01,連江縣,2462.0,201903
2019,3,2019-03-01,金門縣,11811.0,201903
2019,3,2019-03-01,雲林縣,3876.0,201903
2019,3,2019-03-01,高雄市,275276.0,201903
2019,4,2019-04-01,南投縣,2448.0,201904
2019,4,2019-04-01,嘉義市,2485.0,201904
2019,4,2019-04-01,嘉義縣,3342.0,201904
2019,4,2019-04-01,基隆市,68398.0,201904
2019,4,2019-04-01,宜蘭縣,24878.0,201904
2019,4,2019-04-01,屏東縣,9834.0,201904
2019,4,2019-04-01,彰化縣,4977.0,201904
2019,4,2019-04-01,新北市,654795.0,201904
2019,4,2019-04-01,新竹市,17430.0,201904
2019,4,2019-04-01,新竹縣,6370.0,201904
2019,4,2019-04-01,桃園市,190942.0,201904
2019,4,2019-04-01,澎湖縣,6596.0,201904
2019,4,2019-04-01,臺中市,275259.0,201904
2019,4,2019-04-01,臺北市,968463.0,201904
2019,4,2019-04-01,臺南市,85104.0,201904
2019,4,2019-04-01,臺東縣,2382.0,201904
2019,4,2019-04-01,花蓮縣,2669.0,201904
2019,4,2019-04-01,苗栗縣,1200.0,201904
2019,4,2019-04-01,連江縣,2388.0,201904
2019,4,2019-04-01,金門縣,10724.0,201904
2019,4,2019-04-01,雲林縣,3996.0,201904
2019,4,2019-04-01,高雄市,268062.0,201904
2019,5,2019-05-01,南投縣,2542.0,201905
2019,5,2019-05-01,嘉義市,2872.0,201905
2019,5,2019-05-01,嘉義縣,3322.0,201905
2019,5,2019-05-01,基隆市,73941.0,201905
2019,5,2019-05-01,宜蘭縣,24956.0,201905
2019,5,2019-05-01,屏東縣,10124.0,201905
2019,5,2019-05-01,彰化縣,5110.0,201905
2019,5,2019-05-01,新北市,691375.0,201905
2019,5,2019-05-01,新竹市,18123.0,201905
2019,5,2019-05-01,新竹縣,7228.0,201905
2019,5,2019-05-01,桃園市,198366.0,201905
2019,5,2019-05-01,澎湖縣,6039.0,201905
2019,5,2019-05-01,臺中市,291178.0,201905
2019,5,2019-05-01,臺北市,1012918.0,201905
2019,5,2019-05-01,臺南市,87853.0,201905
2019,5,2019-05-01,臺東縣,2483.0,201905
2019,5,2019-05-01,花蓮縣,3128.0,201905
2019,5,2019-05-01,苗栗縣,1240.0,201905
2019,5,2019-05-01,連江縣,2488.0,201905
2019,5,2019-05-01,金門縣,10724.0,201905
2019,5,2019-05-01,雲林縣,4077.0,201905
2019,5,2019-05-01,高雄市,277829.0,201905
2019,6,2019-06-01,南投縣,2168.0,201906
2019,6,2019-06-01,嘉義市,2816.0,201906
2019,6,2019-06-01,嘉義縣,3225.0,201906
2019,6,2019-06-01,基隆市,66289.0,201906
2019,6,2019-06-01,宜蘭縣,25177.0,201906
2019,6,2019-06-01,屏東縣,9709.0,201906
2019,6,2019-06-01,彰化縣,4550.0,201906
2019,6,2019-06-01,新北市,641524.0,201906
2019,6,2019-06-01,新竹市,17196.0,201906
2019,6,2019-06-01,新竹縣,6740.0,201906
2019,6,2019-06-01,桃園市,193095.0,201906
2019,6,2019-06-01,澎湖縣,5636.0,201906
2019,6,2019-06-01,臺中市,282832.0,201906
2019,6,2019-06-01,臺北市,952221.0,201906
2019,6,2019-06-01,臺南市,85380.0,201906
2019,6,2019-06-01,臺東縣,2386.0,201906
2019,6,2019-06-01,花蓮縣,3014.0,201906
2019,6,2019-06-01,苗栗縣,1200.0,201906
2019,6,2019-06-01,連江縣,2378.0,201906
2019,6,2019-06-01,金門縣,9735.0,201906
2019,6,2019-06-01,雲林縣,4092.0,201906
2019,6,2019-06-01,高雄市,266464.0,201906
2019,7,2019-07-01,南投縣,1150.0,201907
2019,7,2019-07-01,嘉義市,3162.0,201907
2019,7,2019-07-01,嘉義縣,2702.0,201907
2019,7,2019-07-01,基隆市,68031.0,201907
2019,7,2019-07-01,宜蘭縣,26520.0,201907
2019,7,2019-07-01,屏東縣,9483.0,201907
2019,7,2019-07-01,彰化縣,4693.0,201907
2019,7,2019-07-01,新北市,687015.0,201907
2019,7,2019-07-01,新竹市,16924.0,201907
2019,7,2019-07-01,新竹縣,7234.0,201907
2019,7,2019-07-01,桃園市,193037.0,201907
2019,7,2019-07-01,澎湖縣,4583.0,201907
2019,7,2019-07-01,臺中市,294864.0,201907
2019,7,2019-07-01,臺北市,1003772.0,201907
2019,7,2019-07-01,臺南市,87162.0,201907
2019,7,2019-07-01,臺東縣,2412.0,201907
2019,7,2019-07-01,花蓮縣,2743.0,201907
2019,7,2019-07-01,苗栗縣,1240.0,201907
2019,7,2019-07-01,連江縣,2294.0,201907
2019,7,2019-07-01,金門縣,12591.0,201907
2019,7,2019-07-01,雲林縣,4163.0,201907
2019,7,2019-07-01,高雄市,267688.0,201907
2019,8,2019-08-01,南投縣,1334.0,201908
2019,8,2019-08-01,嘉義市,3150.0,201908
2019,8,2019-08-01,嘉義縣,2789.0,201908
2019,8,2019-08-01,基隆市,67580.0,201908
2019,8,2019-08-01,宜蘭縣,25724.0,201908
2019,8,2019-08-01,屏東縣,8662.0,201908
2019,8,2019-08-01,彰化縣,4290.0,201908
2019,8,2019-08-01,新北市,672154.0,201908
2019,8,2019-08-01,新竹市,16527.0,201908
2019,8,2019-08-01,新竹縣,7008.0,201908
2019,8,2019-08-01,桃園市,189343.0,201908
2019,8,2019-08-01,澎湖縣,4503.0,201908
2019,8,2019-08-01,臺中市,295829.0,201908
2019,8,2019-08-01,臺北市,981231.0,201908
2019,8,2019-08-01,臺南市,83520.0,201908
2019,8,2019-08-01,臺東縣,2396.0,201908
2019,8,2019-08-01,花蓮縣,2873.0,201908
2019,8,2019-08-01,苗栗縣,1240.0,201908
2019,8,2019-08-01,連江縣,2228.0,201908
2019,8,2019-08-01,金門縣,11935.0,201908
2019,8,2019-08-01,雲林縣,4181.0,201908
2019,8,2019-08-01,高雄市,264005.0,201908
2019,9,2019-09-01,南投縣,2460.0,201909
2019,9,2019-09-01,嘉義市,2820.0,201909
2019,9,2019-09-01,嘉義縣,2732.0,201909
2019,9,2019-09-01,基隆市,65949.0,201909
2019,9,2019-09-01,宜蘭縣,23972.0,201909
2019,9,2019-09-01,屏東縣,10046.0,201909
2019,9,2019-09-01,彰化縣,4533.0,201909
2019,9,2019-09-01,新北市,642312.0,201909
2019,9,2019-09-01,新竹市,16999.0,201909
2019,9,2019-09-01,新竹縣,6681.0,201909
2019,9,2019-09-01,桃園市,178406.0,201909
2019,9,2019-09-01,澎湖縣,5768.0,201909
2019,9,2019-09-01,臺中市,287071.0,201909
2019,9,2019-09-01,臺北市,947440.0,201909
2019,9,2019-09-01,臺南市,85583.0,201909
2019,9,2019-09-01,臺東縣,2394.0,201909
2019,9,2019-09-01,花蓮縣,3104.0,201909
2019,9,2019-09-01,苗栗縣,1200.0,201909
2019,9,2019-09-01,連江縣,2380.0,201909
2019,9,2019-09-01,金門縣,11520.0,201909
2019,9,2019-09-01,雲林縣,4086.0,201909
2019,9,2019-09-01,高雄市,265758.0,201909
2019,10,2019-10-01,南投縣,2536.0,201910
2019,10,2019-10-01,嘉義市,2898.0,201910
2019,10,2019-10-01,嘉義縣,2752.0,201910
2019,10,2019-10-01,基隆市,70195.0,201910
2019,10,2019-10-01,宜蘭縣,25180.0,201910
2019,10,2019-10-01,屏東縣,10229.0,201910
2019,10,2019-10-01,彰化縣,4886.0,201910
2019,10,2019-10-01,新北市,693501.0,201910
2019,10,2019-10-01,新竹市,18064.0,201910
2019,10,2019-10-01,新竹縣,7138.0,201910
2019,10,2019-10-01,桃園市,186071.0,201910
2019,10,2019-10-01,澎湖縣,6035.0,201910
2019,10,2019-10-01,臺中市,299851.0,201910
2019,10,2019-10-01,臺北市,1004403.0,201910
2019,10,2019-10-01,臺南市,89192.0,201910
2019,10,2019-10-01,臺東縣,2471.0,201910
2019,10,2019-10-01,花蓮縣,3235.0,201910
2019,10,2019-10-01,苗栗縣,1240.0,201910
2019,10,2019-10-01,連江縣,2502.0,201910
2019,10,2019-10-01,金門縣,11935.0,201910
2019,10,2019-10-01,雲林縣,4219.0,201910
2019,10,2019-10-01,高雄市,274634.0,201910
2019,11,2019-11-01,南投縣,2454.0,201911
2019,11,2019-11-01,嘉義市,2812.0,201911
2019,11,2019-11-01,嘉義縣,2721.0,201911
2019,11,2019-11-01,基隆市,67181.0,201911
2019,11,2019-11-01,宜蘭縣,24458.0,201911
2019,11,2019-11-01,屏東縣,9925.0,201911
2019,11,2019-11-01,彰化縣,4794.0,201911
2019,11,2019-11-01,新北市,670145.0,201911
2019,11,2019-11-01,新竹市,18442.0,201911
2019,11,2019-11-01,新竹縣,6900.0,201911
2019,11,2019-11-01,桃園市,179632.0,201911
2019,11,2019-11-01,澎湖縣,5813.0,201911
2019,11,2019-11-01,臺中市,288866.0,201911
2019,11,2019-11-01,臺北市,976664.0,201911
2019,11,2019-11-01,臺南市,85780.0,201911
2019,11,2019-11-01,臺東縣,2467.0,201911
2019,11,2019-11-01,花蓮縣,3312.0,201911
2019,11,2019-11-01,苗栗縣,1200.0,201911
2019,11,2019-11-01,連江縣,2410.0,201911
2019,11,2019-11-01,金門縣,13074.0,201911
2019,11,2019-11-01,雲林縣,4048.0,201911
2019,11,2019-11-01,高雄市,263171.0,201911
2019,12,2019-12-01,南投縣,2448.0,201912
2019,12,2019-12-01,嘉義市,2898.0,201912
2019,12,2019-12-01,嘉義縣,2799.0,201912
2019,12,2019-12-01,基隆市,68905.0,201912
2019,12,2019-12-01,宜蘭縣,25164.0,201912
2019,12,2019-12-01,屏東縣,10189.0,201912
2019,12,2019-12-01,彰化縣,4983.0,201912
2019,12,2019-12-01,新北市,752300.0,201912
2019,12,2019-12-01,新竹市,18680.0,201912
2019,12,2019-12-01,新竹縣,7154.0,201912
2019,12,2019-12-01,桃園市,185290.0,201912
2019,12,2019-12-01,澎湖縣,6086.0,201912
2019,12,2019-12-01,臺中市,303306.0,201912
2019,12,2019-12-01,臺北市,1005121.0,201912
2019,12,2019-12-01,臺南市,89750.0,201912
2019,12,2019-12-01,臺東縣,2475.0,201912
2019,12,2019-12-01,花蓮縣,3421.0,201912
2019,12,2019-12-01,苗栗縣,1240.0,201912
2019,12,2019-12-01,連江縣,2518.0,201912
2019,12,2019-12-01,金門縣,11904.0,201912
2019,12,2019-12-01,雲林縣,4170.0,201912
2019,12,2019-12-01,高雄市,272750.0,201912
2020,1,2020-01-01,南投縣,1766.0,202001
2020,1,2020-01-01,嘉義市,3006.0,202001
2020,1,2020-01-01,嘉義縣,2872.0,202001
2020,1,2020-01-01,基隆市,65804.0,202001
2020,1,2020-01-01,宜蘭縣,26140.0,202001
2020,1,2020-01-01,屏東縣,9708.0,202001
2020,1,2020-01-01,彰化縣,4310.0,202001
2020,1,2020-01-01,新北市,633382.0,202001
2020,1,2020-01-01,新竹市,17119.0,202001
2020,1,2020-01-01,新竹縣,6380.0,202001
2020,1,2020-01-01,桃園市,179643.0,202001
2020,1,2020-01-01,澎湖縣,5425.0,202001
2020,1,2020-01-01,臺中市,292225.0,202001
2020,1,2020-01-01,臺北市,951273.0,202001
2020,1,2020-01-01,臺南市,90359.0,202001
2020,1,2020-01-01,臺東縣,2459.0,202001
2020,1,2020-01-01,花蓮縣,3278.0,202001
2020,1,2020-01-01,苗栗縣,1302.0,202001
2020,1,2020-01-01,連江縣,2336.0,202001
2020,1,2020-01-01,金門縣,11904.0,202001
2020,1,2020-01-01,雲林縣,4631.0,202001
2020,1,2020-01-01,高雄市,266743.0,202001
2020,2,2020-02-01,南投縣,1111.0,202002
2020,2,2020-02-01,嘉義市,2922.0,202002
2020,2,2020-02-01,嘉義縣,2615.0,202002
2020,2,2020-02-01,基隆市,64497.0,202002
2020,2,2020-02-01,宜蘭縣,23008.0,202002
2020,2,2020-02-01,屏東縣,8663.0,202002
2020,2,2020-02-01,彰化縣,3926.0,202002
2020,2,2020-02-01,新北市,621627.0,202002
2020,2,2020-02-01,新竹市,16588.0,202002
2020,2,2020-02-01,新竹縣,6646.0,202002
2020,2,2020-02-01,桃園市,171464.0,202002
2020,2,2020-02-01,澎湖縣,4705.0,202002
2020,2,2020-02-01,臺中市,277198.0,202002
2020,2,2020-02-01,臺北市,940652.0,202002
2020,2,2020-02-01,臺南市,84523.0,202002
2020,2,2020-02-01,臺東縣,2245.0,202002
2020,2,2020-02-01,花蓮縣,2955.0,202002
2020,2,2020-02-01,苗栗縣,1218.0,202002
2020,2,2020-02-01,連江縣,2184.0,202002
2020,2,2020-02-01,金門縣,11136.0,202002
2020,2,2020-02-01,雲林縣,4308.0,202002
2020,2,2020-02-01,高雄市,248267.0,202002
2020,3,2020-03-01,南投縣,2278.0,202003
2020,3,2020-03-01,嘉義市,2898.0,202003
2020,3,2020-03-01,嘉義縣,2810.0,202003
2020,3,2020-03-01,基隆市,71016.0,202003
2020,3,2020-03-01,宜蘭縣,25218.0,202003
2020,3,2020-03-01,屏東縣,9728.0,202003
2020,3,2020-03-01,彰化縣,4798.0,202003
2020,3,2020-03-01,新北市,653905.0,202003
2020,3,2020-03-01,新竹市,18662.0,202003
2020,3,2020-03-01,新竹縣,7154.0,202003
2020,3,2020-03-01,桃園市,184258.0,202003
2020,3,2020-03-01,澎湖縣,5909.0,202003
2020,3,2020-03-01,臺中市,301204.0,202003
2020,3,2020-03-01,臺北市,1023895.0,202003
2020,3,2020-03-01,臺南市,89359.0,202003
2020,3,2020-03-01,臺東縣,2477.0,202003
2020,3,2020-03-01,花蓮縣,3398.0,202003
2020,3,2020-03-01,苗栗縣,1302.0,202003
2020,3,2020-03-01,連江縣,2498.0,202003
2020,3,2020-03-01,金門縣,11136.0,202003
2020,3,2020-03-01,雲林縣,4677.0,202003
2020,3,2020-03-01,高雄市,283127.0,202003
2020,4,2020-04-01,南投縣,2072.0,202004
2020,4,2020-04-01,嘉義市,2820.0,202004
2020,4,2020-04-01,嘉義縣,2720.0,202004
2020,4,2020-04-01,基隆市,65798.0,202004
2020,4,2020-04-01,宜蘭縣,25010.0,202004
2020,4,2020-04-01,屏東縣,8867.0,202004
2020,4,2020-04-01,彰化縣,4832.0,202004
2020,4,2020-04-01,新北市,631261.0,202004
2020,4,2020-04-01,新竹市,17996.0,202004
2020,4,2020-04-01,新竹縣,6781.0,202004
2020,4,2020-04-01,桃園市,177390.0,202004
2020,4,2020-04-01,澎湖縣,5508.0,202004
2020,4,2020-04-01,臺中市,291544.0,202004
2020,4,2020-04-01,臺北市,980833.0,202004
2020,4,2020-04-01,臺南市,86668.0,202004
2020,4,2020-04-01,臺東縣,2390.0,202004
2020,4,2020-04-01,花蓮縣,3236.0,202004
2020,4,2020-04-01,苗栗縣,1260.0,202004
2020,4,2020-04-01,連江縣,2412.0,202004
2020,4,2020-04-01,金門縣,11670.0,202004
2020,4,2020-04-01,雲林縣,4554.0,202004
2020,4,2020-04-01,高雄市,273681.0,202004
2020,5,2020-05-01,南投縣,2158.0,202005
2020,5,2020-05-01,嘉義市,2910.0,202005
2020,5,2020-05-01,嘉義縣,2821.0,202005
2020,5,2020-05-01,基隆市,64631.0,202005
2020,5,2020-05-01,宜蘭縣,24294.0,202005
2020,5,2020-05-01,屏東縣,9169.0,202005
2020,5,2020-05-01,彰化縣,5062.0,202005
2020,5,2020-05-01,新北市,651636.0,202005
2020,5,2020-05-01,新竹市,18429.0,202005
2020,5,2020-05-01,新竹縣,7032.0,202005
2020,5,2020-05-01,桃園市,181181.0,202005
2020,5,2020-05-01,澎湖縣,5878.0,202005
2020,5,2020-05-01,臺中市,299336.0,202005
2020,5,2020-05-01,臺北市,1003228.0,202005
2020,5,2020-05-01,臺南市,89302.0,202005
2020,5,2020-05-01,臺東縣,2433.0,202005
2020,5,2020-05-01,花蓮縣,3328.0,202005
2020,5,2020-05-01,苗栗縣,1302.0,202005
2020,5,2020-05-01,連江縣,2494.0,202005
2020,5,2020-05-01,金門縣,11670.0,202005
2020,5,2020-05-01,雲林縣,4699.0,202005
2020,5,2020-05-01,高雄市,280258.0,202005
2020,6,2020-06-01,南投縣,2340.0,202006
2020,6,2020-06-01,嘉義市,4231.0,202006
2020,6,2020-06-01,嘉義縣,2475.0,202006
2020,6,2020-06-01,基隆市,63720.0,202006
2020,6,2020-06-01,宜蘭縣,23385.0,202006
2020,6,2020-06-01,屏東縣,8958.0,202006
2020,6,2020-06-01,彰化縣,4814.0,202006
2020,6,2020-06-01,新北市,654250.0,202006
2020,6,2020-06-01,新竹市,17579.0,202006
2020,6,2020-06-01,新竹縣,6858.0,202006
2020,6,2020-06-01,桃園市,176265.0,202006
2020,6,2020-06-01,澎湖縣,5881.0,202006
2020,6,2020-06-01,臺中市,289227.0,202006
2020,6,2020-06-01,臺北市,977510.0,202006
2020,6,2020-06-01,臺南市,85774.0,202006
2020,6,2020-06-01,臺東縣,2330.0,202006
2020,6,2020-06-01,花蓮縣,3238.0,202006
2020,6,2020-06-01,苗栗縣,1260.0,202006
2020,6,2020-06-01,連江縣,2412.0,202006
2020,6,2020-06-01,金門縣,11520.0,202006
2020,6,2020-06-01,雲林縣,4540.0,202006
2020,6,2020-06-01,高雄市,270710.0,202006
2020,7,2020-07-01,南投縣,1102.0,202007
2020,7,2020-07-01,嘉義市,4572.0,202007
2020,7,2020-07-01,嘉義縣,2464.0,202007
2020,7,2020-07-01,基隆市,58390.0,202007
2020,7,2020-07-01,宜蘭縣,23891.0,202007
2020,7,2020-07-01,屏東縣,9049.0,202007
2020,7,2020-07-01,彰化縣,4847.0,202007
2020,7,2020-07-01,新北市,709618.0,202007
2020,7,2020-07-01,新竹市,17511.0,202007
2020,7,2020-07-01,新竹縣,7188.0,202007
2020,7,2020-07-01,桃園市,181256.0,202007
2020,7,2020-07-01,澎湖縣,5569.0,202007
2020,7,2020-07-01,臺中市,298268.0,202007
2020,7,2020-07-01,臺北市,1016281.0,202007
2020,7,2020-07-01,臺南市,88915.0,202007
2020,7,2020-07-01,臺東縣,2390.0,202007
2020,7,2020-07-01,花蓮縣,3190.0,202007
2020,7,2020-07-01,苗栗縣,1302.0,202007
2020,7,2020-07-01,連江縣,2378.0,202007
2020,7,2020-07-01,金門縣,11520.0,202007
2020,7,2020-07-01,雲林縣,4667.0,202007
2020,7,2020-07-01,高雄市,275955.0,202007
2020,8,2020-08-01,南投縣,1092.0,202008
2020,8,2020-08-01,嘉義市,4638.0,202008
2020,8,2020-08-01,嘉義縣,2491.0,202008
2020,8,2020-08-01,基隆市,61218.0,202008
2020,8,2020-08-01,宜蘭縣,24626.0,202008
2020,8,2020-08-01,屏東縣,8792.0,202008
2020,8,2020-08-01,彰化縣,4855.0,202008
2020,8,2020-08-01,新北市,686768.0,202008
2020,8,2020-08-01,新竹市,16977.0,202008
2020,8,2020-08-01,新竹縣,7031.0,202008
2020,8,2020-08-01,桃園市,188819.0,202008
2020,8,2020-08-01,澎湖縣,5080.0,202008
2020,8,2020-08-01,臺中市,297187.0,202008
2020,8,2020-08-01,臺北市,988173.0,202008
2020,8,2020-08-01,臺南市,89301.0,202008
2020,8,2020-08-01,臺東縣,2349.0,202008
2020,8,2020-08-01,花蓮縣,3170.0,202008
2020,8,2020-08-01,苗栗縣,1302.0,202008
2020,8,2020-08-01,連江縣,2328.0,202008
2020,8,2020-08-01,金門縣,11520.0,202008
2020,8,2020-08-01,雲林縣,4683.0,202008
2020,8,2020-08-01,高雄市,271282.0,202008
2020,9,2020-09-01,南投縣,2422.0,202009
2020,9,2020-09-01,嘉義市,4224.0,202009
2020,9,2020-09-01,嘉義縣,2387.0,202009
2020,9,2020-09-01,基隆市,57004.0,202009
2020,9,2020-09-01,宜蘭縣,24314.0,202009
2020,9,2020-09-01,屏東縣,8925.0,202009
2020,9,2020-09-01,彰化縣,5250.0,202009
2020,9,2020-09-01,新北市,685476.0,202009
2020,9,2020-09-01,新竹市,17728.0,202009
2020,9,2020-09-01,新竹縣,7032.0,202009
2020,9,2020-09-01,桃園市,187586.0,202009
2020,9,2020-09-01,澎湖縣,5862.0,202009
2020,9,2020-09-01,臺中市,292430.0,202009
2020,9,2020-09-01,臺北市,985413.0,202009
2020,9,2020-09-01,臺南市,86347.0,202009
2020,9,2020-09-01,臺東縣,2334.0,202009
2020,9,2020-09-01,花蓮縣,3094.0,202009
2020,9,2020-09-01,苗栗縣,1260.0,202009
2020,9,2020-09-01,連江縣,2388.0,202009
2020,9,2020-09-01,金門縣,11520.0,202009
2020,9,2020-09-01,雲林縣,4510.0,202009
2020,9,2020-09-01,高雄市,265180.0,202009
2020,10,2020-10-01,南投縣,2360.0,202010
2020,10,2020-10-01,嘉義市,4435.0,202010
2020,10,2020-10-01,嘉義縣,2533.0,202010
2020,10,2020-10-01,基隆市,52892.0,202010
2020,10,2020-10-01,宜蘭縣,25335.0,202010
2020,10,2020-10-01,屏東縣,9486.0,202010
2020,10,2020-10-01,彰化縣,5368.0,202010
2020,10,2020-10-01,新北市,680255.0,202010
2020,10,2020-10-01,新竹市,17964.0,202010
2020,10,2020-10-01,新竹縣,6864.0,202010
2020,10,2020-10-01,桃園市,192945.0,202010
2020,10,2020-10-01,澎湖縣,5784.0,202010
2020,10,2020-10-01,臺中市,297488.0,202010
2020,10,2020-10-01,臺北市,976978.0,202010
2020,10,2020-10-01,臺南市,89769.0,202010
2020,10,2020-10-01,臺東縣,2393.0,202010
2020,10,2020-10-01,花蓮縣,4208.0,202010
2020,10,2020-10-01,苗栗縣,1302.0,202010
2020,10,2020-10-01,連江縣,2464.0,202010
2020,10,2020-10-01,金門縣,11520.0,202010
2020,10,2020-10-01,雲林縣,4769.0,202010
2020,10,2020-10-01,高雄市,270761.0,202010
2020,11,2020-11-01,南投縣,3298.0,202011
2020,11,2020-11-01,嘉義市,4248.0,202011
2020,11,2020-11-01,嘉義縣,3504.0,202011
2020,11,2020-11-01,基隆市,62658.0,202011
2020,11,2020-11-01,宜蘭縣,24267.0,202011
2020,11,2020-11-01,屏東縣,11169.0,202011
2020,11,2020-11-01,彰化縣,5160.0,202011
2020,11,2020-11-01,新北市,664739.0,202011
2020,11,2020-11-01,新竹市,19139.0,202011
2020,11,2020-11-01,新竹縣,7188.0,202011
2020,11,2020-11-01,桃園市,188049.0,202011
2020,11,2020-11-01,澎湖縣,5736.0,202011
2020,11,2020-11-01,臺中市,291660.0,202011
2020,11,2020-11-01,臺北市,952710.0,202011
2020,11,2020-11-01,臺南市,88464.0,202011
2020,11,2020-11-01,臺東縣,3329.0,202011
2020,11,2020-11-01,花蓮縣,4236.0,202011
2020,11,2020-11-01,苗栗縣,1260.0,202011
2020,11,2020-11-01,連江縣,2412.0,202011
2020,11,2020-11-01,金門縣,11520.0,202011
2020,11,2020-11-01,雲林縣,4524.0,202011
2020,11,2020-11-01,高雄市,273148.0,202011
2020,12,2020-12-01,南投縣,3459.0,202012
2020,12,2020-12-01,嘉義市,4374.0,202012
2020,12,2020-12-01,嘉義縣,3575.0,202012
2020,12,2020-12-01,基隆市,64022.0,202012
2020,12,2020-12-01,宜蘭縣,25152.0,202012
2020,12,2020-12-01,屏東縣,12198.0,202012
2020,12,2020-12-01,彰化縣,5366.0,202012
2020,12,2020-12-01,新北市,696767.0,202012
2020,12,2020-12-01,新竹市,19879.0,202012
2020,12,2020-12-01,新竹縣,8198.0,202012
2020,12,2020-12-01,桃園市,194621.0,202012
2020,12,2020-12-01,澎湖縣,6001.0,202012
2020,12,2020-12-01,臺中市,302718.0,202012
2020,12,2020-12-01,臺北市,992630.0,202012
2020,12,2020-12-01,臺南市,91579.0,202012
2020,12,2020-12-01,臺東縣,3497.0,202012
2020,12,2020-12-01,花蓮縣,4598.0,202012
2020,12,2020-12-01,苗栗縣,1302.0,202012
2020,12,2020-12-01,連江縣,2504.0,202012
2020,12,2020-12-01,金門縣,11094.0,202012
2020,12,2020-12-01,雲林縣,4667.0,202012
2020,12,2020-12-01,高雄市,283677.0,202012
2021,1,2021-01-01,南投縣,2429.0,202101
2021,1,2021-01-01,嘉義市,4776.0,202101
2021,1,2021-01-01,嘉義縣,3479.0,202101
2021,1,2021-01-01,基隆市,62118.0,202101
2021,1,2021-01-01,宜蘭縣,24971.0,202101
2021,1,2021-01-01,屏東縣,12813.0,202101
2021,1,2021-01-01,彰化縣,4828.0,202101
2021,1,2021-01-01,新北市,670420.0,202101
2021,1,2021-01-01,新竹市,19245.0,202101
2021,1,2021-01-01,新竹縣,7813.0,202101
2021,1,2021-01-01,桃園市,183468.0,202101
2021,1,2021-01-01,澎湖縣,5433.0,202101
2021,1,2021-01-01,臺中市,299698.0,202101
2021,1,2021-01-01,臺北市,957928.0,202101
2021,1,2021-01-01,臺南市,92546.0,202101
2021,1,2021-01-01,臺東縣,3375.0,202101
2021,1,2021-01-01,花蓮縣,4669.0,202101
2021,1,2021-01-01,苗栗縣,1302.0,202101
2021,1,2021-01-01,連江縣,2406.0,202101
2021,1,2021-01-01,金門縣,11094.0,202101
2021,1,2021-01-01,雲林縣,4713.0,202101
2021,1,2021-01-01,高雄市,278243.0,202101
2021,2,2021-02-01,南投縣,1987.0,202102
2021,2,2021-02-01,嘉義市,4488.0,202102
2021,2,2021-02-01,嘉義縣,3345.0,202102
2021,2,2021-02-01,基隆市,58188.0,202102
2021,2,2021-02-01,宜蘭縣,22401.0,202102
2021,2,2021-02-01,屏東縣,11385.0,202102
2021,2,2021-02-01,彰化縣,4250.0,202102
2021,2,2021-02-01,新北市,558968.0,202102
2021,2,2021-02-01,新竹市,15697.0,202102
2021,2,2021-02-01,新竹縣,6409.0,202102
2021,2,2021-02-01,桃園市,160408.0,202102
2021,2,2021-02-01,澎湖縣,4588.0,202102
2021,2,2021-02-01,臺中市,257454.0,202102
2021,2,2021-02-01,臺北市,796805.0,202102
2021,2,2021-02-01,臺南市,83108.0,202102
2021,2,2021-02-01,臺東縣,2797.0,202102
2021,2,2021-02-01,花蓮縣,3983.0,202102
2021,2,2021-02-01,苗栗縣,1176.0,202102
2021,2,2021-02-01,連江縣,2068.0,202102
2021,2,2021-02-01,金門縣,10752.0,202102
2021,2,2021-02-01,雲林縣,4336.0,202102
2021,2,2021-02-01,高雄市,246405.0,202102
2021,3,2021-03-01,南投縣,3372.0,202103
2021,3,2021-03-01,嘉義市,4926.0,202103
2021,3,2021-03-01,嘉義縣,3682.0,202103
2021,3,2021-03-01,基隆市,63674.0,202103
2021,3,2021-03-01,宜蘭縣,30924.0,202103
2021,3,2021-03-01,屏東縣,13385.0,202103
2021,3,2021-03-01,彰化縣,5552.0,202103
2021,3,2021-03-01,新北市,675582.0,202103
2021,3,2021-03-01,新竹市,19667.0,202103
2021,3,2021-03-01,新竹縣,8100.0,202103
2021,3,2021-03-01,桃園市,184178.0,202103
2021,3,2021-03-01,澎湖縣,5924.0,202103
2021,3,2021-03-01,臺中市,297834.0,202103
2021,3,2021-03-01,臺北市,949720.0,202103
2021,3,2021-03-01,臺南市,90782.0,202103
2021,3,2021-03-01,臺東縣,3653.0,202103
2021,3,2021-03-01,花蓮縣,5069.0,202103
2021,3,2021-03-01,苗栗縣,1302.0,202103
2021,3,2021-03-01,連江縣,2494.0,202103
2021,3,2021-03-01,金門縣,10752.0,202103
2021,3,2021-03-01,雲林縣,4653.0,202103
2021,3,2021-03-01,高雄市,277650.0,202103
2021,4,2021-04-01,南投縣,3239.0,202104
2021,4,2021-04-01,嘉義市,4780.0,202104
2021,4,2021-04-01,嘉義縣,3700.0,202104
2021,4,2021-04-01,基隆市,62344.0,202104
2021,4,2021-04-01,宜蘭縣,24986.0,202104
2021,4,2021-04-01,屏東縣,12960.0,202104
2021,4,2021-04-01,彰化縣,5303.0,202104
2021,4,2021-04-01,新北市,640623.0,202104
2021,4,2021-04-01,新竹市,18964.0,202104
2021,4,2021-04-01,新竹縣,7753.0,202104
2021,4,2021-04-01,桃園市,177401.0,202104
2021,4,2021-04-01,澎湖縣,5525.0,202104
2021,4,2021-04-01,臺中市,284033.0,202104
2021,4,2021-04-01,臺北市,905049.0,202104
2021,4,2021-04-01,臺南市,89252.0,202104
2021,4,2021-04-01,臺東縣,3510.0,202104
2021,4,2021-04-01,花蓮縣,5081.0,202104
2021,4,2021-04-01,苗栗縣,1260.0,202104
2021,4,2021-04-01,連江縣,2404.0,202104
2021,4,2021-04-01,金門縣,11520.0,202104
2021,4,2021-04-01,雲林縣,4587.0,202104
2021,4,2021-04-01,高雄市,268317.0,202104
2021,5,2021-05-01,南投縣,2907.0,202105
2021,5,2021-05-01,嘉義市,4792.0,202105
2021,5,2021-05-01,嘉義縣,3032.0,202105
2021,5,2021-05-01,基隆市,62632.0,202105
2021,5,2021-05-01,宜蘭縣,23078.0,202105
2021,5,2021-05-01,屏東縣,11361.0,202105
2021,5,2021-05-01,彰化縣,4819.0,202105
2021,5,2021-05-01,新北市,569249.0,202105
2021,5,2021-05-01,新竹市,17443.0,202105
2021,5,2021-05-01,新竹縣,7838.0,202105
2021,5,2021-05-01,桃園市,174010.0,202105
2021,5,2021-05-01,澎湖縣,5204.0,202105
2021,5,2021-05-01,臺中市,279145.0,202105
2021,5,2021-05-01,臺北市,796249.0,202105
2021,5,2021-05-01,臺南市,89870.0,202105
2021,5,2021-05-01,臺東縣,3503.0,202105
2021,5,2021-05-01,花蓮縣,3845.0,202105
2021,5,2021-05-01,苗栗縣,1302.0,202105
2021,5,2021-05-01,連江縣,2404.0,202105
2021,5,2021-05-01,金門縣,11520.0,202105
2021,5,2021-05-01,雲林縣,4493.0,202105
2021,5,2021-05-01,高雄市,267771.0,202105
2021,6,2021-06-01,南投縣,1444.0,202106
2021,6,2021-06-01,嘉義市,4122.0,202106
2021,6,2021-06-01,嘉義縣,1734.0,202106
2021,6,2021-06-01,基隆市,41484.0,202106
2021,6,2021-06-01,宜蘭縣,15068.0,202106
2021,6,2021-06-01,屏東縣,5523.0,202106
2021,6,2021-06-01,彰化縣,2871.0,202106
2021,6,2021-06-01,新北市,362995.0,202106
2021,6,2021-06-01,新竹市,10094.0,202106
2021,6,2021-06-01,新竹縣,7373.0,202106
2021,6,2021-06-01,桃園市,145071.0,202106
2021,6,2021-06-01,澎湖縣,4739.0,202106
2021,6,2021-06-01,臺中市,222487.0,202106
2021,6,2021-06-01,臺北市,530220.0,202106
2021,6,2021-06-01,臺南市,69523.0,202106
2021,6,2021-06-01,臺東縣,2762.0,202106
2021,6,2021-06-01,花蓮縣,1733.0,202106
2021,6,2021-06-01,苗栗縣,1260.0,202106
2021,6,2021-06-01,連江縣,2220.0,202106
2021,6,2021-06-01,金門縣,11520.0,202106
2021,6,2021-06-01,雲林縣,3702.0,202106
2021,6,2021-06-01,高雄市,204476.0,202106
2021,7,2021-07-01,南投縣,1355.0,202107
2021,7,2021-07-01,嘉義市,4390.0,202107
2021,7,2021-07-01,嘉義縣,3392.0,202107
2021,7,2021-07-01,基隆市,43128.0,202107
2021,7,2021-07-01,宜蘭縣,15854.0,202107
2021,7,2021-07-01,屏東縣,4563.0,202107
2021,7,2021-07-01,彰化縣,2759.0,202107
2021,7,2021-07-01,新北市,383676.0,202107
2021,7,2021-07-01,新竹市,9649.0,202107
2021,7,2021-07-01,新竹縣,7592.0,202107
2021,7,2021-07-01,桃園市,151031.0,202107
2021,7,2021-07-01,澎湖縣,4903.0,202107
2021,7,2021-07-01,臺中市,223447.0,202107
2021,7,2021-07-01,臺北市,573117.0,202107
2021,7,2021-07-01,臺南市,64906.0,202107
2021,7,2021-07-01,臺東縣,2345.0,202107
2021,7,2021-07-01,花蓮縣,1633.0,202107
2021,7,2021-07-01,苗栗縣,1302.0,202107
2021,7,2021-07-01,連江縣,2330.0,202107
2021,7,2021-07-01,金門縣,11520.0,202107
2021,7,2021-07-01,雲林縣,3689.0,202107
2021,7,2021-07-01,高雄市,208346.0,202107
2021,8,2021-08-01,南投縣,1461.0,202108
2021,8,2021-08-01,嘉義市,4980.0,202108
2021,8,2021-08-01,嘉義縣,3849.0,202108
2021,8,2021-08-01,基隆市,49168.0,202108
2021,8,2021-08-01,宜蘭縣,17155.0,202108
2021,8,2021-08-01,屏東縣,7416.0,202108
2021,8,2021-08-01,彰化縣,3069.0,202108
2021,8,2021-08-01,新北市,492426.0,202108
2021,8,2021-08-01,新竹市,10848.0,202108
2021,8,2021-08-01,新竹縣,7684.0,202108
2021,8,2021-08-01,桃園市,160673.0,202108
2021,8,2021-08-01,澎湖縣,4891.0,202108
2021,8,2021-08-01,臺中市,229894.0,202108
2021,8,2021-08-01,臺北市,736763.0,202108
2021,8,2021-08-01,臺南市,65939.0,202108
2021,8,2021-08-01,臺東縣,3265.0,202108
2021,8,2021-08-01,花蓮縣,2170.0,202108
2021,8,2021-08-01,苗栗縣,1302.0,202108
2021,8,2021-08-01,連江縣,2248.0,202108
2021,8,2021-08-01,金門縣,11520.0,202108
2021,8,2021-08-01,雲林縣,3907.0,202108
2021,8,2021-08-01,高雄市,211546.0,202108
2021,9,2021-09-01,南投縣,1759.0,202109
2021,9,2021-09-01,嘉義市,4770.0,202109
2021,9,2021-09-01,嘉義縣,4447.0,202109
2021,9,2021-09-01,基隆市,53759.0,202109
2021,9,2021-09-01,宜蘭縣,20269.0,202109
2021,9,2021-09-01,屏東縣,12921.0,202109
2021,9,2021-09-01,彰化縣,4358.0,202109
2021,9,2021-09-01,新北市,602187.0,202109
2021,9,2021-09-01,新竹市,18549.0,202109
2021,9,2021-09-01,新竹縣,7484.0,202109
2021,9,2021-09-01,桃園市,166381.0,202109
2021,9,2021-09-01,澎湖縣,5468.0,202109
2021,9,2021-09-01,臺中市,258087.0,202109
2021,9,2021-09-01,臺北市,827582.0,202109
2021,9,2021-09-01,臺南市,84242.0,202109
2021,9,2021-09-01,臺東縣,3313.0,202109
2021,9,2021-09-01,花蓮縣,2948.0,202109
2021,9,2021-09-01,苗栗縣,1260.0,202109
2021,9,2021-09-01,連江縣,2538.0,202109
2021,9,2021-09-01,金門縣,11520.0,202109
2021,9,2021-09-01,雲林縣,3899.0,202109
2021,9,2021-09-01,高雄市,234188.0,202109
2021,10,2021-10-01,南投縣,2698.0,202110
2021,10,2021-10-01,嘉義市,4946.0,202110
2021,10,2021-10-01,嘉義縣,4700.0,202110
2021,10,2021-10-01,基隆市,56764.0,202110
2021,10,2021-10-01,宜蘭縣,22200.0,202110
2021,10,2021-10-01,屏東縣,14382.0,202110
2021,10,2021-10-01,彰化縣,5845.0,202110
2021,10,2021-10-01,新北市,626834.0,202110
2021,10,2021-10-01,新竹市,19052.0,202110
2021,10,2021-10-01,新竹縣,7378.0,202110
2021,10,2021-10-01,桃園市,171878.0,202110
2021,10,2021-10-01,澎湖縣,5623.0,202110
2021,10,2021-10-01,臺中市,269829.0,202110
2021,10,2021-10-01,臺北市,865267.0,202110
2021,10,2021-10-01,臺南市,87872.0,202110
2021,10,2021-10-01,臺東縣,3453.0,202110
2021,10,2021-10-01,花蓮縣,3070.0,202110
2021,10,2021-10-01,苗栗縣,1302.0,202110
2021,10,2021-10-01,連江縣,2410.0,202110
2021,10,2021-10-01,金門縣,11520.0,202110
2021,10,2021-10-01,雲林縣,4065.0,202110
2021,10,2021-10-01,高雄市,244129.0,202110
2021,11,2021-11-01,南投縣,2965.0,202111
2021,11,2021-11-01,嘉義市,4820.0,202111
2021,11,2021-11-01,嘉義縣,4847.0,202111
2021,11,2021-11-01,基隆市,54548.0,202111
2021,11,2021-11-01,宜蘭縣,22373.0,202111
2021,11,2021-11-01,屏東縣,14238.0,202111
2021,11,2021-11-01,彰化縣,5928.0,202111
2021,11,2021-11-01,新北市,623085.0,202111
2021,11,2021-11-01,新竹市,18458.0,202111
2021,11,2021-11-01,新竹縣,7531.0,202111
2021,11,2021-11-01,桃園市,168620.0,202111
2021,11,2021-11-01,澎湖縣,5542.0,202111
2021,11,2021-11-01,臺中市,265957.0,202111
2021,11,2021-11-01,臺北市,862256.0,202111
2021,11,2021-11-01,臺南市,84264.0,202111
2021,11,2021-11-01,臺東縣,3319.0,202111
2021,11,2021-11-01,花蓮縣,3055.0,202111
2021,11,2021-11-01,苗栗縣,1260.0,202111
2021,11,2021-11-01,連江縣,2440.0,202111
2021,11,2021-11-01,金門縣,11520.0,202111
2021,11,2021-11-01,雲林縣,3916.0,202111
2021,11,2021-11-01,高雄市,240068.0,202111
2021,12,2021-12-01,南投縣,3008.0,202112
2021,12,2021-12-01,嘉義市,5014.0,202112
2021,12,2021-12-01,嘉義縣,5091.0,202112
2021,12,2021-12-01,基隆市,68912.0,202112
2021,12,2021-12-01,宜蘭縣,22984.0,202112
2021,12,2021-12-01,屏東縣,15153.0,202112
2021,12,2021-12-01,彰化縣,6219.0,202112
2021,12,2021-12-01,新北市,645516.0,202112
2021,12,2021-12-01,新竹市,18982.0,202112
2021,12,2021-12-01,新竹縣,7597.0,202112
2021,12,2021-12-01,桃園市,170889.0,202112
2021,12,2021-12-01,澎湖縣,5719.0,202112
2021,12,2021-12-01,臺中市,276645.0,202112
2021,12,2021-12-01,臺北市,891189.0,202112
2021,12,2021-12-01,臺南市,88056.0,202112
2021,12,2021-12-01,臺東縣,3400.0,202112
2021,12,2021-12-01,花蓮縣,3271.0,202112
2021,12,2021-12-01,苗栗縣,1302.0,202112
2021,12,2021-12-01,連江縣,2518.0,202112
2021,12,2021-12-01,金門縣,11520.0,202112
2021,12,2021-12-01,雲林縣,4069.0,202112
2021,12,2021-12-01,高雄市,247140.0,202112
2022,1,2022-01-01,南投縣,2874.0,202201
2022,1,2022-01-01,嘉義市,4996.0,202201
2022,1,2022-01-01,嘉義縣,4903.0,202201
2022,1,2022-01-01,基隆市,55681.0,202201
2022,1,2022-01-01,宜蘭縣,22717.0,202201
2022,1,2022-01-01,屏東縣,14419.0,202201
2022,1,2022-01-01,彰化縣,6022.0,202201
2022,1,2022-01-01,新北市,615065.0,202201
2022,1,2022-01-01,新竹市,18041.0,202201
2022,1,2022-01-01,新竹縣,7369.0,202201
2022,1,2022-01-01,桃園市,174354.0,202201
2022,1,2022-01-01,澎湖縣,5349.0,202201
2022,1,2022-01-01,臺中市,275816.0,202201
2022,1,2022-01-01,臺北市,856617.0,202201
2022,1,2022-01-01,臺南市,91394.0,202201
2022,1,2022-01-01,臺東縣,3181.0,202201
2022,1,2022-01-01,花蓮縣,3659.0,202201
2022,1,2022-01-01,苗栗縣,1302.0,202201
2022,1,2022-01-01,連江縣,2422.0,202201
2022,1,2022-01-01,金門縣,11520.0,202201
2022,1,2022-01-01,雲林縣,4104.0,202201
2022,1,2022-01-01,高雄市,242063.0,202201
2022,2,2022-02-01,南投縣,1898.0,202202
2022,2,2022-02-01,嘉義市,4542.0,202202
2022,2,2022-02-01,嘉義縣,4410.0,202202
2022,2,2022-02-01,基隆市,55221.0,202202
2022,2,2022-02-01,宜蘭縣,20467.0,202202
2022,2,2022-02-01,屏東縣,12484.0,202202
2022,2,2022-02-01,彰化縣,5266.0,202202
2022,2,2022-02-01,新北市,511897.0,202202
2022,2,2022-02-01,新竹市,15458.0,202202
2022,2,2022-02-01,新竹縣,6118.0,202202
2022,2,2022-02-01,桃園市,152727.0,202202
2022,2,2022-02-01,澎湖縣,4749.0,202202
2022,2,2022-02-01,臺中市,241259.0,202202
2022,2,2022-02-01,臺北市,718324.0,202202
2022,2,2022-02-01,臺南市,79343.0,202202
2022,2,2022-02-01,臺東縣,2783.0,202202
2022,2,2022-02-01,花蓮縣,3019.0,202202
2022,2,2022-02-01,苗栗縣,1176.0,202202
2022,2,2022-02-01,連江縣,2270.0,202202
2022,2,2022-02-01,金門縣,10752.0,202202
2022,2,2022-02-01,雲林縣,3744.0,202202
2022,2,2022-02-01,高雄市,211290.0,202202
2022,3,2022-03-01,南投縣,3043.0,202203
2022,3,2022-03-01,嘉義市,5008.0,202203
2022,3,2022-03-01,嘉義縣,4669.0,202203
2022,3,2022-03-01,基隆市,57798.0,202203
2022,3,2022-03-01,宜蘭縣,23418.0,202203
2022,3,2022-03-01,屏東縣,15104.0,202203
2022,3,2022-03-01,彰化縣,6365.0,202203
2022,3,2022-03-01,新北市,637222.0,202203
2022,3,2022-03-01,新竹市,19235.0,202203
2022,3,2022-03-01,新竹縣,7693.0,202203
2022,3,2022-03-01,桃園市,176980.0,202203
2022,3,2022-03-01,澎湖縣,5973.0,202203
2022,3,2022-03-01,臺中市,277206.0,202203
2022,3,2022-03-01,臺北市,874160.0,202203
2022,3,2022-03-01,臺南市,87477.0,202203
2022,3,2022-03-01,臺東縣,3440.0,202203
2022,3,2022-03-01,花蓮縣,3956.0,202203
2022,3,2022-03-01,苗栗縣,1302.0,202203
2022,3,2022-03-01,連江縣,2804.0,202203
2022,3,2022-03-01,金門縣,11904.0,202203
2022,3,2022-03-01,雲林縣,3948.0,202203
2022,3,2022-03-01,高雄市,245017.0,202203
2022,4,2022-04-01,南投縣,2304.0,202204
2022,4,2022-04-01,嘉義市,4864.0,202204
2022,4,2022-04-01,嘉義縣,6029.0,202204
2022,4,2022-04-01,基隆市,54326.0,202204
2022,4,2022-04-01,宜蘭縣,22681.0,202204
2022,4,2022-04-01,屏東縣,14390.0,202204
2022,4,2022-04-01,彰化縣,6086.0,202204
2022,4,2022-04-01,新北市,589260.0,202204
2022,4,2022-04-01,新竹市,18191.0,202204
2022,4,2022-04-01,新竹縣,7015.0,202204
2022,4,2022-04-01,桃園市,168817.0,202204
2022,4,2022-04-01,澎湖縣,5578.0,202204
2022,4,2022-04-01,臺中市,264455.0,202204
2022,4,2022-04-01,臺北市,792376.0,202204
2022,4,2022-04-01,臺南市,85397.0,202204
2022,4,2022-04-01,臺東縣,3274.0,202204
2022,4,2022-04-01,花蓮縣,3618.0,202204
2022,4,2022-04-01,苗栗縣,1260.0,202204
2022,4,2022-04-01,連江縣,2498.0,202204
2022,4,2022-04-01,金門縣,11520.0,202204
2022,4,2022-04-01,雲林縣,4756.0,202204
2022,4,2022-04-01,高雄市,233274.0,202204
2022,5,2022-05-01,南投縣,2501.0,202205
2022,5,2022-05-01,嘉義市,5014.0,202205
2022,5,2022-05-01,嘉義縣,4711.0,202205
2022,5,2022-05-01,基隆市,54890.0,202205
2022,5,2022-05-01,宜蘭縣,23523.0,202205
2022,5,2022-05-01,屏東縣,14025.0,202205
2022,5,2022-05-01,彰化縣,6215.0,202205
2022,5,2022-05-01,新北市,577152.0,202205
2022,5,2022-05-01,新竹市,18243.0,202205
2022,5,2022-05-01,新竹縣,8115.0,202205
2022,5,2022-05-01,桃園市,174565.0,202205
2022,5,2022-05-01,澎湖縣,5495.0,202205
2022,5,2022-05-01,臺中市,272879.0,202205
2022,5,2022-05-01,臺北市,775878.0,202205
2022,5,2022-05-01,臺南市,89226.0,202205
2022,5,2022-05-01,臺東縣,3719.0,202205
2022,5,2022-05-01,花蓮縣,3647.0,202205
2022,5,2022-05-01,苗栗縣,1302.0,202205
2022,5,2022-05-01,連江縣,2510.0,202205
2022,5,2022-05-01,金門縣,11904.0,202205
2022,5,2022-05-01,雲林縣,4863.0,202205
2022,5,2022-05-01,高雄市,242047.0,202205
2022,6,2022-06-01,南投縣,1470.0,202206
2022,6,2022-06-01,嘉義市,4854.0,202206
2022,6,2022-06-01,嘉義縣,4496.0,202206
2022,6,2022-06-01,基隆市,50831.0,202206
2022,6,2022-06-01,宜蘭縣,22572.0,202206
2022,6,2022-06-01,屏東縣,13117.0,202206
2022,6,2022-06-01,彰化縣,5577.0,202206
2022,6,2022-06-01,新北市,507435.0,202206
2022,6,2022-06-01,新竹市,17384.0,202206
2022,6,2022-06-01,新竹縣,7057.0,202206
2022,6,2022-06-01,桃園市,167676.0,202206
2022,6,2022-06-01,澎湖縣,5266.0,202206
2022,6,2022-06-01,臺中市,255860.0,202206
2022,6,2022-06-01,臺北市,726154.0,202206
2022,6,2022-06-01,臺南市,84648.0,202206
2022,6,2022-06-01,臺東縣,3716.0,202206
2022,6,2022-06-01,花蓮縣,3441.0,202206
2022,6,2022-06-01,苗栗縣,1260.0,202206
2022,6,2022-06-01,連江縣,2400.0,202206
2022,6,2022-06-01,金門縣,11520.0,202206
2022,6,2022-06-01,雲林縣,4714.0,202206
2022,6,2022-06-01,高雄市,220017.0,202206
2022,7,2022-07-01,南投縣,1516.0,202207
2022,7,2022-07-01,嘉義市,5146.0,202207
2022,7,2022-07-01,嘉義縣,4490.0,202207
2022,7,2022-07-01,基隆市,53371.0,202207
2022,7,2022-07-01,宜蘭縣,23626.0,202207
2022,7,2022-07-01,屏東縣,13290.0,202207
2022,7,2022-07-01,彰化縣,5148.0,202207
2022,7,2022-07-01,新北市,549988.0,202207
2022,7,2022-07-01,新竹市,17182.0,202207
2022,7,2022-07-01,新竹縣,7325.0,202207
2022,7,2022-07-01,桃園市,172523.0,202207
2022,7,2022-07-01,澎湖縣,4599.0,202207
2022,7,2022-07-01,臺中市,263721.0,202207
2022,7,2022-07-01,臺北市,774488.0,202207
2022,7,2022-07-01,臺南市,86839.0,202207
2022,7,2022-07-01,臺東縣,3234.0,202207
2022,7,2022-07-01,花蓮縣,3487.0,202207
2022,7,2022-07-01,苗栗縣,1302.0,202207
2022,7,2022-07-01,連江縣,2294.0,202207
2022,7,2022-07-01,金門縣,11966.0,202207
2022,7,2022-07-01,雲林縣,5043.0,202207
2022,7,2022-07-01,高雄市,221179.0,202207
2022,8,2022-08-01,南投縣,1599.0,202208
2022,8,2022-08-01,嘉義市,5134.0,202208
2022,8,2022-08-01,嘉義縣,4481.0,202208
2022,8,2022-08-01,基隆市,55086.0,202208
2022,8,2022-08-01,宜蘭縣,23461.0,202208
2022,8,2022-08-01,屏東縣,14389.0,202208
2022,8,2022-08-01,彰化縣,5322.0,202208
2022,8,2022-08-01,新北市,615728.0,202208
2022,8,2022-08-01,新竹市,17322.0,202208
2022,8,2022-08-01,新竹縣,7572.0,202208
2022,8,2022-08-01,桃園市,173716.0,202208
2022,8,2022-08-01,澎湖縣,4723.0,202208
2022,8,2022-08-01,臺中市,266517.0,202208
2022,8,2022-08-01,臺北市,839743.0,202208
2022,8,2022-08-01,臺南市,88071.0,202208
2022,8,2022-08-01,臺東縣,3516.0,202208
2022,8,2022-08-01,花蓮縣,3819.0,202208
2022,8,2022-08-01,苗栗縣,1302.0,202208
2022,8,2022-08-01,連江縣,2324.0,202208
2022,8,2022-08-01,金門縣,11904.0,202208
2022,8,2022-08-01,雲林縣,5045.0,202208
2022,8,2022-08-01,高雄市,223090.0,202208
2022,9,2022-09-01,南投縣,2904.0,202209
2022,9,2022-09-01,嘉義市,4854.0,202209
2022,9,2022-09-01,嘉義縣,4170.0,202209
2022,9,2022-09-01,基隆市,52744.0,202209
2022,9,2022-09-01,宜蘭縣,23176.0,202209
2022,9,2022-09-01,屏東縣,14786.0,202209
2022,9,2022-09-01,彰化縣,5591.0,202209
2022,9,2022-09-01,新北市,592648.0,202209
2022,9,2022-09-01,新竹市,17599.0,202209
2022,9,2022-09-01,新竹縣,7421.0,202209
2022,9,2022-09-01,桃園市,169286.0,202209
2022,9,2022-09-01,澎湖縣,5700.0,202209
2022,9,2022-09-01,臺中市,258300.0,202209
2022,9,2022-09-01,臺北市,803227.0,202209
2022,9,2022-09-01,臺南市,85596.0,202209
2022,9,2022-09-01,臺東縣,3804.0,202209
2022,9,2022-09-01,花蓮縣,3934.0,202209
2022,9,2022-09-01,苗栗縣,1260.0,202209
2022,9,2022-09-01,連江縣,2404.0,202209
2022,9,2022-09-01,金門縣,11520.0,202209
2022,9,2022-09-01,雲林縣,4903.0,202209
2022,9,2022-09-01,高雄市,228012.0,202209
2022,10,2022-10-01,南投縣,3001.0,202210
2022,10,2022-10-01,嘉義市,5026.0,202210
2022,10,2022-10-01,嘉義縣,4365.0,202210
2022,10,2022-10-01,基隆市,52718.0,202210
2022,10,2022-10-01,宜蘭縣,23692.0,202210
2022,10,2022-10-01,屏東縣,14813.0,202210
2022,10,2022-10-01,彰化縣,6072.0,202210
2022,10,2022-10-01,新北市,600787.0,202210
2022,10,2022-10-01,新竹市,16996.0,202210
2022,10,2022-10-01,新竹縣,7520.0,202210
2022,10,2022-10-01,桃園市,173468.0,202210
2022,10,2022-10-01,澎湖縣,5789.0,202210
2022,10,2022-10-01,臺中市,265121.0,202210
2022,10,2022-10-01,臺北市,820162.0,202210
2022,10,2022-10-01,臺南市,87501.0,202210
2022,10,2022-10-01,臺東縣,4117.0,202210
2022,10,2022-10-01,花蓮縣,4076.0,202210
2022,10,2022-10-01,苗栗縣,1302.0,202210
2022,10,2022-10-01,連江縣,1938.0,202210
2022,10,2022-10-01,金門縣,11904.0,202210
2022,10,2022-10-01,雲林縣,5079.0,202210
2022,10,2022-10-01,高雄市,232839.0,202210
2022,11,2022-11-01,南投縣,3172.0,202211
2022,11,2022-11-01,嘉義市,4848.0,202211
2022,11,2022-11-01,嘉義縣,3842.0,202211
2022,11,2022-11-01,基隆市,54603.0,202211
2022,11,2022-11-01,宜蘭縣,23179.0,202211
2022,11,2022-11-01,屏東縣,14528.0,202211
2022,11,2022-11-01,彰化縣,5880.0,202211
2022,11,2022-11-01,新北市,603289.0,202211
2022,11,2022-11-01,新竹市,16480.0,202211
2022,11,2022-11-01,新竹縣,7508.0,202211
2022,11,2022-11-01,桃園市,172370.0,202211
2022,11,2022-11-01,澎湖縣,5766.0,202211
2022,11,2022-11-01,臺中市,259832.0,202211
2022,11,2022-11-01,臺北市,821775.0,202211
2022,11,2022-11-01,臺南市,86844.0,202211
2022,11,2022-11-01,臺東縣,3921.0,202211
2022,11,2022-11-01,花蓮縣,4060.0,202211
2022,11,2022-11-01,苗栗縣,1260.0,202211
2022,11,2022-11-01,連江縣,2440.0,202211
2022,11,2022-11-01,金門縣,12741.0,202211
2022,11,2022-11-01,雲林縣,4888.0,202211
2022,11,2022-11-01,高雄市,220026.0,202211
2022,12,2022-12-01,南投縣,3155.0,202212
2022,12,2022-12-01,嘉義市,5014.0,202212
2022,12,2022-12-01,嘉義縣,3955.0,202212
2022,12,2022-12-01,基隆市,55849.0,202212
2022,12,2022-12-01,宜蘭縣,23787.0,202212
2022,12,2022-12-01,屏東縣,15209.0,202212
2022,12,2022-12-01,彰化縣,6071.0,202212
2022,12,2022-12-01,新北市,625786.0,202212
2022,12,2022-12-01,新竹市,17056.0,202212
2022,12,2022-12-01,新竹縣,7682.0,202212
2022,12,2022-12-01,桃園市,174462.0,202212
2022,12,2022-12-01,澎湖縣,5913.0,202212
2022,12,2022-12-01,臺中市,266758.0,202212
2022,12,2022-12-01,臺北市,841465.0,202212
2022,12,2022-12-01,臺南市,89064.0,202212
2022,12,2022-12-01,臺東縣,4070.0,202212
2022,12,2022-12-01,花蓮縣,4171.0,202212
2022,12,2022-12-01,苗栗縣,1302.0,202212
2022,12,2022-12-01,連江縣,2530.0,202212
2022,12,2022-12-01,金門縣,12741.0,202212
2022,12,2022-12-01,雲林縣,5069.0,202212
2022,12,2022-12-01,高雄市,226811.0,202212
2023,1,2023-01-01,南投縣,2035.0,202301
2023,1,2023-01-01,嘉義市,6748.0,202301
2023,1,2023-01-01,嘉義縣,3673.0,202301
2023,1,2023-01-01,基隆市,50642.0,202301
2023,1,2023-01-01,宜蘭縣,22985.0,202301
2023,1,2023-01-01,屏東縣,13650.0,202301
2023,1,2023-01-01,彰化縣,5416.0,202301
2023,1,2023-01-01,新北市,549324.0,202301
2023,1,2023-01-01,新竹市,15003.0,202301
2023,1,2023-01-01,新竹縣,6764.0,202301
2023,1,2023-01-01,桃園市,166665.0,202301
2023,1,2023-01-01,澎湖縣,5349.0,202301
2023,1,2023-01-01,臺中市,250259.0,202301
2023,1,2023-01-01,臺北市,755097.0,202301
2023,1,2023-01-01,臺南市,86980.0,202301
2023,1,2023-01-01,臺東縣,3519.0,202301
2023,1,2023-01-01,花蓮縣,3906.0,202301
2023,1,2023-01-01,苗栗縣,1302.0,202301
2023,1,2023-01-01,連江縣,2354.0,202301
2023,1,2023-01-01,金門縣,12741.0,202301
2023,1,2023-01-01,雲林縣,5124.0,202301
2023,1,2023-01-01,高雄市,217066.0,202301
2023,2,2023-02-01,南投縣,2045.0,202302
2023,2,2023-02-01,嘉義市,6172.0,202302
2023,2,2023-02-01,嘉義縣,3402.0,202302
2023,2,2023-02-01,基隆市,48584.0,202302
2023,2,2023-02-01,宜蘭縣,20978.0,202302
2023,2,2023-02-01,屏東縣,13423.0,202302
2023,2,2023-02-01,彰化縣,5270.0,202302
2023,2,2023-02-01,新北市,544115.0,202302
2023,2,2023-02-01,新竹市,14964.0,202302
2023,2,2023-02-01,新竹縣,6762.0,202302
2023,2,2023-02-01,桃園市,157012.0,202302
2023,2,2023-02-01,澎湖縣,4812.0,202302
2023,2,2023-02-01,臺中市,233339.0,202302
2023,2,2023-02-01,臺北市,720355.0,202302
2023,2,2023-02-01,臺南市,80225.0,202302
2023,2,2023-02-01,臺東縣,3474.0,202302
2023,2,2023-02-01,花蓮縣,3750.0,202302
2023,2,2023-02-01,苗栗縣,1176.0,202302
2023,2,2023-02-01,連江縣,2216.0,202302
2023,2,2023-02-01,金門縣,12006.0,202302
2023,2,2023-02-01,雲林縣,4623.0,202302
2023,2,2023-02-01,高雄市,202233.0,202302
2023,3,2023-03-01,南投縣,3453.0,202303
2023,3,2023-03-01,嘉義市,7420.0,202303
2023,3,2023-03-01,嘉義縣,4123.0,202303
2023,3,2023-03-01,基隆市,57529.0,202303
2023,3,2023-03-01,宜蘭縣,22926.0,202303
2023,3,2023-03-01,屏東縣,15673.0,202303
2023,3,2023-03-01,彰化縣,6385.0,202303
2023,3,2023-03-01,新北市,633505.0,202303
2023,3,2023-03-01,新竹市,17168.0,202303
2023,3,2023-03-01,新竹縣,7780.0,202303
2023,3,2023-03-01,桃園市,173924.0,202303
2023,3,2023-03-01,澎湖縣,6035.0,202303
2023,3,2023-03-01,臺中市,257006.0,202303
2023,3,2023-03-01,臺北市,819868.0,202303
2023,3,2023-03-01,臺南市,88798.0,202303
2023,3,2023-03-01,臺東縣,4394.0,202303
2023,3,2023-03-01,花蓮縣,4420.0,202303
2023,3,2023-03-01,苗栗縣,1302.0,202303
2023,3,2023-03-01,連江縣,3402.0,202303
2023,3,2023-03-01,金門縣,12741.0,202303
2023,3,2023-03-01,雲林縣,5079.0,202303
2023,3,2023-03-01,高雄市,225675.0,202303
2023,4,2023-04-01,南投縣,2763.0,202304
2023,4,2023-04-01,嘉義市,6678.0,202304
2023,4,2023-04-01,嘉義縣,3997.0,202304
2023,4,2023-04-01,基隆市,52483.0,202304
2023,4,2023-04-01,宜蘭縣,22396.0,202304
2023,4,2023-04-01,屏東縣,14416.0,202304
2023,4,2023-04-01,彰化縣,6165.0,202304
2023,4,2023-04-01,新北市,578081.0,202304
2023,4,2023-04-01,新竹市,16147.0,202304
2023,4,2023-04-01,新竹縣,6884.0,202304
2023,4,2023-04-01,桃園市,164559.0,202304
2023,4,2023-04-01,澎湖縣,5456.0,202304
2023,4,2023-04-01,臺中市,241884.0,202304
2023,4,2023-04-01,臺北市,748187.0,202304
2023,4,2023-04-01,臺南市,85700.0,202304
2023,4,2023-04-01,臺東縣,3808.0,202304
2023,4,2023-04-01,花蓮縣,4287.0,202304
2023,4,2023-04-01,苗栗縣,1260.0,202304
2023,4,2023-04-01,連江縣,3230.0,202304
2023,4,2023-04-01,金門縣,12330.0,202304
2023,4,2023-04-01,雲林縣,4944.0,202304
2023,4,2023-04-01,高雄市,207516.0,202304
2023,5,2023-05-01,南投縣,3440.0,202305
2023,5,2023-05-01,嘉義市,6870.0,202305
2023,5,2023-05-01,嘉義縣,4265.0,202305
2023,5,2023-05-01,基隆市,55832.0,202305
2023,5,2023-05-01,宜蘭縣,23417.0,202305
2023,5,2023-05-01,屏東縣,14931.0,202305
2023,5,2023-05-01,彰化縣,6480.0,202305
2023,5,2023-05-01,新北市,626236.0,202305
2023,5,2023-05-01,新竹市,17075.0,202305
2023,5,2023-05-01,新竹縣,7612.0,202305
2023,5,2023-05-01,桃園市,173076.0,202305
2023,5,2023-05-01,澎湖縣,6155.0,202305
2023,5,2023-05-01,臺中市,254212.0,202305
2023,5,2023-05-01,臺北市,801286.0,202305
2023,5,2023-05-01,臺南市,89427.0,202305
2023,5,2023-05-01,臺東縣,4263.0,202305
2023,5,2023-05-01,花蓮縣,4207.0,202305
2023,5,2023-05-01,苗栗縣,1302.0,202305
2023,5,2023-05-01,連江縣,3392.0,202305
2023,5,2023-05-01,金門縣,12741.0,202305
2023,5,2023-05-01,雲林縣,5067.0,202305
2023,5,2023-05-01,高雄市,219833.0,202305
2023,6,2023-06-01,南投縣,2879.0,202306
2023,6,2023-06-01,嘉義市,6654.0,202306
2023,6,2023-06-01,嘉義縣,4244.0,202306
2023,6,2023-06-01,基隆市,54336.0,202306
2023,6,2023-06-01,宜蘭縣,22457.0,202306
2023,6,2023-06-01,屏東縣,14500.0,202306
2023,6,2023-06-01,彰化縣,6139.0,202306
2023,6,2023-06-01,新北市,598345.0,202306
2023,6,2023-06-01,新竹市,16316.0,202306
2023,6,2023-06-01,新竹縣,7296.0,202306
2023,6,2023-06-01,桃園市,168474.0,202306
2023,6,2023-06-01,澎湖縣,5874.0,202306
2023,6,2023-06-01,臺中市,237979.0,202306
2023,6,2023-06-01,臺北市,754055.0,202306
2023,6,2023-06-01,臺南市,86186.0,202306
2023,6,2023-06-01,臺東縣,3912.0,202306
2023,6,2023-06-01,花蓮縣,4031.0,202306
2023,6,2023-06-01,苗栗縣,1260.0,202306
2023,6,2023-06-01,連江縣,2848.0,202306
2023,6,2023-06-01,金門縣,11460.0,202306
2023,6,2023-06-01,雲林縣,4918.0,202306
2023,6,2023-06-01,高雄市,208532.0,202306
2023,7,2023-07-01,南投縣,1770.0,202307
2023,7,2023-07-01,嘉義市,6786.0,202307
2023,7,2023-07-01,嘉義縣,4213.0,202307
2023,7,2023-07-01,基隆市,54570.0,202307
2023,7,2023-07-01,宜蘭縣,22553.0,202307
2023,7,2023-07-01,屏東縣,13072.0,202307
2023,7,2023-07-01,彰化縣,5948.0,202307
2023,7,2023-07-01,新北市,607507.0,202307
2023,7,2023-07-01,新竹市,15649.0,202307
2023,7,2023-07-01,新竹縣,7489.0,202307
2023,7,2023-07-01,桃園市,171654.0,202307
2023,7,2023-07-01,澎湖縣,4478.0,202307
2023,7,2023-07-01,臺中市,253835.0,202307
2023,7,2023-07-01,臺北市,770413.0,202307
2023,7,2023-07-01,臺南市,83709.0,202307
2023,7,2023-07-01,臺東縣,3267.0,202307
2023,7,2023-07-01,花蓮縣,3599.0,202307
2023,7,2023-07-01,苗栗縣,1302.0,202307
2023,7,2023-07-01,連江縣,2728.0,202307
2023,7,2023-07-01,金門縣,11842.0,202307
2023,7,2023-07-01,雲林縣,5014.0,202307
2023,7,2023-07-01,高雄市,202429.0,202307
2023,8,2023-08-01,南投縣,1947.0,202308
2023,8,2023-08-01,嘉義市,7030.0,202308
2023,8,2023-08-01,嘉義縣,4420.0,202308
2023,8,2023-08-01,基隆市,55778.0,202308
2023,8,2023-08-01,宜蘭縣,21882.0,202308
2023,8,2023-08-01,屏東縣,14060.0,202308
2023,8,2023-08-01,彰化縣,5913.0,202308
2023,8,2023-08-01,新北市,610693.0,202308
2023,8,2023-08-01,新竹市,15804.0,202308
2023,8,2023-08-01,新竹縣,7603.0,202308
2023,8,2023-08-01,桃園市,174762.0,202308
2023,8,2023-08-01,澎湖縣,4949.0,202308
2023,8,2023-08-01,臺中市,254367.0,202308
2023,8,2023-08-01,臺北市,777205.0,202308
2023,8,2023-08-01,臺南市,88689.0,202308
2023,8,2023-08-01,臺東縣,3216.0,202308
2023,8,2023-08-01,花蓮縣,4851.0,202308
2023,8,2023-08-01,苗栗縣,1302.0,202308
2023,8,2023-08-01,連江縣,2806.0,202308
2023,8,2023-08-01,金門縣,11842.0,202308
2023,8,2023-08-01,雲林縣,5052.0,202308
2023,8,2023-08-01,高雄市,209071.0,202308
2023,9,2023-09-01,南投縣,2933.0,202309
2023,9,2023-09-01,嘉義市,6233.0,202309
2023,9,2023-09-01,嘉義縣,4028.0,202309
2023,9,2023-09-01,基隆市,54952.0,202309
2023,9,2023-09-01,宜蘭縣,22227.0,202309
2023,9,2023-09-01,屏東縣,13561.0,202309
2023,9,2023-09-01,彰化縣,5947.0,202309
2023,9,2023-09-01,新北市,593103.0,202309
2023,9,2023-09-01,新竹市,16081.0,202309
2023,9,2023-09-01,新竹縣,7303.0,202309
2023,9,2023-09-01,桃園市,167903.0,202309
2023,9,2023-09-01,澎湖縣,5593.0,202309
2023,9,2023-09-01,臺中市,236951.0,202309
2023,9,2023-09-01,臺北市,756811.0,202309
2023,9,2023-09-01,臺南市,81074.0,202309
2023,9,2023-09-01,臺東縣,3864.0,202309
2023,9,2023-09-01,花蓮縣,4993.0,202309
2023,9,2023-09-01,苗栗縣,1260.0,202309
2023,9,2023-09-01,連江縣,2794.0,202309
2023,9,2023-09-01,金門縣,11020.0,202309
2023,9,2023-09-01,雲林縣,4772.0,202309
2023,9,2023-09-01,高雄市,203247.0,202309
2023,10,2023-10-01,南投縣,2918.0,202310
2023,10,2023-10-01,嘉義市,6976.0,202310
2023,10,2023-10-01,嘉義縣,4305.0,202310
2023,10,2023-10-01,基隆市,53344.0,202310
2023,10,2023-10-01,宜蘭縣,22168.0,202310
2023,10,2023-10-01,屏東縣,14467.0,202310
2023,10,2023-10-01,彰化縣,6253.0,202310
2023,10,2023-10-01,新北市,608175.0,202310
2023,10,2023-10-01,新竹市,16074.0,202310
2023,10,2023-10-01,新竹縣,7274.0,202310
2023,10,2023-10-01,桃園市,172464.0,202310
2023,10,2023-10-01,澎湖縣,5364.0,202310
2023,10,2023-10-01,臺中市,238151.0,202310
2023,10,2023-10-01,臺北市,781883.0,202310
2023,10,2023-10-01,臺南市,86384.0,202310
2023,10,2023-10-01,臺東縣,3879.0,202310
2023,10,2023-10-01,花蓮縣,4944.0,202310
2023,10,2023-10-01,苗栗縣,1302.0,202310
2023,10,2023-10-01,連江縣,2884.0,202310
2023,10,2023-10-01,金門縣,11400.0,202310
2023,10,2023-10-01,雲林縣,5108.0,202310
2023,10,2023-10-01,高雄市,209274.0,202310
2023,11,2023-11-01,南投縣,3173.0,202311
2023,11,2023-11-01,嘉義市,6988.0,202311
2023,11,2023-11-01,嘉義縣,4237.0,202311
2023,11,2023-11-01,基隆市,55518.0,202311
2023,11,2023-11-01,宜蘭縣,22400.0,202311
2023,11,2023-11-01,屏東縣,17976.0,202311
2023,11,2023-11-01,彰化縣,6322.0,202311
2023,11,2023-11-01,新北市,608540.0,202311
2023,11,2023-11-01,新竹市,15746.0,202311
2023,11,2023-11-01,新竹縣,7741.0,202311
2023,11,2023-11-01,桃園市,168667.0,202311
2023,11,2023-11-01,澎湖縣,5752.0,202311
2023,11,2023-11-01,臺中市,237845.0,202311
2023,11,2023-11-01,臺北市,808090.0,202311
2023,11,2023-11-01,臺南市,87205.0,202311
2023,11,2023-11-01,臺東縣,4122.0,202311
2023,11,2023-11-01,花蓮縣,5305.0,202311
2023,11,2023-11-01,苗栗縣,1260.0,202311
2023,11,2023-11-01,連江縣,2904.0,202311
2023,11,2023-11-01,金門縣,11400.0,202311
2023,11,2023-11-01,雲林縣,5012.0,202311
2023,11,2023-11-01,高雄市,210052.0,202311
2023,12,2023-12-01,南投縣,3102.0,202312
2023,12,2023-12-01,嘉義市,7256.0,202312
2023,12,2023-12-01,嘉義縣,4504.0,202312
2023,12,2023-12-01,基隆市,55444.0,202312
2023,12,2023-12-01,宜蘭縣,23025.0,202312
2023,12,2023-12-01,屏東縣,16524.0,202312
2023,12,2023-12-01,彰化縣,6503.0,202312
2023,12,2023-12-01,新北市,617468.0,202312
2023,12,2023-12-01,新竹市,16190.0,202312
2023,12,2023-12-01,新竹縣,7584.0,202312
2023,12,2023-12-01,桃園市,169449.0,202312
2023,12,2023-12-01,澎湖縣,5838.0,202312
2023,12,2023-12-01,臺中市,244687.0,202312
2023,12,2023-12-01,臺北市,784539.0,202312
2023,12,2023-12-01,臺南市,89910.0,202312
2023,12,2023-12-01,臺東縣,4117.0,202312
2023,12,2023-12-01,花蓮縣,5236.0,202312
2023,12,2023-12-01,苗栗縣,1302.0,202312
2023,12,2023-12-01,連江縣,2958.0,202312
2023,12,2023-12-01,金門縣,11532.0,202312
2023,12,2023-12-01,雲林縣,5185.0,202312
2023,12,2023-12-01,高雄市,215628.0,202312
2024,1,2024-01-01,南投縣,2452.0,202401
2024,1,2024-01-01,嘉義市,7227.0,202401
2024,1,2024-01-01,嘉義縣,4450.0,202401
2024,1,2024-01-01,基隆市,57692.0,202401
2024,1,2024-01-01,宜蘭縣,21974.0,202401
2024,1,2024-01-01,屏東縣,17326.0,202401
2024,1,2024-01-01,彰化縣,6223.0,202401
2024,1,2024-01-01,新北市,621000.0,202401
2024,1,2024-01-01,新竹市,16052.0,202401
2024,1,2024-01-01,新竹縣,7887.0,202401
2024,1,2024-01-01,桃園市,149717.0,202401
2024,1,2024-01-01,澎湖縣,5424.0,202401
2024,1,2024-01-01,臺中市,245052.0,202401
2024,1,2024-01-01,臺北市,825859.0,202401
2024,1,2024-01-01,臺南市,89899.0,202401
2024,1,2024-01-01,臺東縣,4291.0,202401
2024,1,2024-01-01,花蓮縣,6427.0,202401
2024,1,2024-01-01,苗栗縣,1302.0,202401
2024,1,2024-01-01,連江縣,2924.0,202401
2024,1,2024-01-01,金門縣,11610.0,202401
2024,1,2024-01-01,雲林縣,5298.0,202401
2024,1,2024-01-01,高雄市,213294.0,202401
2024,2,2024-02-01,南投縣,1893.0,202402
2024,2,2024-02-01,嘉義市,6505.0,202402
2024,2,2024-02-01,嘉義縣,4043.0,202402
2024,2,2024-02-01,基隆市,50176.0,202402
2024,2,2024-02-01,宜蘭縣,19035.0,202402
2024,2,2024-02-01,屏東縣,9381.0,202402
2024,2,2024-02-01,彰化縣,5727.0,202402
2024,2,2024-02-01,新北市,518358.0,202402
2024,2,2024-02-01,新竹市,13702.0,202402
2024,2,2024-02-01,新竹縣,6710.0,202402
2024,2,2024-02-01,桃園市,133945.0,202402
2024,2,2024-02-01,澎湖縣,5133.0,202402
2024,2,2024-02-01,臺中市,218613.0,202402
2024,2,2024-02-01,臺北市,706929.0,202402
2024,2,2024-02-01,臺南市,83198.0,202402
2024,2,2024-02-01,臺東縣,3513.0,202402
2024,2,2024-02-01,花蓮縣,5048.0,202402
2024,2,2024-02-01,苗栗縣,1218.0,202402
2024,2,2024-02-01,連江縣,2628.0,202402
2024,2,2024-02-01,金門縣,10672.0,202402
2024,2,2024-02-01,雲林縣,5063.0,202402
2024,2,2024-02-01,高雄市,193565.0,202402
2024,3,2024-03-01,南投縣,3178.0,202403
2024,3,2024-03-01,嘉義市,8681.0,202403
2024,3,2024-03-01,嘉義縣,4580.0,202403
2024,3,2024-03-01,基隆市,56826.0,202403
2024,3,2024-03-01,宜蘭縣,21612.0,202403
2024,3,2024-03-01,屏東縣,17677.0,202403
2024,3,2024-03-01,彰化縣,6456.0,202403
2024,3,2024-03-01,新北市,604887.0,202403
2024,3,2024-03-01,新竹市,16811.0,202403
2024,3,2024-03-01,新竹縣,8039.0,202403
2024,3,2024-03-01,桃園市,145915.0,202403
2024,3,2024-03-01,澎湖縣,5993.0,202403
2024,3,2024-03-01,臺中市,241517.0,202403
2024,3,2024-03-01,臺北市,816646.0,202403
2024,3,2024-03-01,臺南市,91158.0,202403
2024,3,2024-03-01,臺東縣,4486.0,202403
2024,3,2024-03-01,花蓮縣,6529.0,202403
2024,3,2024-03-01,苗栗縣,1302.0,202403
2024,3,2024-03-01,連江縣,2944.0,202403
2024,3,2024-03-01,金門縣,11408.0,202403
2024,3,2024-03-01,雲林縣,5352.0,202403
2024,3,2024-03-01,高雄市,215655.0,202403
