年月,年,月,行業別,用電量
2018年1月,2018,1,全國用電量,20695282.41
2018年1月,2018,1,工業用電,12189231.93
2018年1月,2018,1,紡織成衣及服飾品製造業,514825.018
2018年1月,2018,1,紙漿、紙及紙製品製造業,303909.307
2018年1月,2018,1,化學材料及肥料製造業,2694312.665
2018年1月,2018,1,塑膠製品製造業,449108.645
2018年1月,2018,1,非金屬礦物製品製造業,487544.77
2018年1月,2018,1,基本金屬製造業,1615958.643
2018年1月,2018,1,金屬製品製造業,571833.3299
2018年1月,2018,1,電子產品及電力設備製造業,4097906.148
2018年1月,2018,1,住宅用電,3294706.964
2018年1月,2018,1,服務業用電,3404896.124
2018年1月,2018,1,運輸及倉儲業,179173.631
2018年1月,2018,1,住宿及餐飲業,484323.253
2018年1月,2018,1,出版影音及資通訊業,257298.6674
2018年1月,2018,1,金融及保險業,135553.341
2018年1月,2018,1,不動產業,108009.645
2018年1月,2018,1,醫療保健及社會工作服務業,227018.346
2018年1月,2018,1,藝術、娛樂及休閒服務業,82735.006
2018年1月,2018,1,運輸用電,119149.654
2018年1月,2018,1,公路,3267.69
2018年1月,2018,1,鐵路,112812.675
2018年1月,2018,1,管線運輸,3069.289
2018年1月,2018,1,能源部門自用,1475474.207
2018年1月,2018,1,農業部門,211823.5344
2018年2月,2018,2,全國用電量,18072952.81
2018年2月,2018,2,工業用電,10414277.13
2018年2月,2018,2,紡織成衣及服飾品製造業,407642.092
2018年2月,2018,2,紙漿、紙及紙製品製造業,231149.85
2018年2月,2018,2,化學材料及肥料製造業,2404035.073
2018年2月,2018,2,塑膠製品製造業,358132.757
2018年2月,2018,2,非金屬礦物製品製造業,396853.488
2018年2月,2018,2,基本金屬製造業,1338788.606
2018年2月,2018,2,金屬製品製造業,440378.0138
2018年2月,2018,2,電子產品及電力設備製造業,3677472.349
2018年2月,2018,2,住宅用電,3188496.984
2018年2月,2018,2,服務業用電,2864713.262
2018年2月,2018,2,運輸及倉儲業,173901.132
2018年2月,2018,2,住宿及餐飲業,424737.605
2018年2月,2018,2,出版影音及資通訊業,225530.2316
2018年2月,2018,2,金融及保險業,109213.866
2018年2月,2018,2,不動產業,91981.719
2018年2月,2018,2,醫療保健及社會工作服務業,194350.04
2018年2月,2018,2,藝術、娛樂及休閒服務業,72603.7
2018年2月,2018,2,運輸用電,111369.225
2018年2月,2018,2,公路,3409.21
2018年2月,2018,2,鐵路,104906.656
2018年2月,2018,2,管線運輸,3053.359
2018年2月,2018,2,能源部門自用,1299205.327
2018年2月,2018,2,農業部門,194890.8834
2018年3月,2018,3,全國用電量,21128319.05
2018年3月,2018,3,工業用電,12296612.82
2018年3月,2018,3,紡織成衣及服飾品製造業,529188.015
2018年3月,2018,3,紙漿、紙及紙製品製造業,308082.515
2018年3月,2018,3,化學材料及肥料製造業,2699413.639
2018年3月,2018,3,塑膠製品製造業,454066.925
2018年3月,2018,3,非金屬礦物製品製造業,466805.942
2018年3月,2018,3,基本金屬製造業,1669028.955
2018年3月,2018,3,金屬製品製造業,569091.9481
2018年3月,2018,3,電子產品及電力設備製造業,4133695.768
2018年3月,2018,3,住宅用電,3481564.299
2018年3月,2018,3,服務業用電,3496827.621
2018年3月,2018,3,運輸及倉儲業,203274.108
2018年3月,2018,3,住宿及餐飲業,488097.37
2018年3月,2018,3,出版影音及資通訊業,267489.7167
2018年3月,2018,3,金融及保險業,132967.015
2018年3月,2018,3,不動產業,109971.844
2018年3月,2018,3,醫療保健及社會工作服務業,240261.851
2018年3月,2018,3,藝術、娛樂及休閒服務業,86567.226
2018年3月,2018,3,運輸用電,124614.302
2018年3月,2018,3,公路,3605.376
2018年3月,2018,3,鐵路,117856.35
2018年3月,2018,3,管線運輸,3152.576
2018年3月,2018,3,能源部門自用,1508255.638
2018年3月,2018,3,農業部門,220444.363
2018年4月,2018,4,全國用電量,20920022.36
2018年4月,2018,4,工業用電,12078345.77
2018年4月,2018,4,紡織成衣及服飾品製造業,506242.306
2018年4月,2018,4,紙漿、紙及紙製品製造業,291959.244
2018年4月,2018,4,化學材料及肥料製造業,2671474.525
2018年4月,2018,4,塑膠製品製造業,425190.566
2018年4月,2018,4,非金屬礦物製品製造業,472266.599
2018年4月,2018,4,基本金屬製造業,1597191.577
2018年4月,2018,4,金屬製品製造業,552064.3646
2018年4月,2018,4,電子產品及電力設備製造業,4148016.877
2018年4月,2018,4,住宅用電,3428327.534
2018年4月,2018,4,服務業用電,3536999.699
2018年4月,2018,4,運輸及倉儲業,213132.31
2018年4月,2018,4,住宿及餐飲業,510210.29
2018年4月,2018,4,出版影音及資通訊業,262739.9903
2018年4月,2018,4,金融及保險業,135074.952
2018年4月,2018,4,不動產業,111458.063
2018年4月,2018,4,醫療保健及社會工作服務業,249766.8217
2018年4月,2018,4,藝術、娛樂及休閒服務業,92216.788
2018年4月,2018,4,運輸用電,125915.95
2018年4月,2018,4,公路,3700.089
2018年4月,2018,4,鐵路,119137.453
2018年4月,2018,4,管線運輸,3078.408
2018年4月,2018,4,能源部門自用,1520227.229
2018年4月,2018,4,農業部門,230206.1782
2018年5月,2018,5,全國用電量,22777483
2018年5月,2018,5,工業用電,13121115.45
2018年5月,2018,5,紡織成衣及服飾品製造業,546929.992
2018年5月,2018,5,紙漿、紙及紙製品製造業,308296.146
2018年5月,2018,5,化學材料及肥料製造業,2844863.483
2018年5月,2018,5,塑膠製品製造業,478107.328
2018年5月,2018,5,非金屬礦物製品製造業,503921.985
2018年5月,2018,5,基本金屬製造業,1701429.264
2018年5月,2018,5,金屬製品製造業,606892.8529
2018年5月,2018,5,電子產品及電力設備製造業,4498935.435
2018年5月,2018,5,住宅用電,3424884.624
2018年5月,2018,5,服務業用電,4133524.514
2018年5月,2018,5,運輸及倉儲業,251428.713
2018年5月,2018,5,住宿及餐飲業,597730.434
2018年5月,2018,5,出版影音及資通訊業,293807.6093
2018年5月,2018,5,金融及保險業,166320.545
2018年5月,2018,5,不動產業,131434.768
2018年5月,2018,5,醫療保健及社會工作服務業,302371.096
2018年5月,2018,5,藝術、娛樂及休閒服務業,108163.489
2018年5月,2018,5,運輸用電,131200.176
2018年5月,2018,5,公路,3791.067
2018年5月,2018,5,鐵路,124259.865
2018年5月,2018,5,管線運輸,3149.244
2018年5月,2018,5,能源部門自用,1717093.492
2018年5月,2018,5,農業部門,249664.7374
2018年6月,2018,6,全國用電量,22868181.28
2018年6月,2018,6,工業用電,12620899.56
2018年6月,2018,6,紡織成衣及服飾品製造業,528474.489
2018年6月,2018,6,紙漿、紙及紙製品製造業,307930.287
2018年6月,2018,6,化學材料及肥料製造業,2654389.775
2018年6月,2018,6,塑膠製品製造業,466885.119
2018年6月,2018,6,非金屬礦物製品製造業,476186.377
2018年6月,2018,6,基本金屬製造業,1627284.421
2018年6月,2018,6,金屬製品製造業,601146.0304
2018年6月,2018,6,電子產品及電力設備製造業,4351302.052
2018年6月,2018,6,住宅用電,3883662.203
2018年6月,2018,6,服務業用電,4280540.677
2018年6月,2018,6,運輸及倉儲業,259882.28
2018年6月,2018,6,住宿及餐飲業,650794.401
2018年6月,2018,6,出版影音及資通訊業,288517.6277
2018年6月,2018,6,金融及保險業,172102.232
2018年6月,2018,6,不動產業,136138.62
2018年6月,2018,6,醫療保健及社會工作服務業,307707.9673
2018年6月,2018,6,藝術、娛樂及休閒服務業,116172.525
2018年6月,2018,6,運輸用電,128227.802
2018年6月,2018,6,公路,3924.927
2018年6月,2018,6,鐵路,121224.637
2018年6月,2018,6,管線運輸,3078.238
2018年6月,2018,6,能源部門自用,1677729.828
2018年6月,2018,6,農業部門,277121.2146
2018年7月,2018,7,全國用電量,24636526.01
2018年7月,2018,7,工業用電,13117855.74
2018年7月,2018,7,紡織成衣及服飾品製造業,551367.711
2018年7月,2018,7,紙漿、紙及紙製品製造業,319194.768
2018年7月,2018,7,化學材料及肥料製造業,2672333.057
2018年7月,2018,7,塑膠製品製造業,480712.262
2018年7月,2018,7,非金屬礦物製品製造業,496106.595
2018年7月,2018,7,基本金屬製造業,1671098.987
2018年7月,2018,7,金屬製品製造業,608218.5432
2018年7月,2018,7,電子產品及電力設備製造業,4605928.126
2018年7月,2018,7,住宅用電,4727219.726
2018年7月,2018,7,服務業用電,4571666.708
2018年7月,2018,7,運輸及倉儲業,280115.544
2018年7月,2018,7,住宿及餐飲業,721933.969
2018年7月,2018,7,出版影音及資通訊業,312272.0265
2018年7月,2018,7,金融及保險業,193906.856
2018年7月,2018,7,不動產業,151780.62
2018年7月,2018,7,醫療保健及社會工作服務業,327958.5288
2018年7月,2018,7,藝術、娛樂及休閒服務業,128426.393
2018年7月,2018,7,運輸用電,132746.301
2018年7月,2018,7,公路,4069.409
2018年7月,2018,7,鐵路,125506.807
2018年7月,2018,7,管線運輸,3170.085
2018年7月,2018,7,能源部門自用,1811981.909
2018年7月,2018,7,農業部門,275055.6235
2018年8月,2018,8,全國用電量,24914489.6
2018年8月,2018,8,工業用電,13237600.75
2018年8月,2018,8,紡織成衣及服飾品製造業,556747.734
2018年8月,2018,8,紙漿、紙及紙製品製造業,316405.35
2018年8月,2018,8,化學材料及肥料製造業,2777750.321
2018年8月,2018,8,塑膠製品製造業,487919.946
2018年8月,2018,8,非金屬礦物製品製造業,488952.273
2018年8月,2018,8,基本金屬製造業,1680616.057
2018年8月,2018,8,金屬製品製造業,631512.5954
2018年8月,2018,8,電子產品及電力設備製造業,4584118.943
2018年8月,2018,8,住宅用電,4953074.015
2018年8月,2018,8,服務業用電,4547502.987
2018年8月,2018,8,運輸及倉儲業,283621.108
2018年8月,2018,8,住宿及餐飲業,727925.796
2018年8月,2018,8,出版影音及資通訊業,307199.2698
2018年8月,2018,8,金融及保險業,190422.815
2018年8月,2018,8,不動產業,150440.587
2018年8月,2018,8,醫療保健及社會工作服務業,330165.7093
2018年8月,2018,8,藝術、娛樂及休閒服務業,130293.918
2018年8月,2018,8,運輸用電,132572.428
2018年8月,2018,8,公路,4179.597
2018年8月,2018,8,鐵路,125164.457
2018年8月,2018,8,管線運輸,3228.374
2018年8月,2018,8,能源部門自用,1756871.58
2018年8月,2018,8,農業部門,286867.8377
2018年9月,2018,9,全國用電量,24444133.24
2018年9月,2018,9,工業用電,12687501.1
2018年9月,2018,9,紡織成衣及服飾品製造業,528506.651
2018年9月,2018,9,紙漿、紙及紙製品製造業,304691.791
2018年9月,2018,9,化學材料及肥料製造業,2727279.696
2018年9月,2018,9,塑膠製品製造業,447922.114
2018年9月,2018,9,非金屬礦物製品製造業,475399.159
2018年9月,2018,9,基本金屬製造業,1605666.772
2018年9月,2018,9,金屬製品製造業,589883.2329
2018年9月,2018,9,電子產品及電力設備製造業,4382827.517
2018年9月,2018,9,住宅用電,5132590.73
2018年9月,2018,9,服務業用電,4570528.145
2018年9月,2018,9,運輸及倉儲業,272674.319
2018年9月,2018,9,住宿及餐飲業,733448.525
2018年9月,2018,9,出版影音及資通訊業,307935.0397
2018年9月,2018,9,金融及保險業,185538.487
2018年9月,2018,9,不動產業,148794.7573
2018年9月,2018,9,醫療保健及社會工作服務業,309789.1024
2018年9月,2018,9,藝術、娛樂及休閒服務業,125610.263
2018年9月,2018,9,運輸用電,127524.73
2018年9月,2018,9,公路,4343.845
2018年9月,2018,9,鐵路,120033.538
2018年9月,2018,9,管線運輸,3147.347
2018年9月,2018,9,能源部門自用,1653337.555
2018年9月,2018,9,農業部門,272650.9796
2018年10月,2018,10,全國用電量,23385080.49
2018年10月,2018,10,工業用電,12735885.01
2018年10月,2018,10,紡織成衣及服飾品製造業,523653.107
2018年10月,2018,10,紙漿、紙及紙製品製造業,317419.007
2018年10月,2018,10,化學材料及肥料製造業,2725695.835
2018年10月,2018,10,塑膠製品製造業,452761.936
2018年10月,2018,10,非金屬礦物製品製造業,504216.033
2018年10月,2018,10,基本金屬製造業,1679798.376
2018年10月,2018,10,金屬製品製造業,599287.7153
2018年10月,2018,10,電子產品及電力設備製造業,4336802.264
2018年10月,2018,10,住宅用電,4476331.735
2018年10月,2018,10,服務業用電,4156956.265
2018年10月,2018,10,運輸及倉儲業,251834.323
2018年10月,2018,10,住宿及餐飲業,654137.403
2018年10月,2018,10,出版影音及資通訊業,287280.6861
2018年10月,2018,10,金融及保險業,164982.66
2018年10月,2018,10,不動產業,131793.6872
2018年10月,2018,10,醫療保健及社會工作服務業,281168.2065
2018年10月,2018,10,藝術、娛樂及休閒服務業,113772.86
2018年10月,2018,10,運輸用電,127367.736
2018年10月,2018,10,公路,4620.665
2018年10月,2018,10,鐵路,119587.921
2018年10月,2018,10,管線運輸,3159.15
2018年10月,2018,10,能源部門自用,1628670.454
2018年10月,2018,10,農業部門,259869.2928
2018年11月,2018,11,全國用電量,21949102.24
2018年11月,2018,11,工業用電,12257271.74
2018年11月,2018,11,紡織成衣及服飾品製造業,488956.551
2018年11月,2018,11,紙漿、紙及紙製品製造業,302697.08
2018年11月,2018,11,化學材料及肥料製造業,2654706.326
2018年11月,2018,11,塑膠製品製造業,438379.209
2018年11月,2018,11,非金屬礦物製品製造業,491327.329
2018年11月,2018,11,基本金屬製造業,1593923.643
2018年11月,2018,11,金屬製品製造業,581794.3729
2018年11月,2018,11,電子產品及電力設備製造業,4175069.732
2018年11月,2018,11,住宅用電,3846694.489
2018年11月,2018,11,服務業用電,3932057.894
2018年11月,2018,11,運輸及倉儲業,234731.032
2018年11月,2018,11,住宿及餐飲業,600940.235
2018年11月,2018,11,出版影音及資通訊業,284745.1771
2018年11月,2018,11,金融及保險業,157230.61
2018年11月,2018,11,不動產業,124448.7761
2018年11月,2018,11,醫療保健及社會工作服務業,260297.5594
2018年11月,2018,11,藝術、娛樂及休閒服務業,103792.818
2018年11月,2018,11,運輸用電,126706.625
2018年11月,2018,11,公路,5038.334
2018年11月,2018,11,鐵路,118681.565
2018年11月,2018,11,管線運輸,2986.726
2018年11月,2018,11,能源部門自用,1541948.082
2018年11月,2018,11,農業部門,244423.4081
2018年12月,2018,12,全國用電量,20775686.18
2018年12月,2018,12,工業用電,12213413.53
2018年12月,2018,12,紡織成衣及服飾品製造業,481942.113
2018年12月,2018,12,紙漿、紙及紙製品製造業,302887.491
2018年12月,2018,12,化學材料及肥料製造業,2674833.989
2018年12月,2018,12,塑膠製品製造業,437295.488
2018年12月,2018,12,非金屬礦物製品製造業,503714.989
2018年12月,2018,12,基本金屬製造業,1623442.368
2018年12月,2018,12,金屬製品製造業,575369.8606
2018年12月,2018,12,電子產品及電力設備製造業,4126407.895
2018年12月,2018,12,住宅用電,3012191.994
2018年12月,2018,12,服務業用電,3595365.577
2018年12月,2018,12,運輸及倉儲業,222320.504
2018年12月,2018,12,住宿及餐飲業,562215.588
2018年12月,2018,12,出版影音及資通訊業,273905.9336
2018年12月,2018,12,金融及保險業,144091.86
2018年12月,2018,12,不動產業,115715.1318
2018年12月,2018,12,醫療保健及社會工作服務業,246581.5526
2018年12月,2018,12,藝術、娛樂及休閒服務業,98428.36
2018年12月,2018,12,運輸用電,130941.871
2018年12月,2018,12,公路,5219.369
2018年12月,2018,12,鐵路,122433.121
2018年12月,2018,12,管線運輸,3289.381
2018年12月,2018,12,能源部門自用,1585638.212
2018年12月,2018,12,農業部門,238134.9939
2019年1月,2019,1,全國用電量,20846879.96
2019年1月,2019,1,工業用電,12202442.84
2019年1月,2019,1,紡織成衣及服飾品製造業,494025.879
2019年1月,2019,1,紙漿、紙及紙製品製造業,312449.016
2019年1月,2019,1,化學材料及肥料製造業,2678064.06
2019年1月,2019,1,塑膠製品製造業,445417.978
2019年1月,2019,1,非金屬礦物製品製造業,493076.063
2019年1月,2019,1,基本金屬製造業,1613462.478
2019年1月,2019,1,金屬製品製造業,569341.3412
2019年1月,2019,1,電子產品及電力設備製造業,4082216.645
2019年1月,2019,1,住宅用電,3266792.622
2019年1月,2019,1,服務業用電,3496740.884
2019年1月,2019,1,運輸及倉儲業,219212.234
2019年1月,2019,1,住宿及餐飲業,527960.129
2019年1月,2019,1,出版影音及資通訊業,276460.4174
2019年1月,2019,1,金融及保險業,140422.015
2019年1月,2019,1,不動產業,113671.2897
2019年1月,2019,1,醫療保健及社會工作服務業,236938.2777
2019年1月,2019,1,藝術、娛樂及休閒服務業,81213.939
2019年1月,2019,1,運輸用電,127567.23
2019年1月,2019,1,公路,5764.838
2019年1月,2019,1,鐵路,118602.993
2019年1月,2019,1,管線運輸,3199.399
2019年1月,2019,1,能源部門自用,1534303.079
2019年1月,2019,1,農業部門,219033.3123
2019年2月,2019,2,全國用電量,18362423.27
2019年2月,2019,2,工業用電,10335066.04
2019年2月,2019,2,紡織成衣及服飾品製造業,391837.424
2019年2月,2019,2,紙漿、紙及紙製品製造業,248601.327
2019年2月,2019,2,化學材料及肥料製造業,2352375.785
2019年2月,2019,2,塑膠製品製造業,342024.907
2019年2月,2019,2,非金屬礦物製品製造業,398461.491
2019年2月,2019,2,基本金屬製造業,1346777.384
2019年2月,2019,2,金屬製品製造業,431732.1602
2019年2月,2019,2,電子產品及電力設備製造業,3617303.261
2019年2月,2019,2,住宅用電,3188521.676
2019年2月,2019,2,服務業用電,3116511.91
2019年2月,2019,2,運輸及倉儲業,193817.333
2019年2月,2019,2,住宿及餐飲業,486375.186
2019年2月,2019,2,出版影音及資通訊業,253862.477
2019年2月,2019,2,金融及保險業,116505.014
2019年2月,2019,2,不動產業,99389.61676
2019年2月,2019,2,醫療保健及社會工作服務業,211819.7292
2019年2月,2019,2,藝術、娛樂及休閒服務業,85154.341
2019年2月,2019,2,運輸用電,122427.867
2019年2月,2019,2,公路,5471.306
2019年2月,2019,2,鐵路,113768.215
2019年2月,2019,2,管線運輸,3188.346
2019年2月,2019,2,能源部門自用,1380932.564
2019年2月,2019,2,農業部門,218963.2166
2019年3月,2019,3,全國用電量,20853683.67
2019年3月,2019,3,工業用電,12160241.12
2019年3月,2019,3,紡織成衣及服飾品製造業,502855.206
2019年3月,2019,3,紙漿、紙及紙製品製造業,303517.152
2019年3月,2019,3,化學材料及肥料製造業,2609395.56
2019年3月,2019,3,塑膠製品製造業,436832.461
2019年3月,2019,3,非金屬礦物製品製造業,487650.253
2019年3月,2019,3,基本金屬製造業,1647197.758
2019年3月,2019,3,金屬製品製造業,539475.6001
2019年3月,2019,3,電子產品及電力設備製造業,4164292.555
2019年3月,2019,3,住宅用電,3278133.29
2019年3月,2019,3,服務業用電,3432363.514
2019年3月,2019,3,運輸及倉儲業,218966.619
2019年3月,2019,3,住宿及餐飲業,517403.701
2019年3月,2019,3,出版影音及資通訊業,275705.6109
2019年3月,2019,3,金融及保險業,130697.619
2019年3月,2019,3,不動產業,107753.756
2019年3月,2019,3,醫療保健及社會工作服務業,243389.6992
2019年3月,2019,3,藝術、娛樂及休閒服務業,92420.731
2019年3月,2019,3,運輸用電,129527.122
2019年3月,2019,3,公路,5969.348
2019年3月,2019,3,鐵路,120372.388
2019年3月,2019,3,管線運輸,3185.386
2019年3月,2019,3,能源部門自用,1634252.915
2019年3月,2019,3,農業部門,219165.7157
2019年4月,2019,4,全國用電量,20715771.71
2019年4月,2019,4,工業用電,12010815.26
2019年4月,2019,4,紡織成衣及服飾品製造業,491739.323
2019年4月,2019,4,紙漿、紙及紙製品製造業,280476.851
2019年4月,2019,4,化學材料及肥料製造業,2525727.367
2019年4月,2019,4,塑膠製品製造業,436623.465
2019年4月,2019,4,非金屬礦物製品製造業,473262.823
2019年4月,2019,4,基本金屬製造業,1571238.252
2019年4月,2019,4,金屬製品製造業,549447.1822
2019年4月,2019,4,電子產品及電力設備製造業,4196175.603
2019年4月,2019,4,住宅用電,3203662.486
2019年4月,2019,4,服務業用電,3565863.032
2019年4月,2019,4,運輸及倉儲業,244086.861
2019年4月,2019,4,住宿及餐飲業,528426.918
2019年4月,2019,4,出版影音及資通訊業,272155.1106
2019年4月,2019,4,金融及保險業,136995.992
2019年4月,2019,4,不動產業,109910.9791
2019年4月,2019,4,醫療保健及社會工作服務業,263630.5598
2019年4月,2019,4,藝術、娛樂及休閒服務業,98034.702
2019年4月,2019,4,運輸用電,130459.394
2019年4月,2019,4,公路,6042.612
2019年4月,2019,4,鐵路,121407.308
2019年4月,2019,4,管線運輸,3009.474
2019年4月,2019,4,能源部門自用,1575480.509
2019年4月,2019,4,農業部門,229491.0334
2019年5月,2019,5,全國用電量,22469640.85
2019年5月,2019,5,工業用電,12784619.35
2019年5月,2019,5,紡織成衣及服飾品製造業,522071.966
2019年5月,2019,5,紙漿、紙及紙製品製造業,313205.675
2019年5月,2019,5,化學材料及肥料製造業,2699127.642
2019年5月,2019,5,塑膠製品製造業,471440.306
2019年5月,2019,5,非金屬礦物製品製造業,490891.643
2019年5月,2019,5,基本金屬製造業,1623202.833
2019年5月,2019,5,金屬製品製造業,580975.5056
2019年5月,2019,5,電子產品及電力設備製造業,4456815.472
2019年5月,2019,5,住宅用電,3520947.788
2019年5月,2019,5,服務業用電,4041492.355
2019年5月,2019,5,運輸及倉儲業,269058.815
2019年5月,2019,5,住宿及餐飲業,623724.043
2019年5月,2019,5,出版影音及資通訊業,298129.2813
2019年5月,2019,5,金融及保險業,159078.613
2019年5月,2019,5,不動產業,124740.5556
2019年5月,2019,5,醫療保健及社會工作服務業,290659.3397
2019年5月,2019,5,藝術、娛樂及休閒服務業,110965.316
2019年5月,2019,5,運輸用電,132238.462
2019年5月,2019,5,公路,6314.439
2019年5月,2019,5,鐵路,122676.921
2019年5月,2019,5,管線運輸,3247.102
2019年5月,2019,5,能源部門自用,1737170.165
2019年5月,2019,5,農業部門,253172.7277
2019年6月,2019,6,全國用電量,22780988.48
2019年6月,2019,6,工業用電,12377739.62
2019年6月,2019,6,紡織成衣及服飾品製造業,484711.662
2019年6月,2019,6,紙漿、紙及紙製品製造業,295604.167
2019年6月,2019,6,化學材料及肥料製造業,2588256.327
2019年6月,2019,6,塑膠製品製造業,447009.032
2019年6月,2019,6,非金屬礦物製品製造業,482053.642
2019年6月,2019,6,基本金屬製造業,1525924.357
2019年6月,2019,6,金屬製品製造業,557920.2832
2019年6月,2019,6,電子產品及電力設備製造業,4351516.581
2019年6月,2019,6,住宅用電,4090440.708
2019年6月,2019,6,服務業用電,4198287.457
2019年6月,2019,6,運輸及倉儲業,284417.253
2019年6月,2019,6,住宿及餐飲業,655783.063
2019年6月,2019,6,出版影音及資通訊業,291644.93
2019年6月,2019,6,金融及保險業,161579.266
2019年6月,2019,6,不動產業,125734.5338
2019年6月,2019,6,醫療保健及社會工作服務業,307386.3584
2019年6月,2019,6,藝術、娛樂及休閒服務業,118725.528
2019年6月,2019,6,運輸用電,131772.874
2019年6月,2019,6,公路,6458.143
2019年6月,2019,6,鐵路,122244.253
2019年6月,2019,6,管線運輸,3070.478
2019年6月,2019,6,能源部門自用,1720894.097
2019年6月,2019,6,農業部門,261853.7305
2019年7月,2019,7,全國用電量,24146702.42
2019年7月,2019,7,工業用電,13186971.24
2019年7月,2019,7,紡織成衣及服飾品製造業,522443.495
2019年7月,2019,7,紙漿、紙及紙製品製造業,321680.041
2019年7月,2019,7,化學材料及肥料製造業,2784668.51
2019年7月,2019,7,塑膠製品製造業,479602.626
2019年7月,2019,7,非金屬礦物製品製造業,492539.754
2019年7月,2019,7,基本金屬製造業,1570882.827
2019年7月,2019,7,金屬製品製造業,590768.0484
2019年7月,2019,7,電子產品及電力設備製造業,4680534.318
2019年7月,2019,7,住宅用電,4354231.204
2019年7月,2019,7,服務業用電,4436938.156
2019年7月,2019,7,運輸及倉儲業,304241.409
2019年7月,2019,7,住宿及餐飲業,712343.837
2019年7月,2019,7,出版影音及資通訊業,307774.67
2019年7月,2019,7,金融及保險業,182810.745
2019年7月,2019,7,不動產業,130476.669
2019年7月,2019,7,醫療保健及社會工作服務業,340387.7034
2019年7月,2019,7,藝術、娛樂及休閒服務業,131912.333
2019年7月,2019,7,運輸用電,138056.556
2019年7月,2019,7,公路,6768.095
2019年7月,2019,7,鐵路,128156.5
2019年7月,2019,7,管線運輸,3131.961
2019年7月,2019,7,能源部門自用,1762690.436
2019年7月,2019,7,農業部門,267814.8316
2019年8月,2019,8,全國用電量,24853146.69
2019年8月,2019,8,工業用電,13209471.47
2019年8月,2019,8,紡織成衣及服飾品製造業,519783.882
2019年8月,2019,8,紙漿、紙及紙製品製造業,307297.573
2019年8月,2019,8,化學材料及肥料製造業,2814182.781
2019年8月,2019,8,塑膠製品製造業,481536.014
2019年8月,2019,8,非金屬礦物製品製造業,493734.333
2019年8月,2019,8,基本金屬製造業,1563444.723
2019年8月,2019,8,金屬製品製造業,596896.6023
2019年8月,2019,8,電子產品及電力設備製造業,4692077.201
2019年8月,2019,8,住宅用電,4879273.5
2019年8月,2019,8,服務業用電,4523003.598
2019年8月,2019,8,運輸及倉儲業,317070.359
2019年8月,2019,8,住宿及餐飲業,749898.05
2019年8月,2019,8,出版影音及資通訊業,309122.3821
2019年8月,2019,8,金融及保險業,177900.749
2019年8月,2019,8,不動產業,119522.4709
2019年8月,2019,8,醫療保健及社會工作服務業,345417.5365
2019年8月,2019,8,藝術、娛樂及休閒服務業,141533.748
2019年8月,2019,8,運輸用電,136473.901
2019年8月,2019,8,公路,6860.278
2019年8月,2019,8,鐵路,126210.187
2019年8月,2019,8,管線運輸,3403.436
2019年8月,2019,8,能源部門自用,1811451.439
2019年8月,2019,8,農業部門,293472.78
2019年9月,2019,9,全國用電量,24187347.45
2019年9月,2019,9,工業用電,12300102.8
2019年9月,2019,9,紡織成衣及服飾品製造業,479262.231
2019年9月,2019,9,紙漿、紙及紙製品製造業,294240.16
2019年9月,2019,9,化學材料及肥料製造業,2452983.606
2019年9月,2019,9,塑膠製品製造業,453583.065
2019年9月,2019,9,非金屬礦物製品製造業,470419.282
2019年9月,2019,9,基本金屬製造業,1488499.051
2019年9月,2019,9,金屬製品製造業,561849.3315
2019年9月,2019,9,電子產品及電力設備製造業,4431567.793
2019年9月,2019,9,住宅用電,5398176.841
2019年9月,2019,9,服務業用電,4491901.869
2019年9月,2019,9,運輸及倉儲業,304888.23
2019年9月,2019,9,住宿及餐飲業,769750.321
2019年9月,2019,9,出版影音及資通訊業,311208.9647
2019年9月,2019,9,金融及保險業,173947.089
2019年9月,2019,9,不動產業,110835.3326
2019年9月,2019,9,醫療保健及社會工作服務業,317692.1699
2019年9月,2019,9,藝術、娛樂及休閒服務業,137755.805
2019年9月,2019,9,運輸用電,132293.377
2019年9月,2019,9,公路,7108.378
2019年9月,2019,9,鐵路,122068.546
2019年9月,2019,9,管線運輸,3116.453
2019年9月,2019,9,能源部門自用,1576774.461
2019年9月,2019,9,農業部門,288098.0971
2019年10月,2019,10,全國用電量,23698612.09
2019年10月,2019,10,工業用電,12678815.59
2019年10月,2019,10,紡織成衣及服飾品製造業,477674.789
2019年10月,2019,10,紙漿、紙及紙製品製造業,300260.121
2019年10月,2019,10,化學材料及肥料製造業,2709916.58
2019年10月,2019,10,塑膠製品製造業,467785.77
2019年10月,2019,10,非金屬礦物製品製造業,483811.593
2019年10月,2019,10,基本金屬製造業,1524952.17
2019年10月,2019,10,金屬製品製造業,561656.7879
2019年10月,2019,10,電子產品及電力設備製造業,4484457.679
2019年10月,2019,10,住宅用電,4746353.057
2019年10月,2019,10,服務業用電,4168967.33
2019年10月,2019,10,運輸及倉儲業,288594.672
2019年10月,2019,10,住宿及餐飲業,690794.979
2019年10月,2019,10,出版影音及資通訊業,291065.1678
2019年10月,2019,10,金融及保險業,157725.085
2019年10月,2019,10,不動產業,98493.80749
2019年10月,2019,10,醫療保健及社會工作服務業,302047.1951
2019年10月,2019,10,藝術、娛樂及休閒服務業,127880.402
2019年10月,2019,10,運輸用電,137619.374
2019年10月,2019,10,公路,7518.153
2019年10月,2019,10,鐵路,127086.663
2019年10月,2019,10,管線運輸,3014.558
2019年10月,2019,10,能源部門自用,1683106.044
2019年10月,2019,10,農業部門,283750.6928
2019年11月,2019,11,全國用電量,22056616.34
2019年11月,2019,11,工業用電,12177678.79
2019年11月,2019,11,紡織成衣及服飾品製造業,451073.235
2019年11月,2019,11,紙漿、紙及紙製品製造業,293349.661
2019年11月,2019,11,化學材料及肥料製造業,2638655.421
2019年11月,2019,11,塑膠製品製造業,447732.201
2019年11月,2019,11,非金屬礦物製品製造業,488334.594
2019年11月,2019,11,基本金屬製造業,1461640.797
2019年11月,2019,11,金屬製品製造業,545879.4169
2019年11月,2019,11,電子產品及電力設備製造業,4261736.788
2019年11月,2019,11,住宅用電,4086702.547
2019年11月,2019,11,服務業用電,3829241.328
2019年11月,2019,11,運輸及倉儲業,263030.145
2019年11月,2019,11,住宿及餐飲業,642611.777
2019年11月,2019,11,出版影音及資通訊業,287220.5698
2019年11月,2019,11,金融及保險業,133956.846
2019年11月,2019,11,不動產業,72339.75428
2019年11月,2019,11,醫療保健及社會工作服務業,261697.5303
2019年11月,2019,11,藝術、娛樂及休閒服務業,116060.85
2019年11月,2019,11,運輸用電,129057.46
2019年11月,2019,11,公路,7805.653
2019年11月,2019,11,鐵路,118437.111
2019年11月,2019,11,管線運輸,2814.696
2019年11月,2019,11,能源部門自用,1564295.526
2019年11月,2019,11,農業部門,269640.6871
2019年12月,2019,12,全國用電量,20750989.37
2019年12月,2019,12,工業用電,12294957.59
2019年12月,2019,12,紡織成衣及服飾品製造業,450508.899
2019年12月,2019,12,紙漿、紙及紙製品製造業,319160.879
2019年12月,2019,12,化學材料及肥料製造業,2642873.592
2019年12月,2019,12,塑膠製品製造業,453184.342
2019年12月,2019,12,非金屬礦物製品製造業,498566.617
2019年12月,2019,12,基本金屬製造業,1519051.726
2019年12月,2019,12,金屬製品製造業,546841.2612
2019年12月,2019,12,電子產品及電力設備製造業,4323639.09
2019年12月,2019,12,住宅用電,3105834.468
2019年12月,2019,12,服務業用電,3380467.452
2019年12月,2019,12,運輸及倉儲業,244021.96
2019年12月,2019,12,住宿及餐飲業,548394.412
2019年12月,2019,12,出版影音及資通訊業,273736.7646
2019年12月,2019,12,金融及保險業,115466.146
2019年12月,2019,12,不動產業,57848.56518
2019年12月,2019,12,醫療保健及社會工作服務業,244847.7602
2019年12月,2019,12,藝術、娛樂及休閒服務業,103691.739
2019年12月,2019,12,運輸用電,132328.92
2019年12月,2019,12,公路,8626.229
2019年12月,2019,12,鐵路,120983.078
2019年12月,2019,12,管線運輸,2719.613
2019年12月,2019,12,能源部門自用,1596061.161
2019年12月,2019,12,農業部門,241339.7802
2020年1月,2020,1,全國用電量,19982095.69
2020年1月,2020,1,工業用電,11694837.53
2020年1月,2020,1,紡織成衣及服飾品製造業,400964.166
2020年1月,2020,1,紙漿、紙及紙製品製造業,289124.245
2020年1月,2020,1,化學材料及肥料製造業,2640606.673
2020年1月,2020,1,塑膠製品製造業,388666.588
2020年1月,2020,1,非金屬礦物製品製造業,444568.542
2020年1月,2020,1,基本金屬製造業,1454483.197
2020年1月,2020,1,金屬製品製造業,462908.7757
2020年1月,2020,1,電子產品及電力設備製造業,4232037.876
2020年1月,2020,1,住宅用電,3156055.6
2020年1月,2020,1,服務業用電,3228265.061
2020年1月,2020,1,運輸及倉儲業,235315.257
2020年1月,2020,1,住宿及餐飲業,513866.122
2020年1月,2020,1,出版影音及資通訊業,268941.4328
2020年1月,2020,1,金融及保險業,106034.686
2020年1月,2020,1,不動產業,55330.3001
2020年1月,2020,1,醫療保健及社會工作服務業,232234.3195
2020年1月,2020,1,藝術、娛樂及休閒服務業,95332.637
2020年1月,2020,1,運輸用電,132182.5992
2020年1月,2020,1,公路,7314.296
2020年1月,2020,1,鐵路,122055.926
2020年1月,2020,1,管線運輸,2812.37715
2020年1月,2020,1,能源部門自用,1551360.18
2020年1月,2020,1,農業部門,219394.7271
2020年2月,2020,2,全國用電量,20085772.83
2020年2月,2020,2,工業用電,11549282.68
2020年2月,2020,2,紡織成衣及服飾品製造業,425432.069
2020年2月,2020,2,紙漿、紙及紙製品製造業,274928.801
2020年2月,2020,2,化學材料及肥料製造業,2410447.68
2020年2月,2020,2,塑膠製品製造業,422556.876
2020年2月,2020,2,非金屬礦物製品製造業,447814.129
2020年2月,2020,2,基本金屬製造業,1507095.116
2020年2月,2020,2,金屬製品製造業,506942.7062
2020年2月,2020,2,電子產品及電力設備製造業,4103400.241
2020年2月,2020,2,住宅用電,3484946.751
2020年2月,2020,2,服務業用電,3187123.822
2020年2月,2020,2,運輸及倉儲業,227127.098
2020年2月,2020,2,住宿及餐飲業,522809.929
2020年2月,2020,2,出版影音及資通訊業,273334.106
2020年2月,2020,2,金融及保險業,103039.996
2020年2月,2020,2,不動產業,51372.92193
2020年2月,2020,2,醫療保健及社會工作服務業,226495.9612
2020年2月,2020,2,藝術、娛樂及休閒服務業,98366.393
2020年2月,2020,2,運輸用電,119628.023
2020年2月,2020,2,公路,7388.07
2020年2月,2020,2,鐵路,109853.2
2020年2月,2020,2,管線運輸,2386.75301
2020年2月,2020,2,能源部門自用,1493474.66
2020年2月,2020,2,農業部門,251316.8949
2020年3月,2020,3,全國用電量,21298531.78
2020年3月,2020,3,工業用電,12429784.28
2020年3月,2020,3,紡織成衣及服飾品製造業,460718.832
2020年3月,2020,3,紙漿、紙及紙製品製造業,313972.376
2020年3月,2020,3,化學材料及肥料製造業,2499940.554
2020年3月,2020,3,塑膠製品製造業,444059.014
2020年3月,2020,3,非金屬礦物製品製造業,490032.679
2020年3月,2020,3,基本金屬製造業,1619076.617
2020年3月,2020,3,金屬製品製造業,563494.0483
2020年3月,2020,3,電子產品及電力設備製造業,4478231.415
2020年3月,2020,3,住宅用電,3596554.084
2020年3月,2020,3,服務業用電,3293301.072
2020年3月,2020,3,運輸及倉儲業,242882.517
2020年3月,2020,3,住宿及餐飲業,495564.476
2020年3月,2020,3,出版影音及資通訊業,276329.3193
2020年3月,2020,3,金融及保險業,111584.552
2020年3月,2020,3,不動產業,55914.81869
2020年3月,2020,3,醫療保健及社會工作服務業,249190.8823
2020年3月,2020,3,藝術、娛樂及休閒服務業,97005.865
2020年3月,2020,3,運輸用電,129107.6322
2020年3月,2020,3,公路,7964.022
2020年3月,2020,3,鐵路,119129.063
2020年3月,2020,3,管線運輸,2014.54722
2020年3月,2020,3,能源部門自用,1620981.038
2020年3月,2020,3,農業部門,228803.6711
2020年4月,2020,4,全國用電量,20359060.36
2020年4月,2020,4,工業用電,11802214.69
2020年4月,2020,4,紡織成衣及服飾品製造業,344883.844
2020年4月,2020,4,紙漿、紙及紙製品製造業,305410.75
2020年4月,2020,4,化學材料及肥料製造業,2377810.977
2020年4月,2020,4,塑膠製品製造業,429528.796
2020年4月,2020,4,非金屬礦物製品製造業,464200.477
2020年4月,2020,4,基本金屬製造業,1499062.28
2020年4月,2020,4,金屬製品製造業,538748.5282
2020年4月,2020,4,電子產品及電力設備製造業,4354421.683
2020年4月,2020,4,住宅用電,3349521.573
2020年4月,2020,4,服務業用電,3270255.186
2020年4月,2020,4,運輸及倉儲業,238167.184
2020年4月,2020,4,住宿及餐飲業,494497.814
2020年4月,2020,4,出版影音及資通訊業,274655.2044
2020年4月,2020,4,金融及保險業,109138.585
2020年4月,2020,4,不動產業,52357.8482
2020年4月,2020,4,醫療保健及社會工作服務業,244503.7828
2020年4月,2020,4,藝術、娛樂及休閒服務業,96792.195
2020年4月,2020,4,運輸用電,124868.5515
2020年4月,2020,4,公路,8015.037
2020年4月,2020,4,鐵路,114497.762
2020年4月,2020,4,管線運輸,2355.75246
2020年4月,2020,4,能源部門自用,1561732.41
2020年4月,2020,4,農業部門,250467.9497
2020年5月,2020,5,全國用電量,21916106.1
2020年5月,2020,5,工業用電,12542201.74
2020年5月,2020,5,紡織成衣及服飾品製造業,341486.264
2020年5月,2020,5,紙漿、紙及紙製品製造業,305339.485
2020年5月,2020,5,化學材料及肥料製造業,2590471.551
2020年5月,2020,5,塑膠製品製造業,435862.157
2020年5月,2020,5,非金屬礦物製品製造業,490801.953
2020年5月,2020,5,基本金屬製造業,1508743.159
2020年5月,2020,5,金屬製品製造業,530436.3279
2020年5月,2020,5,電子產品及電力設備製造業,4757244.148
2020年5月,2020,5,住宅用電,3600445.933
2020年5月,2020,5,服務業用電,3762745.993
2020年5月,2020,5,運輸及倉儲業,282033.823
2020年5月,2020,5,住宿及餐飲業,555370.837
2020年5月,2020,5,出版影音及資通訊業,292984.8744
2020年5月,2020,5,金融及保險業,129417.737
2020年5月,2020,5,不動產業,64207.10202
2020年5月,2020,5,醫療保健及社會工作服務業,298722.9995
2020年5月,2020,5,藝術、娛樂及休閒服務業,110767.503
2020年5月,2020,5,運輸用電,124551.6663
2020年5月,2020,5,公路,8189.975
2020年5月,2020,5,鐵路,113617.659
2020年5月,2020,5,管線運輸,2744.03231
2020年5月,2020,5,能源部門自用,1623137.225
2020年5月,2020,5,農業部門,263023.5447
2020年6月,2020,6,全國用電量,22945986.46
2020年6月,2020,6,工業用電,12587521.47
2020年6月,2020,6,紡織成衣及服飾品製造業,352694.766
2020年6月,2020,6,紙漿、紙及紙製品製造業,292031.271
2020年6月,2020,6,化學材料及肥料製造業,2634269.161
2020年6月,2020,6,塑膠製品製造業,443041.675
2020年6月,2020,6,非金屬礦物製品製造業,487679.317
2020年6月,2020,6,基本金屬製造業,1482004.522
2020年6月,2020,6,金屬製品製造業,529143.7056
2020年6月,2020,6,電子產品及電力設備製造業,4722445.536
2020年6月,2020,6,住宅用電,4238831.313
2020年6月,2020,6,服務業用電,4083530.425
2020年6月,2020,6,運輸及倉儲業,295070.337
2020年6月,2020,6,住宿及餐飲業,634250.249
2020年6月,2020,6,出版影音及資通訊業,294683.596
2020年6月,2020,6,金融及保險業,141788.64
2020年6月,2020,6,不動產業,68075.65333
2020年6月,2020,6,醫療保健及社會工作服務業,324893.7223
2020年6月,2020,6,藝術、娛樂及休閒服務業,128287.782
2020年6月,2020,6,運輸用電,132066.4314
2020年6月,2020,6,公路,8317.595
2020年6月,2020,6,鐵路,121247.093
2020年6月,2020,6,管線運輸,2501.74341
2020年6月,2020,6,能源部門自用,1618869.097
2020年6月,2020,6,農業部門,285167.7253
2020年7月,2020,7,全國用電量,25442564.67
2020年7月,2020,7,工業用電,13306413.71
2020年7月,2020,7,紡織成衣及服飾品製造業,399133.549
2020年7月,2020,7,紙漿、紙及紙製品製造業,316417.093
2020年7月,2020,7,化學材料及肥料製造業,2724455.501
2020年7月,2020,7,塑膠製品製造業,489968.188
2020年7月,2020,7,非金屬礦物製品製造業,493458.341
2020年7月,2020,7,基本金屬製造業,1448192.041
2020年7月,2020,7,金屬製品製造業,590489.3923
2020年7月,2020,7,電子產品及電力設備製造業,4994954.776
2020年7月,2020,7,住宅用電,5243627.976
2020年7月,2020,7,服務業用電,4663313.889
2020年7月,2020,7,運輸及倉儲業,328275.011
2020年7月,2020,7,住宿及餐飲業,784718.214
2020年7月,2020,7,出版影音及資通訊業,328420.3608
2020年7月,2020,7,金融及保險業,167655.693
2020年7月,2020,7,不動產業,82600.84368
2020年7月,2020,7,醫療保健及社會工作服務業,356758.2402
2020年7月,2020,7,藝術、娛樂及休閒服務業,154691.566
2020年7月,2020,7,運輸用電,139389.9644
2020年7月,2020,7,公路,8526.147
2020年7月,2020,7,鐵路,128182.983
2020年7月,2020,7,管線運輸,2680.83442
2020年7月,2020,7,能源部門自用,1757880.602
2020年7月,2020,7,農業部門,331938.5316
2020年8月,2020,8,全國用電量,25231268.95
2020年8月,2020,8,工業用電,13120368.28
2020年8月,2020,8,紡織成衣及服飾品製造業,408574.525
2020年8月,2020,8,紙漿、紙及紙製品製造業,295875.505
2020年8月,2020,8,化學材料及肥料製造業,2613252.743
2020年8月,2020,8,塑膠製品製造業,480360.415
2020年8月,2020,8,非金屬礦物製品製造業,494966.449
2020年8月,2020,8,基本金屬製造業,1508167.324
2020年8月,2020,8,金屬製品製造業,575710.4196
2020年8月,2020,8,電子產品及電力設備製造業,4976697.758
2020年8月,2020,8,住宅用電,5522824.185
2020年8月,2020,8,服務業用電,4375801.386
2020年8月,2020,8,運輸及倉儲業,314483.375
2020年8月,2020,8,住宿及餐飲業,743002.759
2020年8月,2020,8,出版影音及資通訊業,304079.2184
2020年8月,2020,8,金融及保險業,153250.151
2020年8月,2020,8,不動產業,77131.72273
2020年8月,2020,8,醫療保健及社會工作服務業,343057.5017
2020年8月,2020,8,藝術、娛樂及休閒服務業,148619.585
2020年8月,2020,8,運輸用電,140697.0804
2020年8月,2020,8,公路,8750.244
2020年8月,2020,8,鐵路,129184.845
2020年8月,2020,8,管線運輸,2761.99136
2020年8月,2020,8,能源部門自用,1769315.65
2020年8月,2020,8,農業部門,302262.3759
2020年9月,2020,9,全國用電量,25361004.26
2020年9月,2020,9,工業用電,12977174.83
2020年9月,2020,9,紡織成衣及服飾品製造業,421583.148
2020年9月,2020,9,紙漿、紙及紙製品製造業,297824.98
2020年9月,2020,9,化學材料及肥料製造業,2556894.659
2020年9月,2020,9,塑膠製品製造業,496419.313
2020年9月,2020,9,非金屬礦物製品製造業,473121.173
2020年9月,2020,9,基本金屬製造業,1488124.78
2020年9月,2020,9,金屬製品製造業,608289.4508
2020年9月,2020,9,電子產品及電力設備製造業,4821671.597
2020年9月,2020,9,住宅用電,5606457.529
2020年9月,2020,9,服務業用電,4630702.754
2020年9月,2020,9,運輸及倉儲業,314333.68
2020年9月,2020,9,住宿及餐飲業,799538.234
2020年9月,2020,9,出版影音及資通訊業,323035.1109
2020年9月,2020,9,金融及保險業,162576.756
2020年9月,2020,9,不動產業,80401.97253
2020年9月,2020,9,醫療保健及社會工作服務業,329519.6261
2020年9月,2020,9,藝術、娛樂及休閒服務業,149976.969
2020年9月,2020,9,運輸用電,136862.0373
2020年9月,2020,9,公路,9117.972
2020年9月,2020,9,鐵路,125143.9
2020年9月,2020,9,管線運輸,2600.16528
2020年9月,2020,9,能源部門自用,1684907.384
2020年9月,2020,9,農業部門,324899.7268
2020年10月,2020,10,全國用電量,24049959.06
2020年10月,2020,10,工業用電,13011970.54
2020年10月,2020,10,紡織成衣及服飾品製造業,408194.071
2020年10月,2020,10,紙漿、紙及紙製品製造業,312280.61
2020年10月,2020,10,化學材料及肥料製造業,2746709.087
2020年10月,2020,10,塑膠製品製造業,465195.614
2020年10月,2020,10,非金屬礦物製品製造業,487823.69
2020年10月,2020,10,基本金屬製造業,1536028.882
2020年10月,2020,10,金屬製品製造業,577043.2585
2020年10月,2020,10,電子產品及電力設備製造業,4811702.745
2020年10月,2020,10,住宅用電,4962034.365
2020年10月,2020,10,服務業用電,4062145.334
2020年10月,2020,10,運輸及倉儲業,285712.6
2020年10月,2020,10,住宿及餐飲業,694231.902
2020年10月,2020,10,出版影音及資通訊業,295803.1575
2020年10月,2020,10,金融及保險業,134825.146
2020年10月,2020,10,不動產業,68487.12296
2020年10月,2020,10,醫療保健及社會工作服務業,298654.4515
2020年10月,2020,10,藝術、娛樂及休閒服務業,133701.084
2020年10月,2020,10,運輸用電,136880.4034
2020年10月,2020,10,公路,9237.393
2020年10月,2020,10,鐵路,125048.411
2020年10月,2020,10,管線運輸,2594.5994
2020年10月,2020,10,能源部門自用,1583862.051
2020年10月,2020,10,農業部門,293066.3645
2020年11月,2020,11,全國用電量,22640894.81
2020年11月,2020,11,工業用電,12773048.36
2020年11月,2020,11,紡織成衣及服飾品製造業,405765.993
2020年11月,2020,11,紙漿、紙及紙製品製造業,308945.393
2020年11月,2020,11,化學材料及肥料製造業,2664490.183
2020年11月,2020,11,塑膠製品製造業,467903.654
2020年11月,2020,11,非金屬礦物製品製造業,477287.736
2020年11月,2020,11,基本金屬製造業,1549111.586
2020年11月,2020,11,金屬製品製造業,582827.2414
2020年11月,2020,11,電子產品及電力設備製造業,4680023.773
2020年11月,2020,11,住宅用電,4108157.102
2020年11月,2020,11,服務業用電,3851729.243
2020年11月,2020,11,運輸及倉儲業,264670.845
2020年11月,2020,11,住宿及餐飲業,635409.088
2020年11月,2020,11,出版影音及資通訊業,294386.9178
2020年11月,2020,11,金融及保險業,130002.547
2020年11月,2020,11,不動產業,65235.49542
2020年11月,2020,11,醫療保健及社會工作服務業,272574.5376
2020年11月,2020,11,藝術、娛樂及休閒服務業,122328.96
2020年11月,2020,11,運輸用電,131907.9074
2020年11月,2020,11,公路,9392.576
2020年11月,2020,11,鐵路,119901.299
2020年11月,2020,11,管線運輸,2614.03237
2020年11月,2020,11,能源部門自用,1503350.255
2020年11月,2020,11,農業部門,272701.9337
2020年12月,2020,12,全國用電量,21922497.26
2020年12月,2020,12,工業用電,13081030.32
2020年12月,2020,12,紡織成衣及服飾品製造業,416483.212
2020年12月,2020,12,紙漿、紙及紙製品製造業,320658.505
2020年12月,2020,12,化學材料及肥料製造業,2716897.437
2020年12月,2020,12,塑膠製品製造業,476598.131
2020年12月,2020,12,非金屬礦物製品製造業,504096.356
2020年12月,2020,12,基本金屬製造業,1643088.871
2020年12月,2020,12,金屬製品製造業,612573.1069
2020年12月,2020,12,電子產品及電力設備製造業,4741524.327
2020年12月,2020,12,住宅用電,3211394.666
2020年12月,2020,12,服務業用電,3709116.383
2020年12月,2020,12,運輸及倉儲業,253069.274
2020年12月,2020,12,住宿及餐飲業,614454.955
2020年12月,2020,12,出版影音及資通訊業,292488.6276
2020年12月,2020,12,金融及保險業,123288.863
2020年12月,2020,12,不動產業,62750.54371
2020年12月,2020,12,醫療保健及社會工作服務業,254202.7298
2020年12月,2020,12,藝術、娛樂及休閒服務業,113638.254
2020年12月,2020,12,運輸用電,132422.1627
2020年12月,2020,12,公路,10061.074
2020年12月,2020,12,鐵路,119529.242
2020年12月,2020,12,管線運輸,2831.84665
2020年12月,2020,12,能源部門自用,1537147.95
2020年12月,2020,12,農業部門,251385.7745
2021年1月,2021,1,全國用電量,21607600.7
2021年1月,2021,1,工業用電,12815664.89
2021年1月,2021,1,紡織成衣及服飾品製造業,422191.286
2021年1月,2021,1,紙漿、紙及紙製品製造業,309073.676
2021年1月,2021,1,化學材料及肥料製造業,2780085.154
2021年1月,2021,1,塑膠製品製造業,468987.976
2021年1月,2021,1,非金屬礦物製品製造業,501908.468
2021年1月,2021,1,基本金屬製造業,1650089.761
2021年1月,2021,1,金屬製品製造業,604102.0017
2021年1月,2021,1,電子產品及電力設備製造業,4494081.52
2021年1月,2021,1,住宅用電,3526160.493
2021年1月,2021,1,服務業用電,3396382.964
2021年1月,2021,1,運輸及倉儲業,235478.998
2021年1月,2021,1,住宿及餐飲業,540607.994
2021年1月,2021,1,出版影音及資通訊業,290238.6547
2021年1月,2021,1,金融及保險業,108763.905
2021年1月,2021,1,不動產業,56189.14706
2021年1月,2021,1,醫療保健及社會工作服務業,233934.8474
2021年1月,2021,1,藝術、娛樂及休閒服務業,103231.143
2021年1月,2021,1,運輸用電,131925.6284
2021年1月,2021,1,公路,10070.719
2021年1月,2021,1,鐵路,119246.315
2021年1月,2021,1,管線運輸,2608.59436
2021年1月,2021,1,能源部門自用,1491366.158
2021年1月,2021,1,農業部門,246100.5604
2021年2月,2021,2,全國用電量,19576618.61
2021年2月,2021,2,工業用電,11265255.69
2021年2月,2021,2,紡織成衣及服飾品製造業,343827.369
2021年2月,2021,2,紙漿、紙及紙製品製造業,265004.49
2021年2月,2021,2,化學材料及肥料製造業,2472404.184
2021年2月,2021,2,塑膠製品製造業,387435.204
2021年2月,2021,2,非金屬礦物製品製造業,398099.431
2021年2月,2021,2,基本金屬製造業,1401893.979
2021年2月,2021,2,金屬製品製造業,487146.2873
2021年2月,2021,2,電子產品及電力設備製造業,4181902.886
2021年2月,2021,2,住宅用電,3599355.453
2021年2月,2021,2,服務業用電,2998605.479
2021年2月,2021,2,運輸及倉儲業,214324.469
2021年2月,2021,2,住宿及餐飲業,484274.347
2021年2月,2021,2,出版影音及資通訊業,263882.6617
2021年2月,2021,2,金融及保險業,92387.194
2021年2月,2021,2,不動產業,48065.0076
2021年2月,2021,2,醫療保健及社會工作服務業,213856.1027
2021年2月,2021,2,藝術、娛樂及休閒服務業,94318.28
2021年2月,2021,2,運輸用電,124264.4299
2021年2月,2021,2,公路,9923.402
2021年2月,2021,2,鐵路,111831.045
2021年2月,2021,2,管線運輸,2509.98292
2021年2月,2021,2,能源部門自用,1356334.064
2021年2月,2021,2,農業部門,232803.4974
2021年3月,2021,3,全國用電量,22567342.64
2021年3月,2021,3,工業用電,13330912.81
2021年3月,2021,3,紡織成衣及服飾品製造業,436028.379
2021年3月,2021,3,紙漿、紙及紙製品製造業,319948.15
2021年3月,2021,3,化學材料及肥料製造業,2758523.585
2021年3月,2021,3,塑膠製品製造業,506372.317
2021年3月,2021,3,非金屬礦物製品製造業,489224.781
2021年3月,2021,3,基本金屬製造業,1688862.23
2021年3月,2021,3,金屬製品製造業,628898.6341
2021年3月,2021,3,電子產品及電力設備製造業,4794309.306
2021年3月,2021,3,住宅用電,3766586.208
2021年3月,2021,3,服務業用電,3541644.903
2021年3月,2021,3,運輸及倉儲業,248797.623
2021年3月,2021,3,住宿及餐飲業,560037.658
2021年3月,2021,3,出版影音及資通訊業,308582.7048
2021年3月,2021,3,金融及保險業,110878.503
2021年3月,2021,3,不動產業,57050.34983
2021年3月,2021,3,醫療保健及社會工作服務業,256451.8695
2021年3月,2021,3,藝術、娛樂及休閒服務業,111091.282
2021年3月,2021,3,運輸用電,136424.7123
2021年3月,2021,3,公路,10509.581
2021年3月,2021,3,鐵路,123136.125
2021年3月,2021,3,管線運輸,2779.00632
2021年3月,2021,3,能源部門自用,1527707.225
2021年3月,2021,3,農業部門,264066.7837
2021年4月,2021,4,全國用電量,21861495.04
2021年4月,2021,4,工業用電,12939855.63
2021年4月,2021,4,紡織成衣及服飾品製造業,425513.074
2021年4月,2021,4,紙漿、紙及紙製品製造業,294259.822
2021年4月,2021,4,化學材料及肥料製造業,2729072.831
2021年4月,2021,4,塑膠製品製造業,477386.442
2021年4月,2021,4,非金屬礦物製品製造業,479370.734
2021年4月,2021,4,基本金屬製造業,1627175.93
2021年4月,2021,4,金屬製品製造業,617174.9865
2021年4月,2021,4,電子產品及電力設備製造業,4683808.87
2021年4月,2021,4,住宅用電,3522039.205
2021年4月,2021,4,服務業用電,3483670.053
2021年4月,2021,4,運輸及倉儲業,253298.793
2021年4月,2021,4,住宿及餐飲業,552103.658
2021年4月,2021,4,出版影音及資通訊業,290954.686
2021年4月,2021,4,金融及保險業,107688.758
2021年4月,2021,4,不動產業,55062.42204
2021年4月,2021,4,醫療保健及社會工作服務業,259893.4186
2021年4月,2021,4,藝術、娛樂及休閒服務業,112443.411
2021年4月,2021,4,運輸用電,135415.9017
2021年4月,2021,4,公路,10652.9
2021年4月,2021,4,鐵路,122194.639
2021年4月,2021,4,管線運輸,2568.36272
2021年4月,2021,4,能源部門自用,1525521.735
2021年4月,2021,4,農業部門,254992.5101
2021年5月,2021,5,全國用電量,23563701.14
2021年5月,2021,5,工業用電,13950764.82
2021年5月,2021,5,紡織成衣及服飾品製造業,467724.484
2021年5月,2021,5,紙漿、紙及紙製品製造業,320474.421
2021年5月,2021,5,化學材料及肥料製造業,2862954.952
2021年5月,2021,5,塑膠製品製造業,504238.251
2021年5月,2021,5,非金屬礦物製品製造業,509413.105
2021年5月,2021,5,基本金屬製造業,1713873.561
2021年5月,2021,5,金屬製品製造業,657729.3551
2021年5月,2021,5,電子產品及電力設備製造業,5201758.801
2021年5月,2021,5,住宅用電,3559758.445
2021年5月,2021,5,服務業用電,3915749.461
2021年5月,2021,5,運輸及倉儲業,293911.049
2021年5月,2021,5,住宿及餐飲業,606854.645
2021年5月,2021,5,出版影音及資通訊業,319649.1193
2021年5月,2021,5,金融及保險業,128608.9
2021年5月,2021,5,不動產業,63306.29097
2021年5月,2021,5,醫療保健及社會工作服務業,311901.2635
2021年5月,2021,5,藝術、娛樂及休閒服務業,115415.454
2021年5月,2021,5,運輸用電,131352.1774
2021年5月,2021,5,公路,10948.228
2021年5月,2021,5,鐵路,117739.084
2021年5月,2021,5,管線運輸,2664.86544
2021年5月,2021,5,能源部門自用,1727974.162
2021年5月,2021,5,農業部門,278102.0671
2021年6月,2021,6,全國用電量,24006022.88
2021年6月,2021,6,工業用電,13794678.8
2021年6月,2021,6,紡織成衣及服飾品製造業,449118.007
2021年6月,2021,6,紙漿、紙及紙製品製造業,313970.022
2021年6月,2021,6,化學材料及肥料製造業,2857189.445
2021年6月,2021,6,塑膠製品製造業,496751.621
2021年6月,2021,6,非金屬礦物製品製造業,484667.8034
2021年6月,2021,6,基本金屬製造業,1672395.82
2021年6月,2021,6,金屬製品製造業,661918.9135
2021年6月,2021,6,電子產品及電力設備製造業,5146990.613
2021年6月,2021,6,住宅用電,4389408.004
2021年6月,2021,6,服務業用電,3757482.621
2021年6月,2021,6,運輸及倉儲業,294113.504
2021年6月,2021,6,住宿及餐飲業,545716.47
2021年6月,2021,6,出版影音及資通訊業,306841.9365
2021年6月,2021,6,金融及保險業,129911.875
2021年6月,2021,6,不動產業,58916.04021
2021年6月,2021,6,醫療保健及社會工作服務業,312840.2561
2021年6月,2021,6,藝術、娛樂及休閒服務業,84252.68
2021年6月,2021,6,運輸用電,107007.191
2021年6月,2021,6,公路,10600.321
2021年6月,2021,6,鐵路,94009.968
2021年6月,2021,6,管線運輸,2396.90195
2021年6月,2021,6,能源部門自用,1662607.705
2021年6月,2021,6,農業部門,294838.5605
2021年7月,2021,7,全國用電量,25657646.89
2021年7月,2021,7,工業用電,14431784.74
2021年7月,2021,7,紡織成衣及服飾品製造業,470703.524
2021年7月,2021,7,紙漿、紙及紙製品製造業,325013.282
2021年7月,2021,7,化學材料及肥料製造業,2964458.405
2021年7月,2021,7,塑膠製品製造業,519142.45
2021年7月,2021,7,非金屬礦物製品製造業,511225.1988
2021年7月,2021,7,基本金屬製造業,1689032.139
2021年7月,2021,7,金屬製品製造業,687923.2572
2021年7月,2021,7,電子產品及電力設備製造業,5440005.328
2021年7月,2021,7,住宅用電,5153130.086
2021年7月,2021,7,服務業用電,3957070.927
2021年7月,2021,7,運輸及倉儲業,318532.194
2021年7月,2021,7,住宿及餐飲業,549462.324
2021年7月,2021,7,出版影音及資通訊業,331173.2311
2021年7月,2021,7,金融及保險業,144629.203
2021年7月,2021,7,不動產業,68590.72564
2021年7月,2021,7,醫療保健及社會工作服務業,339491.6458
2021年7月,2021,7,藝術、娛樂及休閒服務業,79448.338
2021年7月,2021,7,運輸用電,112832.3285
2021年7月,2021,7,公路,10830.215
2021年7月,2021,7,鐵路,99562.567
2021年7月,2021,7,管線運輸,2439.54648
2021年7月,2021,7,能源部門自用,1713979.539
2021年7月,2021,7,農業部門,288849.2682
2021年8月,2021,8,全國用電量,25698069.17
2021年8月,2021,8,工業用電,14275161.25
2021年8月,2021,8,紡織成衣及服飾品製造業,463842.047
2021年8月,2021,8,紙漿、紙及紙製品製造業,320004.196
2021年8月,2021,8,化學材料及肥料製造業,2932736.618
2021年8月,2021,8,塑膠製品製造業,506742.204
2021年8月,2021,8,非金屬礦物製品製造業,489191.3751
2021年8月,2021,8,基本金屬製造業,1689525.539
2021年8月,2021,8,金屬製品製造業,686140.4324
2021年8月,2021,8,電子產品及電力設備製造業,5409238.845
2021年8月,2021,8,住宅用電,5313241.003
2021年8月,2021,8,服務業用電,4016276.873
2021年8月,2021,8,運輸及倉儲業,318975.942
2021年8月,2021,8,住宿及餐飲業,574307.486
2021年8月,2021,8,出版影音及資通訊業,331520.9952
2021年8月,2021,8,金融及保險業,143562.267
2021年8月,2021,8,不動產業,69523.0958
2021年8月,2021,8,醫療保健及社會工作服務業,336634.9405
2021年8月,2021,8,藝術、娛樂及休閒服務業,89954.934
2021年8月,2021,8,運輸用電,128066.204
2021年8月,2021,8,公路,11316.928
2021年8月,2021,8,鐵路,114282.983
2021年8月,2021,8,管線運輸,2466.293
2021年8月,2021,8,能源部門自用,1670840.149
2021年8月,2021,8,農業部門,294483.6944
2021年9月,2021,9,全國用電量,25769077.77
2021年9月,2021,9,工業用電,13813301.02
2021年9月,2021,9,紡織成衣及服飾品製造業,448593.236
2021年9月,2021,9,紙漿、紙及紙製品製造業,308329.775
2021年9月,2021,9,化學材料及肥料製造業,2740043.412
2021年9月,2021,9,塑膠製品製造業,486800.497
2021年9月,2021,9,非金屬礦物製品製造業,476047.1059
2021年9月,2021,9,基本金屬製造業,1630018.177
2021年9月,2021,9,金屬製品製造業,671906.4038
2021年9月,2021,9,電子產品及電力設備製造業,5274027.604
2021年9月,2021,9,住宅用電,5503505.104
2021年9月,2021,9,服務業用電,4391210.618
2021年9月,2021,9,運輸及倉儲業,319070.364
2021年9月,2021,9,住宿及餐飲業,662525.763
2021年9月,2021,9,出版影音及資通訊業,345382.5183
2021年9月,2021,9,金融及保險業,152340.635
2021年9月,2021,9,不動產業,76076.72076
2021年9月,2021,9,醫療保健及社會工作服務業,335094.0165
2021年9月,2021,9,藝術、娛樂及休閒服務業,102948.183
2021年9月,2021,9,運輸用電,130792.9571
2021年9月,2021,9,公路,11925.091
2021年9月,2021,9,鐵路,116476.534
2021年9月,2021,9,管線運輸,2391.33205
2021年9月,2021,9,能源部門自用,1626234.714
2021年9月,2021,9,農業部門,304033.3574
2021年10月,2021,10,全國用電量,25938934.68
2021年10月,2021,10,工業用電,14086159.14
2021年10月,2021,10,紡織成衣及服飾品製造業,450321.339
2021年10月,2021,10,紙漿、紙及紙製品製造業,318587.226
2021年10月,2021,10,化學材料及肥料製造業,2884574.866
2021年10月,2021,10,塑膠製品製造業,488735.877
2021年10月,2021,10,非金屬礦物製品製造業,491710.5642
2021年10月,2021,10,基本金屬製造業,1708059.822
2021年10月,2021,10,金屬製品製造業,669776.4274
2021年10月,2021,10,電子產品及電力設備製造業,5339875.329
2021年10月,2021,10,住宅用電,5419271.68
2021年10月,2021,10,服務業用電,4341482.996
2021年10月,2021,10,運輸及倉儲業,312135.21
2021年10月,2021,10,住宿及餐飲業,692210.956
2021年10月,2021,10,出版影音及資通訊業,343606.1999
2021年10月,2021,10,金融及保險業,140055.708
2021年10月,2021,10,不動產業,71818.43787
2021年10月,2021,10,醫療保健及社會工作服務業,318598.3971
2021年10月,2021,10,藝術、娛樂及休閒服務業,110307.559
2021年10月,2021,10,運輸用電,132301.3136
2021年10月,2021,10,公路,12181.247
2021年10月,2021,10,鐵路,117695.633
2021年10月,2021,10,管線運輸,2424.43355
2021年10月,2021,10,能源部門自用,1642522.742
2021年10月,2021,10,農業部門,317196.7998
2021年11月,2021,11,全國用電量,24167058.12
2021年11月,2021,11,工業用電,13392518.25
2021年11月,2021,11,紡織成衣及服飾品製造業,429858.36
2021年11月,2021,11,紙漿、紙及紙製品製造業,311829.273
2021年11月,2021,11,化學材料及肥料製造業,2778121.781
2021年11月,2021,11,塑膠製品製造業,467157.565
2021年11月,2021,11,非金屬礦物製品製造業,481615.9228
2021年11月,2021,11,基本金屬製造業,1638540.571
2021年11月,2021,11,金屬製品製造業,636861.4172
2021年11月,2021,11,電子產品及電力設備製造業,5017648.926
2021年11月,2021,11,住宅用電,4923093.667
2021年11月,2021,11,服務業用電,3977918.044
2021年11月,2021,11,運輸及倉儲業,272976.966
2021年11月,2021,11,住宿及餐飲業,636316.688
2021年11月,2021,11,出版影音及資通訊業,324594.4607
2021年11月,2021,11,金融及保險業,128590.734
2021年11月,2021,11,不動產業,66895.81842
2021年11月,2021,11,醫療保健及社會工作服務業,270181.5161
2021年11月,2021,11,藝術、娛樂及休閒服務業,108995.598
2021年11月,2021,11,運輸用電,129726.8554
2021年11月,2021,11,公路,12603.877
2021年11月,2021,11,鐵路,115016.097
2021年11月,2021,11,管線運輸,2106.88138
2021年11月,2021,11,能源部門自用,1467960.991
2021年11月,2021,11,農業部門,275840.3138
2021年12月,2021,12,全國用電量,22765361.48
2021年12月,2021,12,工業用電,13508039.52
2021年12月,2021,12,紡織成衣及服飾品製造業,432674.486
2021年12月,2021,12,紙漿、紙及紙製品製造業,314078.411
2021年12月,2021,12,化學材料及肥料製造業,2789674.656
2021年12月,2021,12,塑膠製品製造業,466345.254
2021年12月,2021,12,非金屬礦物製品製造業,507958.3769
2021年12月,2021,12,基本金屬製造業,1679361.781
2021年12月,2021,12,金屬製品製造業,635663.8755
2021年12月,2021,12,電子產品及電力設備製造業,5088908.315
2021年12月,2021,12,住宅用電,3843362.554
2021年12月,2021,12,服務業用電,3618519.397
2021年12月,2021,12,運輸及倉儲業,255664.792
2021年12月,2021,12,住宿及餐飲業,567185.063
2021年12月,2021,12,出版影音及資通訊業,317675.4296
2021年12月,2021,12,金融及保險業,111466.518
2021年12月,2021,12,不動產業,57276.25619
2021年12月,2021,12,醫療保健及社會工作服務業,251450.8048
2021年12月,2021,12,藝術、娛樂及休閒服務業,106597.184
2021年12月,2021,12,運輸用電,134085.4212
2021年12月,2021,12,公路,13019.792
2021年12月,2021,12,鐵路,119004.293
2021年12月,2021,12,管線運輸,2061.33622
2021年12月,2021,12,能源部門自用,1404619.525
2021年12月,2021,12,農業部門,256735.0565
2022年1月,2022,1,全國用電量,21910523.65
2022年1月,2022,1,工業用電,13030019.83
2022年1月,2022,1,紡織成衣及服飾品製造業,415212.043
2022年1月,2022,1,紙漿、紙及紙製品製造業,301056.933
2022年1月,2022,1,化學材料及肥料製造業,2677146.845
2022年1月,2022,1,塑膠製品製造業,454736.215
2022年1月,2022,1,非金屬礦物製品製造業,484682.718
2022年1月,2022,1,基本金屬製造業,1582467.126
2022年1月,2022,1,金屬製品製造業,587207.9468
2022年1月,2022,1,電子產品及電力設備製造業,4930304.943
2022年1月,2022,1,住宅用電,3543733.924
2022年1月,2022,1,服務業用電,3516978.912
2022年1月,2022,1,運輸及倉儲業,249874.401
2022年1月,2022,1,住宿及餐飲業,545683.04
2022年1月,2022,1,出版影音及資通訊業,322243.3697
2022年1月,2022,1,金融及保險業,106552.257
2022年1月,2022,1,不動產業,56053.79082
2022年1月,2022,1,醫療保健及社會工作服務業,240918.3603
2022年1月,2022,1,藝術、娛樂及休閒服務業,102828.129
2022年1月,2022,1,運輸用電,133468.7147
2022年1月,2022,1,公路,13104.19
2022年1月,2022,1,鐵路,118032.949
2022年1月,2022,1,管線運輸,2331.57573
2022年1月,2022,1,能源部門自用,1441962
2022年1月,2022,1,農業部門,244360.2634
2022年2月,2022,2,全國用電量,20139364.19
2022年2月,2022,2,工業用電,11535728.92
2022年2月,2022,2,紡織成衣及服飾品製造業,352424.543
2022年2月,2022,2,紙漿、紙及紙製品製造業,259785.724
2022年2月,2022,2,化學材料及肥料製造業,2366279.525
2022年2月,2022,2,塑膠製品製造業,387128.553
2022年2月,2022,2,非金屬礦物製品製造業,398997.4544
2022年2月,2022,2,基本金屬製造業,1409083.043
2022年2月,2022,2,金屬製品製造業,509758.47
2022年2月,2022,2,電子產品及電力設備製造業,4492105.405
2022年2月,2022,2,住宅用電,3724085.655
2022年2月,2022,2,服務業用電,3159068.009
2022年2月,2022,2,運輸及倉儲業,216723.64
2022年2月,2022,2,住宿及餐飲業,506462.465
2022年2月,2022,2,出版影音及資通訊業,294600.1316
2022年2月,2022,2,金融及保險業,89704.057
2022年2月,2022,2,不動產業,47490.89876
2022年2月,2022,2,醫療保健及社會工作服務業,212806.4038
2022年2月,2022,2,藝術、娛樂及休閒服務業,95802.966
2022年2月,2022,2,運輸用電,128596.7685
2022年2月,2022,2,公路,13487.164
2022年2月,2022,2,鐵路,113178.437
2022年2月,2022,2,管線運輸,1931.16747
2022年2月,2022,2,能源部門自用,1350610.519
2022年2月,2022,2,農業部門,241274.3119
2022年3月,2022,3,全國用電量,22808923.85
2022年3月,2022,3,工業用電,13304432.13
2022年3月,2022,3,紡織成衣及服飾品製造業,435277.024
2022年3月,2022,3,紙漿、紙及紙製品製造業,317147.003
2022年3月,2022,3,化學材料及肥料製造業,2594154.598
2022年3月,2022,3,塑膠製品製造業,486111.994
2022年3月,2022,3,非金屬礦物製品製造業,482175.6174
2022年3月,2022,3,基本金屬製造業,1641047.724
2022年3月,2022,3,金屬製品製造業,624850.6391
2022年3月,2022,3,電子產品及電力設備製造業,5068971.529
2022年3月,2022,3,住宅用電,3990279.407
2022年3月,2022,3,服務業用電,3618414.935
2022年3月,2022,3,運輸及倉儲業,264807.356
2022年3月,2022,3,住宿及餐飲業,545751.196
2022年3月,2022,3,出版影音及資通訊業,322271.0643
2022年3月,2022,3,金融及保險業,107709.08
2022年3月,2022,3,不動產業,57219.88516
2022年3月,2022,3,醫療保健及社會工作服務業,260262.3879
2022年3月,2022,3,藝術、娛樂及休閒服務業,108199.231
2022年3月,2022,3,運輸用電,132222.6405
2022年3月,2022,3,公路,14339.727
2022年3月,2022,3,鐵路,115940.486
2022年3月,2022,3,管線運輸,1942.42753
2022年3月,2022,3,能源部門自用,1520195.739
2022年3月,2022,3,農業部門,243378.9956
2022年4月,2022,4,全國用電量,21624774.64
2022年4月,2022,4,工業用電,12977974.06
2022年4月,2022,4,紡織成衣及服飾品製造業,401229.242
2022年4月,2022,4,紙漿、紙及紙製品製造業,289286.801
2022年4月,2022,4,化學材料及肥料製造業,2576184.497
2022年4月,2022,4,塑膠製品製造業,453230.746
2022年4月,2022,4,非金屬礦物製品製造業,463000.3191
2022年4月,2022,4,基本金屬製造業,1587163.203
2022年4月,2022,4,金屬製品製造業,585460.5738
2022年4月,2022,4,電子產品及電力設備製造業,5069553.743
2022年4月,2022,4,住宅用電,3398198.613
2022年4月,2022,4,服務業用電,3371646.937
2022年4月,2022,4,運輸及倉儲業,250274.82
2022年4月,2022,4,住宿及餐飲業,498770.46
2022年4月,2022,4,出版影音及資通訊業,293116.2796
2022年4月,2022,4,金融及保險業,99989.565
2022年4月,2022,4,不動產業,52299.41898
2022年4月,2022,4,醫療保健及社會工作服務業,260057.8476
2022年4月,2022,4,藝術、娛樂及休閒服務業,103612.55
2022年4月,2022,4,運輸用電,136561.7082
2022年4月,2022,4,公路,14643.181
2022年4月,2022,4,鐵路,119701.425
2022年4月,2022,4,管線運輸,2217.10224
2022年4月,2022,4,能源部門自用,1522489.382
2022年4月,2022,4,農業部門,217903.9447
2022年5月,2022,5,全國用電量,22697425.29
2022年5月,2022,5,工業用電,13659586.51
2022年5月,2022,5,紡織成衣及服飾品製造業,406006.866
2022年5月,2022,5,紙漿、紙及紙製品製造業,313931.812
2022年5月,2022,5,化學材料及肥料製造業,2704837.29
2022年5月,2022,5,塑膠製品製造業,469930.161
2022年5月,2022,5,非金屬礦物製品製造業,492415.4947
2022年5月,2022,5,基本金屬製造業,1657496.845
2022年5月,2022,5,金屬製品製造業,604911.6176
2022年5月,2022,5,電子產品及電力設備製造業,5357508.606
2022年5月,2022,5,住宅用電,3299286.63
2022年5月,2022,5,服務業用電,3705035.222
2022年5月,2022,5,運輸及倉儲業,277897.912
2022年5月,2022,5,住宿及餐飲業,548605.499
2022年5月,2022,5,出版影音及資通訊業,320293.8913
2022年5月,2022,5,金融及保險業,113557.282
2022年5月,2022,5,不動產業,58721.44292
2022年5月,2022,5,醫療保健及社會工作服務業,288110.2242
2022年5月,2022,5,藝術、娛樂及休閒服務業,111503.414
2022年5月,2022,5,運輸用電,134069.6575
2022年5月,2022,5,公路,15399.449
2022年5月,2022,5,鐵路,116549.45
2022年5月,2022,5,管線運輸,2120.75847
2022年5月,2022,5,能源部門自用,1650429.509
2022年5月,2022,5,農業部門,249017.7638
2022年6月,2022,6,全國用電量,23316339.49
2022年6月,2022,6,工業用電,13437201.35
2022年6月,2022,6,紡織成衣及服飾品製造業,408400.8442
2022年6月,2022,6,紙漿、紙及紙製品製造業,286125.113
2022年6月,2022,6,化學材料及肥料製造業,2519350.197
2022年6月,2022,6,塑膠製品製造業,466738.392
2022年6月,2022,6,非金屬礦物製品製造業,462904.8564
2022年6月,2022,6,基本金屬製造業,1547291.2
2022年6月,2022,6,金屬製品製造業,614010.0813
2022年6月,2022,6,電子產品及電力設備製造業,5394390.333
2022年6月,2022,6,住宅用電,3746063.293
2022年6月,2022,6,服務業用電,4027350.468
2022年6月,2022,6,運輸及倉儲業,303928.208
2022年6月,2022,6,住宿及餐飲業,600951.684
2022年6月,2022,6,出版影音及資通訊業,330221.2093
2022年6月,2022,6,金融及保險業,125540.34
2022年6月,2022,6,不動產業,64037.77819
2022年6月,2022,6,醫療保健及社會工作服務業,318300.9593
2022年6月,2022,6,藝術、娛樂及休閒服務業,125178.827
2022年6月,2022,6,運輸用電,133441.8984
2022年6月,2022,6,公路,15340.158
2022年6月,2022,6,鐵路,115751.306
2022年6月,2022,6,管線運輸,2350.43435
2022年6月,2022,6,能源部門自用,1699376.737
2022年6月,2022,6,農業部門,272905.7407
2022年7月,2022,7,全國用電量,25382834.38
2022年7月,2022,7,工業用電,13879260.91
2022年7月,2022,7,紡織成衣及服飾品製造業,421417.3889
2022年7月,2022,7,紙漿、紙及紙製品製造業,293856.787
2022年7月,2022,7,化學材料及肥料製造業,2599879.152
2022年7月,2022,7,塑膠製品製造業,473019.976
2022年7月,2022,7,非金屬礦物製品製造業,484933.2079
2022年7月,2022,7,基本金屬製造業,1522457.056
2022年7月,2022,7,金屬製品製造業,624595.5732
2022年7月,2022,7,電子產品及電力設備製造業,5562331.576
2022年7月,2022,7,住宅用電,4690832.177
2022年7月,2022,7,服務業用電,4515496.525
2022年7月,2022,7,運輸及倉儲業,337011.582
2022年7月,2022,7,住宿及餐飲業,709662.326
2022年7月,2022,7,出版影音及資通訊業,349011.9033
2022年7月,2022,7,金融及保險業,146659.382
2022年7月,2022,7,不動產業,70513.30959
2022年7月,2022,7,醫療保健及社會工作服務業,354230.4439
2022年7月,2022,7,藝術、娛樂及休閒服務業,139260.129
2022年7月,2022,7,運輸用電,142854.2975
2022年7月,2022,7,公路,15232.844
2022年7月,2022,7,鐵路,125279.476
2022年7月,2022,7,管線運輸,2341.97748
2022年7月,2022,7,能源部門自用,1852778.27
2022年7月,2022,7,農業部門,301612.2052
2022年8月,2022,8,全國用電量,25795322.5
2022年8月,2022,8,工業用電,13614362.82
2022年8月,2022,8,紡織成衣及服飾品製造業,425427.0235
2022年8月,2022,8,紙漿、紙及紙製品製造業,290149.937
2022年8月,2022,8,化學材料及肥料製造業,2388271.904
2022年8月,2022,8,塑膠製品製造業,470032.402
2022年8月,2022,8,非金屬礦物製品製造業,478430.9481
2022年8月,2022,8,基本金屬製造業,1458175.574
2022年8月,2022,8,金屬製品製造業,618177.2466
2022年8月,2022,8,電子產品及電力設備製造業,5577227.064
2022年8月,2022,8,住宅用電,5313245.151
2022年8月,2022,8,服務業用電,4626638.623
2022年8月,2022,8,運輸及倉儲業,337408.076
2022年8月,2022,8,住宿及餐飲業,750913.794
2022年8月,2022,8,出版影音及資通訊業,342930.0845
2022年8月,2022,8,金融及保險業,149760.976
2022年8月,2022,8,不動產業,72211.65294
2022年8月,2022,8,醫療保健及社會工作服務業,357309.8883
2022年8月,2022,8,藝術、娛樂及休閒服務業,145709.761
2022年8月,2022,8,運輸用電,148600.8384
2022年8月,2022,8,公路,16009.689
2022年8月,2022,8,鐵路,130414.803
2022年8月,2022,8,管線運輸,2176.34638
2022年8月,2022,8,能源部門自用,1777395.414
2022年8月,2022,8,農業部門,315079.6588
2022年9月,2022,9,全國用電量,26023490.18
2022年9月,2022,9,工業用電,12962975.74
2022年9月,2022,9,紡織成衣及服飾品製造業,394757.462
2022年9月,2022,9,紙漿、紙及紙製品製造業,283479.496
2022年9月,2022,9,化學材料及肥料製造業,2335258.002
2022年9月,2022,9,塑膠製品製造業,445586.273
2022年9月,2022,9,非金屬礦物製品製造業,455578.4945
2022年9月,2022,9,基本金屬製造業,1393571.429
2022年9月,2022,9,金屬製品製造業,608046.4594
2022年9月,2022,9,電子產品及電力設備製造業,5207532.103
2022年9月,2022,9,住宅用電,6040837.932
2022年9月,2022,9,服務業用電,4831934.953
2022年9月,2022,9,運輸及倉儲業,327022.276
2022年9月,2022,9,住宿及餐飲業,821904.833
2022年9月,2022,9,出版影音及資通訊業,363289.6324
2022年9月,2022,9,金融及保險業,153219.895
2022年9月,2022,9,不動產業,75277.71784
2022年9月,2022,9,醫療保健及社會工作服務業,332898.0616
2022年9月,2022,9,藝術、娛樂及休閒服務業,147637.164
2022年9月,2022,9,運輸用電,144006.5861
2022年9月,2022,9,公路,16700.231
2022年9月,2022,9,鐵路,125185.873
2022年9月,2022,9,管線運輸,2120.4821
2022年9月,2022,9,能源部門自用,1707481.365
2022年9月,2022,9,農業部門,336253.6013
2022年10月,2022,10,全國用電量,24888374.48
2022年10月,2022,10,工業用電,13183065.53
2022年10月,2022,10,紡織成衣及服飾品製造業,370738.9868
2022年10月,2022,10,紙漿、紙及紙製品製造業,303820.503
2022年10月,2022,10,化學材料及肥料製造業,2548753.955
2022年10月,2022,10,塑膠製品製造業,428199.087
2022年10月,2022,10,非金屬礦物製品製造業,452968.3525
2022年10月,2022,10,基本金屬製造業,1486703.974
2022年10月,2022,10,金屬製品製造業,579288.1713
2022年10月,2022,10,電子產品及電力設備製造業,5274302.371
2022年10月,2022,10,住宅用電,5343821.726
2022年10月,2022,10,服務業用電,4351638.57
2022年10月,2022,10,運輸及倉儲業,306689.578
2022年10月,2022,10,住宿及餐飲業,726880.408
2022年10月,2022,10,出版影音及資通訊業,336817.6866
2022年10月,2022,10,金融及保險業,132910.071
2022年10月,2022,10,不動產業,65586.04026
2022年10月,2022,10,醫療保健及社會工作服務業,308818.2172
2022年10月,2022,10,藝術、娛樂及休閒服務業,134600.025
2022年10月,2022,10,運輸用電,140341.2518
2022年10月,2022,10,公路,16894.511
2022年10月,2022,10,鐵路,121288.268
2022年10月,2022,10,管線運輸,2158.47278
2022年10月,2022,10,能源部門自用,1563351.697
2022年10月,2022,10,農業部門,306155.7128
2022年11月,2022,11,全國用電量,22879676.82
2022年11月,2022,11,工業用電,12713114.31
2022年11月,2022,11,紡織成衣及服飾品製造業,349161.3424
2022年11月,2022,11,紙漿、紙及紙製品製造業,287254.902
2022年11月,2022,11,化學材料及肥料製造業,2446125.699
2022年11月,2022,11,塑膠製品製造業,420902.661
2022年11月,2022,11,非金屬礦物製品製造業,442514.5836
2022年11月,2022,11,基本金屬製造業,1418756.79
2022年11月,2022,11,金屬製品製造業,551242.4952
2022年11月,2022,11,電子產品及電力設備製造業,5111722.072
2022年11月,2022,11,住宅用電,4300294.257
2022年11月,2022,11,服務業用電,4019924.592
2022年11月,2022,11,運輸及倉儲業,279599.64
2022年11月,2022,11,住宿及餐飲業,640430.397
2022年11月,2022,11,出版影音及資通訊業,319202.0594
2022年11月,2022,11,金融及保險業,124413.736
2022年11月,2022,11,不動產業,61606.56867
2022年11月,2022,11,醫療保健及社會工作服務業,286780.3774
2022年11月,2022,11,藝術、娛樂及休閒服務業,118877.364
2022年11月,2022,11,運輸用電,140427.7587
2022年11月,2022,11,公路,17394.823
2022年11月,2022,11,鐵路,121124.8
2022年11月,2022,11,管線運輸,1908.13565
2022年11月,2022,11,能源部門自用,1437695.749
2022年11月,2022,11,農業部門,268220.1479
2022年12月,2022,12,全國用電量,21561416.11
2022年12月,2022,12,工業用電,12642101.18
2022年12月,2022,12,紡織成衣及服飾品製造業,337909.3062
2022年12月,2022,12,紙漿、紙及紙製品製造業,299335.196
2022年12月,2022,12,化學材料及肥料製造業,2439565.468
2022年12月,2022,12,塑膠製品製造業,420958.371
2022年12月,2022,12,非金屬礦物製品製造業,471414.1443
2022年12月,2022,12,基本金屬製造業,1448494.151
2022年12月,2022,12,金屬製品製造業,546129.8283
2022年12月,2022,12,電子產品及電力設備製造業,5061878.256
2022年12月,2022,12,住宅用電,3396727.498
2022年12月,2022,12,服務業用電,3668299.747
2022年12月,2022,12,運輸及倉儲業,258611.876
2022年12月,2022,12,住宿及餐飲業,607093.62
2022年12月,2022,12,出版影音及資通訊業,316113.3754
2022年12月,2022,12,金融及保險業,110651.572
2022年12月,2022,12,不動產業,53218.41694
2022年12月,2022,12,醫療保健及社會工作服務業,254893.0845
2022年12月,2022,12,藝術、娛樂及休閒服務業,111189.166
2022年12月,2022,12,運輸用電,143372.3316
2022年12月,2022,12,公路,18720.102
2022年12月,2022,12,鐵路,122379.811
2022年12月,2022,12,管線運輸,2272.41858
2022年12月,2022,12,能源部門自用,1444456.287
2022年12月,2022,12,農業部門,266459.0678
2023年1月,2023,1,全國用電量,20888635.97
2023年1月,2023,1,工業用電,11594263.43
2023年1月,2023,1,紡織成衣及服飾品製造業,279291.0942
2023年1月,2023,1,紙漿、紙及紙製品製造業,250412.412
2023年1月,2023,1,化學材料及肥料製造業,2250305.519
2023年1月,2023,1,塑膠製品製造業,344868.852
2023年1月,2023,1,非金屬礦物製品製造業,410974.2987
2023年1月,2023,1,基本金屬製造業,1290443.552
2023年1月,2023,1,金屬製品製造業,426741.0207
2023年1月,2023,1,電子產品及電力設備製造業,4921283.63
2023年1月,2023,1,住宅用電,3847514.649
2023年1月,2023,1,服務業用電,3550822.717
2023年1月,2023,1,運輸及倉儲業,246362.489
2023年1月,2023,1,住宿及餐飲業,575240.992
2023年1月,2023,1,出版影音及資通訊業,320079.2288
2023年1月,2023,1,金融及保險業,103271.127
2023年1月,2023,1,不動產業,51757.65407
2023年1月,2023,1,醫療保健及社會工作服務業,240500.9422
2023年1月,2023,1,藝術、娛樂及休閒服務業,102658.779
2023年1月,2023,1,運輸用電,145590.6976
2023年1月,2023,1,公路,18664.683
2023年1月,2023,1,鐵路,124528.08
2023年1月,2023,1,管線運輸,2397.9346
2023年1月,2023,1,能源部門自用,1496581.287
2023年1月,2023,1,農業部門,253863.19
2023年2月,2023,2,全國用電量,20317560.82
2023年2月,2023,2,工業用電,11325247.32
2023年2月,2023,2,紡織成衣及服飾品製造業,330614.4559
2023年2月,2023,2,紙漿、紙及紙製品製造業,270405.811
2023年2月,2023,2,化學材料及肥料製造業,2202526.856
2023年2月,2023,2,塑膠製品製造業,362731.879
2023年2月,2023,2,非金屬礦物製品製造業,405347.0311
2023年2月,2023,2,基本金屬製造業,1363998.909
2023年2月,2023,2,金屬製品製造業,483140.3361
2023年2月,2023,2,電子產品及電力設備製造業,4461561.995
2023年2月,2023,2,住宅用電,4003534.39
2023年2月,2023,2,服務業用電,3283890.224
2023年2月,2023,2,運輸及倉儲業,223214.384
2023年2月,2023,2,住宿及餐飲業,541810.957
2023年2月,2023,2,出版影音及資通訊業,294370.864
2023年2月,2023,2,金融及保險業,93248.654
2023年2月,2023,2,不動產業,46244.95587
2023年2月,2023,2,醫療保健及社會工作服務業,225100.1721
2023年2月,2023,2,藝術、娛樂及休閒服務業,99194.127
2023年2月,2023,2,運輸用電,135252.1464
2023年2月,2023,2,公路,18928.994
2023年2月,2023,2,鐵路,114250.097
2023年2月,2023,2,管線運輸,2073.05536
2023年2月,2023,2,能源部門自用,1319008.624
2023年2月,2023,2,農業部門,250628.1152
2023年3月,2023,3,全國用電量,21770317.46
2023年3月,2023,3,工業用電,12645203.43
2023年3月,2023,3,紡織成衣及服飾品製造業,333873.1295
2023年3月,2023,3,紙漿、紙及紙製品製造業,305408.065
2023年3月,2023,3,化學材料及肥料製造業,2378253.984
2023年3月,2023,3,塑膠製品製造業,399258.515
2023年3月,2023,3,非金屬礦物製品製造業,464997.5069
2023年3月,2023,3,基本金屬製造業,1572343.729
2023年3月,2023,3,金屬製品製造業,494982.7568
2023年3月,2023,3,電子產品及電力設備製造業,5086614.071
2023年3月,2023,3,住宅用電,3780073.105
2023年3月,2023,3,服務業用電,3456764.296
2023年3月,2023,3,運輸及倉儲業,248516.245
2023年3月,2023,3,住宿及餐飲業,525288.782
2023年3月,2023,3,出版影音及資通訊業,316802.8911
2023年3月,2023,3,金融及保險業,103678.985
2023年3月,2023,3,不動產業,50432.9268
2023年3月,2023,3,醫療保健及社會工作服務業,252651.5175
2023年3月,2023,3,藝術、娛樂及休閒服務業,101089.162
2023年3月,2023,3,運輸用電,147614.7593
2023年3月,2023,3,公路,20450.19
2023年3月,2023,3,鐵路,124774.551
2023年3月,2023,3,管線運輸,2390.0183
2023年3月,2023,3,能源部門自用,1508764
2023年3月,2023,3,農業部門,231897.8743
2023年4月,2023,4,全國用電量,20839992.44
2023年4月,2023,4,工業用電,12086494.26
2023年4月,2023,4,紡織成衣及服飾品製造業,299680.6594
2023年4月,2023,4,紙漿、紙及紙製品製造業,268841.748
2023年4月,2023,4,化學材料及肥料製造業,2194985.631
2023年4月,2023,4,塑膠製品製造業,347945.341
2023年4月,2023,4,非金屬礦物製品製造業,437297.4754
2023年4月,2023,4,基本金屬製造業,1573871.85
2023年4月,2023,4,金屬製品製造業,446684.8444
2023年4月,2023,4,電子產品及電力設備製造業,5008123.667
2023年4月,2023,4,住宅用電,3326238.893
2023年4月,2023,4,服務業用電,3451134.412
2023年4月,2023,4,運輸及倉儲業,251843.975
2023年4月,2023,4,住宿及餐飲業,537078.007
2023年4月,2023,4,出版影音及資通訊業,301613.2407
2023年4月,2023,4,金融及保險業,99857.01968
2023年4月,2023,4,不動產業,48379.51241
2023年4月,2023,4,醫療保健及社會工作服務業,259901.5635
2023年4月,2023,4,藝術、娛樂及休閒服務業,104760.566
2023年4月,2023,4,運輸用電,146090.5342
2023年4月,2023,4,公路,20621.659
2023年4月,2023,4,鐵路,123116.751
2023年4月,2023,4,管線運輸,2352.1242
2023年4月,2023,4,能源部門自用,1588042.752
2023年4月,2023,4,農業部門,241991.5948
2023年5月,2023,5,全國用電量,22489556.75
2023年5月,2023,5,工業用電,13041172.07
2023年5月,2023,5,紡織成衣及服飾品製造業,323740.0381
2023年5月,2023,5,紙漿、紙及紙製品製造業,303482.916
2023年5月,2023,5,化學材料及肥料製造業,2384933.843
2023年5月,2023,5,塑膠製品製造業,388487.9739
2023年5月,2023,5,非金屬礦物製品製造業,447646.222
2023年5月,2023,5,基本金屬製造業,1580891.164
2023年5月,2023,5,金屬製品製造業,500227.7378
2023年5月,2023,5,電子產品及電力設備製造業,5411855.352
2023年5月,2023,5,住宅用電,3455048.865
2023年5月,2023,5,服務業用電,3945539.782
2023年5月,2023,5,運輸及倉儲業,282644.523
2023年5月,2023,5,住宿及餐飲業,611036.332
2023年5月,2023,5,出版影音及資通訊業,325921.6935
2023年5月,2023,5,金融及保險業,120856.5077
2023年5月,2023,5,不動產業,58240.31142
2023年5月,2023,5,醫療保健及社會工作服務業,300678.4752
2023年5月,2023,5,藝術、娛樂及休閒服務業,117727.645
2023年5月,2023,5,運輸用電,155933.4566
2023年5月,2023,5,公路,21722.005
2023年5月,2023,5,鐵路,131917.732
2023年5月,2023,5,管線運輸,2293.71964
2023年5月,2023,5,能源部門自用,1635608.746
2023年5月,2023,5,農業部門,256253.8318
2023年6月,2023,6,全國用電量,22913939.62
2023年6月,2023,6,工業用電,12918058.69
2023年6月,2023,6,紡織成衣及服飾品製造業,318572.2857
2023年6月,2023,6,紙漿、紙及紙製品製造業,296144.787
2023年6月,2023,6,化學材料及肥料製造業,2367870.734
2023年6月,2023,6,塑膠製品製造業,374497.5517
2023年6月,2023,6,非金屬礦物製品製造業,432550.8172
2023年6月,2023,6,基本金屬製造業,1508622.949
2023年6月,2023,6,金屬製品製造業,487359.4529
2023年6月,2023,6,電子產品及電力設備製造業,5415312.907
2023年6月,2023,6,住宅用電,3843845.369
2023年6月,2023,6,服務業用電,4121545.579
2023年6月,2023,6,運輸及倉儲業,301717.85
2023年6月,2023,6,住宿及餐飲業,644681.855
2023年6月,2023,6,出版影音及資通訊業,319156.156
2023年6月,2023,6,金融及保險業,125548.0129
2023年6月,2023,6,不動產業,60566.86363
2023年6月,2023,6,醫療保健及社會工作服務業,324314.8217
2023年6月,2023,6,藝術、娛樂及休閒服務業,127063.582
2023年6月,2023,6,運輸用電,156946.3993
2023年6月,2023,6,公路,22467.234
2023年6月,2023,6,鐵路,132123.37
2023年6月,2023,6,管線運輸,2355.79532
2023年6月,2023,6,能源部門自用,1608837.956
2023年6月,2023,6,農業部門,264705.6229
2023年7月,2023,7,全國用電量,25100935.07
2023年7月,2023,7,工業用電,13624397.98
2023年7月,2023,7,紡織成衣及服飾品製造業,345514.2895
2023年7月,2023,7,紙漿、紙及紙製品製造業,295043.176
2023年7月,2023,7,化學材料及肥料製造業,2481350.664
2023年7月,2023,7,塑膠製品製造業,393903.9996
2023年7月,2023,7,非金屬礦物製品製造業,456760.2918
2023年7月,2023,7,基本金屬製造業,1581529.527
2023年7月,2023,7,金屬製品製造業,512892.8716
2023年7月,2023,7,電子產品及電力設備製造業,5734997.882
2023年7月,2023,7,住宅用電,4662959.545
2023年7月,2023,7,服務業用電,4634700.377
2023年7月,2023,7,運輸及倉儲業,333161.745
2023年7月,2023,7,住宿及餐飲業,770543.337
2023年7月,2023,7,出版影音及資通訊業,351908.379
2023年7月,2023,7,金融及保險業,147700.3108
2023年7月,2023,7,不動產業,72055.0873
2023年7月,2023,7,醫療保健及社會工作服務業,354805.0816
2023年7月,2023,7,藝術、娛樂及休閒服務業,148405.151
2023年7月,2023,7,運輸用電,162440.1594
2023年7月,2023,7,公路,22985.621
2023年7月,2023,7,鐵路,137183.779
2023年7月,2023,7,管線運輸,2270.75944
2023年7月,2023,7,能源部門自用,1705256.319
2023年7月,2023,7,農業部門,311180.682
2023年8月,2023,8,全國用電量,25679012.5
2023年8月,2023,8,工業用電,13583139.49
2023年8月,2023,8,紡織成衣及服飾品製造業,361806.0041
2023年8月,2023,8,紙漿、紙及紙製品製造業,285501.09
2023年8月,2023,8,化學材料及肥料製造業,2380468.055
2023年8月,2023,8,塑膠製品製造業,407606.3604
2023年8月,2023,8,非金屬礦物製品製造業,477151.8556
2023年8月,2023,8,基本金屬製造業,1551873.514
2023年8月,2023,8,金屬製品製造業,533211.9313
2023年8月,2023,8,電子產品及電力設備製造業,5728511.118
2023年8月,2023,8,住宅用電,5334301.448
2023年8月,2023,8,服務業用電,4651729.085
2023年8月,2023,8,運輸及倉儲業,332525.105
2023年8月,2023,8,住宿及餐飲業,784551.49
2023年8月,2023,8,出版影音及資通訊業,345089.9429
2023年8月,2023,8,金融及保險業,146612.7539
2023年8月,2023,8,不動產業,72942.85914
2023年8月,2023,8,醫療保健及社會工作服務業,355698.6175
2023年8月,2023,8,藝術、娛樂及休閒服務業,150549.443
2023年8月,2023,8,運輸用電,170705.5613
2023年8月,2023,8,公路,23810.197
2023年8月,2023,8,鐵路,144692.678
2023年8月,2023,8,管線運輸,2202.68631
2023年8月,2023,8,能源部門自用,1627480.183
2023年8月,2023,8,農業部門,311656.7324
2023年9月,2023,9,全國用電量,25809315.46
2023年9月,2023,9,工業用電,13147486.73
2023年9月,2023,9,紡織成衣及服飾品製造業,347789.7994
2023年9月,2023,9,紙漿、紙及紙製品製造業,293994.074
2023年9月,2023,9,化學材料及肥料製造業,2354830.586
2023年9月,2023,9,塑膠製品製造業,390472.4344
2023年9月,2023,9,非金屬礦物製品製造業,449817.8497
2023年9月,2023,9,基本金屬製造業,1512144.365
2023年9月,2023,9,金屬製品製造業,509947.5255
2023年9月,2023,9,電子產品及電力設備製造業,5498348.608
2023年9月,2023,9,住宅用電,5723338.994
2023年9月,2023,9,服務業用電,4866958.594
2023年9月,2023,9,運輸及倉儲業,344376.81
2023年9月,2023,9,住宿及餐飲業,826208.528
2023年9月,2023,9,出版影音及資通訊業,357646.0922
2023年9月,2023,9,金融及保險業,154515.6088
2023年9月,2023,9,不動產業,75382.09907
2023年9月,2023,9,醫療保健及社會工作服務業,340295.7106
2023年9月,2023,9,藝術、娛樂及休閒服務業,150952.631
2023年9月,2023,9,運輸用電,152587.031
2023年9月,2023,9,公路,24289.202
2023年9月,2023,9,鐵路,125958.408
2023年9月,2023,9,管線運輸,2339.42104
2023年9月,2023,9,能源部門自用,1599743.245
2023年9月,2023,9,農業部門,319200.8627
2023年10月,2023,10,全國用電量,24754947.96
2023年10月,2023,10,工業用電,13164181.39
2023年10月,2023,10,紡織成衣及服飾品製造業,336963.9132
2023年10月,2023,10,紙漿、紙及紙製品製造業,303394.432
2023年10月,2023,10,化學材料及肥料製造業,2399851.486
2023年10月,2023,10,塑膠製品製造業,357675.2604
2023年10月,2023,10,非金屬礦物製品製造業,467131.8613
2023年10月,2023,10,基本金屬製造業,1538966.722
2023年10月,2023,10,金屬製品製造業,487587.5373
2023年10月,2023,10,電子產品及電力設備製造業,5576793.299
2023年10月,2023,10,住宅用電,5202981.278
2023年10月,2023,10,服務業用電,4436950.248
2023年10月,2023,10,運輸及倉儲業,316147.719
2023年10月,2023,10,住宿及餐飲業,748340.122
2023年10月,2023,10,出版影音及資通訊業,344989.2559
2023年10月,2023,10,金融及保險業,135026.7075
2023年10月,2023,10,不動產業,65301.27799
2023年10月,2023,10,醫療保健及社會工作服務業,317032.0319
2023年10月,2023,10,藝術、娛樂及休閒服務業,137542.587
2023年10月,2023,10,運輸用電,156193.6492
2023年10月,2023,10,公路,25195.075
2023年10月,2023,10,鐵路,128972.809
2023年10月,2023,10,管線運輸,2025.76518
2023年10月,2023,10,能源部門自用,1498040.127
2023年10月,2023,10,農業部門,296601.2722
2023年11月,2023,11,全國用電量,23205009.2
2023年11月,2023,11,工業用電,12550626.69
2023年11月,2023,11,紡織成衣及服飾品製造業,329375.8536
2023年11月,2023,11,紙漿、紙及紙製品製造業,296882.756
2023年11月,2023,11,化學材料及肥料製造業,2311886.564
2023年11月,2023,11,塑膠製品製造業,385388.858
2023年11月,2023,11,非金屬礦物製品製造業,433719.2059
2023年11月,2023,11,基本金屬製造業,1515713.028
2023年11月,2023,11,金屬製品製造業,496190.9395
2023年11月,2023,11,電子產品及電力設備製造業,5126736.349
2023年11月,2023,11,住宅用電,4610995.434
2023年11月,2023,11,服務業用電,4156372.92
2023年11月,2023,11,運輸及倉儲業,278127.207
2023年11月,2023,11,住宿及餐飲業,700925.867
2023年11月,2023,11,出版影音及資通訊業,332465.6037
2023年11月,2023,11,金融及保險業,127962.1478
2023年11月,2023,11,不動產業,62137.65483
2023年11月,2023,11,醫療保健及社會工作服務業,280558.2189
2023年11月,2023,11,藝術、娛樂及休閒服務業,125553.935
2023年11月,2023,11,運輸用電,159154.1097
2023年11月,2023,11,公路,25977.732
2023年11月,2023,11,鐵路,130882.066
2023年11月,2023,11,管線運輸,2294.31172
2023年11月,2023,11,能源部門自用,1451084.444
2023年11月,2023,11,農業部門,276775.5955
2023年12月,2023,12,全國用電量,22025076.33
2023年12月,2023,12,工業用電,12748694.87
2023年12月,2023,12,紡織成衣及服飾品製造業,328392.9656
2023年12月,2023,12,紙漿、紙及紙製品製造業,295753.368
2023年12月,2023,12,化學材料及肥料製造業,2365119.176
2023年12月,2023,12,塑膠製品製造業,366328.2334
2023年12月,2023,12,非金屬礦物製品製造業,444843.5742
2023年12月,2023,12,基本金屬製造業,1630091.116
2023年12月,2023,12,金屬製品製造業,496057.0321
2023年12月,2023,12,電子產品及電力設備製造業,5238746.43
2023年12月,2023,12,住宅用電,3697277.766
2023年12月,2023,12,服務業用電,3743514.282
2023年12月,2023,12,運輸及倉儲業,253529.12
2023年12月,2023,12,住宿及餐飲業,616506.165
2023年12月,2023,12,出版影音及資通訊業,322537.3999
2023年12月,2023,12,金融及保險業,111486.8401
2023年12月,2023,12,不動產業,52835.80838
2023年12月,2023,12,醫療保健及社會工作服務業,261269.3289
2023年12月,2023,12,藝術、娛樂及休閒服務業,113352.736
2023年12月,2023,12,運輸用電,167755.632
2023年12月,2023,12,公路,26948.869
2023年12月,2023,12,鐵路,138487.113
2023年12月,2023,12,管線運輸,2319.64996
2023年12月,2023,12,能源部門自用,1405568.504
2023年12月,2023,12,農業部門,262265.2748
2024年1月,2024,1,全國用電量,21953592.29
2024年1月,2024,1,工業用電,12706309.36
2024年1月,2024,1,紡織成衣及服飾品製造業,347394.5307
2024年1月,2024,1,紙漿、紙及紙製品製造業,302119.494
2024年1月,2024,1,化學材料及肥料製造業,2329501.542
2024年1月,2024,1,塑膠製品製造業,371477.4082
2024年1月,2024,1,非金屬礦物製品製造業,467396.2283
2024年1月,2024,1,基本金屬製造業,1574551.047
2024年1月,2024,1,金屬製品製造業,508188.972
2024年1月,2024,1,電子產品及電力設備製造業,5198290.855
2024年1月,2024,1,住宅用電,3784689.258
2024年1月,2024,1,服務業用電,3692897.248
2024年1月,2024,1,運輸及倉儲業,253145.232
2024年1月,2024,1,住宿及餐飲業,606376.75
2024年1月,2024,1,出版影音及資通訊業,327434.9657
2024年1月,2024,1,金融及保險業,108732.155
2024年1月,2024,1,不動產業,52909.18307
2024年1月,2024,1,醫療保健及社會工作服務業,248391.9568
2024年1月,2024,1,藝術、娛樂及休閒服務業,109229.609
2024年1月,2024,1,運輸用電,159050.8997
2024年1月,2024,1,公路,27205.079
2024年1月,2024,1,鐵路,129733.128
2024年1月,2024,1,管線運輸,2112.69274
2024年1月,2024,1,能源部門自用,1350511.064
2024年1月,2024,1,農業部門,260134.4634
2024年2月,2024,2,全國用電量,19840810.06
2024年2月,2024,2,工業用電,11194616.37
2024年2月,2024,2,紡織成衣及服飾品製造業,278862.4165
2024年2月,2024,2,紙漿、紙及紙製品製造業,237002.157
2024年2月,2024,2,化學材料及肥料製造業,2089595.798
2024年2月,2024,2,塑膠製品製造業,284852.6749
2024年2月,2024,2,非金屬礦物製品製造業,387678.0901
2024年2月,2024,2,基本金屬製造業,1392289.92
2024年2月,2024,2,金屬製品製造業,392703.1556
2024年2月,2024,2,電子產品及電力設備製造業,4793795.86
2024年2月,2024,2,住宅用電,3704862.587
2024年2月,2024,2,服務業用電,3234568.388
2024年2月,2024,2,運輸及倉儲業,230593.656
2024年2月,2024,2,住宿及餐飲業,526182.279
2024年2月,2024,2,出版影音及資通訊業,291205.4602
2024年2月,2024,2,金融及保險業,92636.12788
2024年2月,2024,2,不動產業,44519.79344
2024年2月,2024,2,醫療保健及社會工作服務業,228476.3211
2024年2月,2024,2,藝術、娛樂及休閒服務業,97035.121
2024年2月,2024,2,運輸用電,152313.5
2024年2月,2024,2,公路,27455.797
2024年2月,2024,2,鐵路,122762.731
2024年2月,2024,2,管線運輸,2094.97204
2024年2月,2024,2,能源部門自用,1321944.468
2024年2月,2024,2,農業部門,232504.7395
2024年3月,2024,3,全國用電量,21967970.65
2024年3月,2024,3,工業用電,12781677.98
2024年3月,2024,3,紡織成衣及服飾品製造業,343820.7345
2024年3月,2024,3,紙漿、紙及紙製品製造業,298210.577
2024年3月,2024,3,化學材料及肥料製造業,2331494.118
2024年3月,2024,3,塑膠製品製造業,356816.4584
2024年3月,2024,3,非金屬礦物製品製造業,481365.6141
2024年3月,2024,3,基本金屬製造業,1626019.669
2024年3月,2024,3,金屬製品製造業,493859.398
2024年3月,2024,3,電子產品及電力設備製造業,5283240.218
2024年3月,2024,3,住宅用電,3743956.913
2024年3月,2024,3,服務業用電,3546298.388
2024年3月,2024,3,運輸及倉儲業,251848.408
2024年3月,2024,3,住宿及餐飲業,560060.475
2024年3月,2024,3,出版影音及資通訊業,320597.5538
2024年3月,2024,3,金融及保險業,101223.828
2024年3月,2024,3,不動產業,53791.55736
2024年3月,2024,3,醫療保健及社會工作服務業,255042.1008
2024年3月,2024,3,藝術、娛樂及休閒服務業,106918.203
2024年3月,2024,3,運輸用電,161357.6976
2024年3月,2024,3,公路,28309.196
2024年3月,2024,3,鐵路,130745.612
2024年3月,2024,3,管線運輸,2302.88962
2024年3月,2024,3,能源部門自用,1486710.07
2024年3月,2024,3,農業部門,247969.6009
2024年4月,2024,4,全國用電量,21946739.01
2024年4月,2024,4,工業用電,12588793.43
2024年4月,2024,4,紡織成衣及服飾品製造業,340688.4787
2024年4月,2024,4,紙漿、紙及紙製品製造業,254624.846
2024年4月,2024,4,化學材料及肥料製造業,2333182.416
2024年4月,2024,4,塑膠製品製造業,355407.9787
2024年4月,2024,4,非金屬礦物製品製造業,412251.4883
2024年4月,2024,4,基本金屬製造業,1526006.895
2024年4月,2024,4,金屬製品製造業,509377.3083
2024年4月,2024,4,電子產品及電力設備製造業,5255618.539
2024年4月,2024,4,住宅用電,3651415.58
2024年4月,2024,4,服務業用電,3765651.208
2024年4月,2024,4,運輸及倉儲業,282051.865
2024年4月,2024,4,住宿及餐飲業,588778.398
2024年4月,2024,4,出版影音及資通訊業,316450.858
2024年4月,2024,4,金融及保險業,109902.1681
2024年4月,2024,4,不動產業,67855.30254
2024年4月,2024,4,醫療保健及社會工作服務業,281027.8273
2024年4月,2024,4,藝術、娛樂及休閒服務業,116515.957
2024年4月,2024,4,運輸用電,159972.9748
2024年4月,2024,4,公路,27935.329
2024年4月,2024,4,鐵路,129403.301
2024年4月,2024,4,管線運輸,2634.34477
2024年4月,2024,4,能源部門自用,1519230.666
2024年4月,2024,4,農業部門,261675.1529
2024年5月,2024,5,全國用電量,24136635.9
2024年5月,2024,5,工業用電,13698850.98
2024年5月,2024,5,紡織成衣及服飾品製造業,364113.7476
2024年5月,2024,5,紙漿、紙及紙製品製造業,283249.596
2024年5月,2024,5,化學材料及肥料製造業,2576284.344
2024年5月,2024,5,塑膠製品製造業,389397.0286
2024年5月,2024,5,非金屬礦物製品製造業,467201.3527
2024年5月,2024,5,基本金屬製造業,1641944.579
2024年5月,2024,5,金屬製品製造業,565865.3984
2024年5月,2024,5,電子產品及電力設備製造業,5650803.093
2024年5月,2024,5,住宅用電,4066859.224
2024年5月,2024,5,服務業用電,4363791.482
2024年5月,2024,5,運輸及倉儲業,327369.815
2024年5月,2024,5,住宿及餐飲業,714990.568
2024年5月,2024,5,出版影音及資通訊業,353399.5831
2024年5月,2024,5,金融及保險業,128809.099
2024年5月,2024,5,不動產業,75186.72024
2024年5月,2024,5,醫療保健及社會工作服務業,307311.2891
2024年5月,2024,5,藝術、娛樂及休閒服務業,135819.734
2024年5月,2024,5,運輸用電,150410.9547
2024年5月,2024,5,公路,29710.76
2024年5月,2024,5,鐵路,118125.161
2024年5月,2024,5,管線運輸,2575.03368
2024年5月,2024,5,能源部門自用,1555137.798
2024年5月,2024,5,農業部門,301585.4577
2024年6月,2024,6,全國用電量,23840448.94
2024年6月,2024,6,工業用電,13331053.17
2024年6月,2024,6,紡織成衣及服飾品製造業,345487.1989
2024年6月,2024,6,紙漿、紙及紙製品製造業,274801.137
2024年6月,2024,6,化學材料及肥料製造業,2482422.083
2024年6月,2024,6,塑膠製品製造業,365559.0148
2024年6月,2024,6,非金屬礦物製品製造業,477374.85
2024年6月,2024,6,基本金屬製造業,1543347.709
2024年6月,2024,6,金屬製品製造業,531620.2572
2024年6月,2024,6,電子產品及電力設備製造業,5629420.99
2024年6月,2024,6,住宅用電,4297871.781
2024年6月,2024,6,服務業用電,4259213.822
2024年6月,2024,6,運輸及倉儲業,330719.008
2024年6月,2024,6,住宿及餐飲業,682129.177
2024年6月,2024,6,出版影音及資通訊業,329166.8277
2024年6月,2024,6,金融及保險業,128109.913
2024年6月,2024,6,不動產業,75424.39152
2024年6月,2024,6,醫療保健及社會工作服務業,319876.3521
2024年6月,2024,6,藝術、娛樂及休閒服務業,134977.106
2024年6月,2024,6,運輸用電,150696.9599
2024年6月,2024,6,公路,30977.136
2024年6月,2024,6,鐵路,117242.511
2024年6月,2024,6,管線運輸,2477.31288
2024年6月,2024,6,能源部門自用,1525153.182
2024年6月,2024,6,農業部門,276460.0333
2024年7月,2024,7,全國用電量,25677452
2024年7月,2024,7,工業用電,13876600.13
2024年7月,2024,7,紡織成衣及服飾品製造業,371144.7463
2024年7月,2024,7,紙漿、紙及紙製品製造業,289458.759
2024年7月,2024,7,化學材料及肥料製造業,2546325.563
2024年7月,2024,7,塑膠製品製造業,390765.1669
2024年7月,2024,7,非金屬礦物製品製造業,481369.5733
2024年7月,2024,7,基本金屬製造業,1535264.842
2024年7月,2024,7,金屬製品製造業,572666.3896
2024年7月,2024,7,電子產品及電力設備製造業,5851026.181
2024年7月,2024,7,住宅用電,4879269.447
2024年7月,2024,7,服務業用電,4816011.656
2024年7月,2024,7,運輸及倉儲業,367056.609
2024年7月,2024,7,住宿及餐飲業,806612.528
2024年7月,2024,7,出版影音及資通訊業,367685.2435
2024年7月,2024,7,金融及保險業,151753.9833
2024年7月,2024,7,不動產業,87967.03983
2024年7月,2024,7,醫療保健及社會工作服務業,360001.6898
2024年7月,2024,7,藝術、娛樂及休閒服務業,156658.218
2024年7月,2024,7,運輸用電,155926.46
2024年7月,2024,7,公路,32044.998
2024年7月,2024,7,鐵路,121365.182
2024年7月,2024,7,管線運輸,2516.27997
2024年7月,2024,7,能源部門自用,1622416.547
2024年7月,2024,7,農業部門,327227.7601
2024年8月,2024,8,全國用電量,26712914.79
2024年8月,2024,8,工業用電,13862774.5
2024年8月,2024,8,紡織成衣及服飾品製造業,383038.7467
2024年8月,2024,8,紙漿、紙及紙製品製造業,288541.553
2024年8月,2024,8,化學材料及肥料製造業,2354605.815
2024年8月,2024,8,塑膠製品製造業,403480.0455
2024年8月,2024,8,非金屬礦物製品製造業,468381.0757
2024年8月,2024,8,基本金屬製造業,1556437.966
2024年8月,2024,8,金屬製品製造業,598353.807
2024年8月,2024,8,電子產品及電力設備製造業,5925640.029
2024年8月,2024,8,住宅用電,5824735.635
2024年8月,2024,8,服務業用電,4949055.878
2024年8月,2024,8,運輸及倉儲業,375536.317
2024年8月,2024,8,住宿及餐飲業,852073.296
2024年8月,2024,8,出版影音及資通訊業,373026.5142
2024年8月,2024,8,金融及保險業,152863.8548
2024年8月,2024,8,不動產業,88518.48002
2024年8月,2024,8,醫療保健及社會工作服務業,361211.36
2024年8月,2024,8,藝術、娛樂及休閒服務業,164679.046
2024年8月,2024,8,運輸用電,163250.3186
2024年8月,2024,8,公路,32361.171
2024年8月,2024,8,鐵路,128322.689
2024年8月,2024,8,管線運輸,2566.45855
2024年8月,2024,8,能源部門自用,1571425.156
2024年8月,2024,8,農業部門,341673.299
2024年9月,2024,9,全國用電量,27003663.41
2024年9月,2024,9,工業用電,13432526.84
2024年9月,2024,9,紡織成衣及服飾品製造業,359005.8536
2024年9月,2024,9,紙漿、紙及紙製品製造業,272076.767
2024年9月,2024,9,化學材料及肥料製造業,2408622.12
2024年9月,2024,9,塑膠製品製造業,370059.2897
2024年9月,2024,9,非金屬礦物製品製造業,464794.2745
2024年9月,2024,9,基本金屬製造業,1482764.005
2024年9月,2024,9,金屬製品製造業,558267.953
2024年9月,2024,9,電子產品及電力設備製造業,5729978.376
2024年9月,2024,9,住宅用電,6064894.062
2024年9月,2024,9,服務業用電,4970624.046
2024年9月,2024,9,運輸及倉儲業,365440.514
2024年9月,2024,9,住宿及餐飲業,842890.171
2024年9月,2024,9,出版影音及資通訊業,374364.6127
2024年9月,2024,9,金融及保險業,150327.8568
2024年9月,2024,9,不動產業,89680.84031
2024年9月,2024,9,醫療保健及社會工作服務業,344312.9383
2024年9月,2024,9,藝術、娛樂及休閒服務業,156225.875
2024年9月,2024,9,運輸用電,157258.4849
2024年9月,2024,9,公路,33462.843
2024年9月,2024,9,鐵路,121496.857
2024年9月,2024,9,管線運輸,2298.78489
2024年9月,2024,9,能源部門自用,2053613.01
2024年9月,2024,9,農業部門,324746.9682
2024年10月,2024,10,全國用電量,25029547
2024年10月,2024,10,工業用電,13321602.4
2024年10月,2024,10,紡織成衣及服飾品製造業,344933.0288
2024年10月,2024,10,紙漿、紙及紙製品製造業,279318.581
2024年10月,2024,10,化學材料及肥料製造業,2379938.068
2024年10月,2024,10,塑膠製品製造業,364268.6282
2024年10月,2024,10,非金屬礦物製品製造業,449406.6918
2024年10月,2024,10,基本金屬製造業,1492984.432
2024年10月,2024,10,金屬製品製造業,532651.2391
2024年10月,2024,10,電子產品及電力設備製造業,5769760.688
2024年10月,2024,10,住宅用電,5218938.972
2024年10月,2024,10,服務業用電,4506116.656
2024年10月,2024,10,運輸及倉儲業,332883.614
2024年10月,2024,10,住宿及餐飲業,760235.641
2024年10月,2024,10,出版影音及資通訊業,359636.0597
2024年10月,2024,10,金融及保險業,131684.9314
2024年10月,2024,10,不動產業,78888.07692
2024年10月,2024,10,醫療保健及社會工作服務業,321887.2722
2024年10月,2024,10,藝術、娛樂及休閒服務業,142173.905
2024年10月,2024,10,運輸用電,153853.2921
2024年10月,2024,10,公路,34262.627
2024年10月,2024,10,鐵路,117333.732
2024年10月,2024,10,管線運輸,2256.93313
2024年10月,2024,10,能源部門自用,1530674.905
2024年10月,2024,10,農業部門,298360.7707
2024年11月,2024,11,全國用電量,23827738.58
2024年11月,2024,11,工業用電,12923069.88
2024年11月,2024,11,紡織成衣及服飾品製造業,320654.4856
2024年11月,2024,11,紙漿、紙及紙製品製造業,274943.898
2024年11月,2024,11,化學材料及肥料製造業,2323699.889
2024年11月,2024,11,塑膠製品製造業,373549.7167
2024年11月,2024,11,非金屬礦物製品製造業,443355.1435
2024年11月,2024,11,基本金屬製造業,1494046.911
2024年11月,2024,11,金屬製品製造業,545431.8288
2024年11月,2024,11,電子產品及電力設備製造業,5477033.997
2024年11月,2024,11,住宅用電,4711770.869
2024年11月,2024,11,服務業用電,4281177.535
2024年11月,2024,11,運輸及倉儲業,294670.419
2024年11月,2024,11,住宿及餐飲業,733301.989
2024年11月,2024,11,出版影音及資通訊業,356656.198
2024年11月,2024,11,金融及保險業,122821.0819
2024年11月,2024,11,不動產業,74438.58573
2024年11月,2024,11,醫療保健及社會工作服務業,285660.328
2024年11月,2024,11,藝術、娛樂及休閒服務業,134030.405
2024年11月,2024,11,運輸用電,168728.7784
2024年11月,2024,11,公路,34928.132
2024年11月,2024,11,鐵路,131345.934
2024年11月,2024,11,管線運輸,2454.71241
2024年11月,2024,11,能源部門自用,1454062.97
2024年11月,2024,11,農業部門,288928.5449
2024年12月,2024,12,全國用電量,21913788.22
2024年12月,2024,12,工業用電,12847530.98
2024年12月,2024,12,紡織成衣及服飾品製造業,335228.5203
2024年12月,2024,12,紙漿、紙及紙製品製造業,284635.913
2024年12月,2024,12,化學材料及肥料製造業,2328597.484
2024年12月,2024,12,塑膠製品製造業,367751.0809
2024年12月,2024,12,非金屬礦物製品製造業,478863.2743
2024年12月,2024,12,基本金屬製造業,1543059.524
2024年12月,2024,12,金屬製品製造業,540004.2615
2024年12月,2024,12,電子產品及電力設備製造業,5388446.633
2024年12月,2024,12,住宅用電,3492895.852
2024年12月,2024,12,服務業用電,3642008.348
2024年12月,2024,12,運輸及倉儲業,256364.427
2024年12月,2024,12,住宿及餐飲業,600955.491
2024年12月,2024,12,出版影音及資通訊業,335107.4418
2024年12月,2024,12,金融及保險業,105183.0386
2024年12月,2024,12,不動產業,63443.75256
2024年12月,2024,12,醫療保健及社會工作服務業,251086.6139
2024年12月,2024,12,藝術、娛樂及休閒服務業,112008.87
2024年12月,2024,12,運輸用電,175018.5306
2024年12月,2024,12,公路,35690.651
2024年12月,2024,12,鐵路,136858.514
2024年12月,2024,12,管線運輸,2469.36556
2024年12月,2024,12,能源部門自用,1513738.57
2024年12月,2024,12,農業部門,242595.9436
2025年1月,2025,1,全國用電量,20822945.45
2025年1月,2025,1,工業用電,12159078.9
2025年1月,2025,1,紡織成衣及服飾品製造業,295025.7725
2025年1月,2025,1,紙漿、紙及紙製品製造業,254472.799
2025年1月,2025,1,化學材料及肥料製造業,2272331.042
2025年1月,2025,1,塑膠製品製造業,314277.7832
2025年1月,2025,1,非金屬礦物製品製造業,464000.1271
2025年1月,2025,1,基本金屬製造業,1431335.365
2025年1月,2025,1,金屬製品製造業,459350.4213
2025年1月,2025,1,電子產品及電力設備製造業,5222676.323
2025年1月,2025,1,住宅用電,3531865.078
2025年1月,2025,1,服務業用電,3387093.906
2025年1月,2025,1,運輸及倉儲業,235998.414
2025年1月,2025,1,住宿及餐飲業,538565.218
2025年1月,2025,1,出版影音及資通訊業,331999.41
2025年1月,2025,1,金融及保險業,97598.22666
2025年1月,2025,1,不動產業,57943.37325
2025年1月,2025,1,醫療保健及社會工作服務業,232474.7569
2025年1月,2025,1,藝術、娛樂及休閒服務業,99508.458
2025年1月,2025,1,運輸用電,172645.2038
2025年1月,2025,1,公路,36400.263
2025年1月,2025,1,鐵路,133682.414
2025年1月,2025,1,管線運輸,2562.52677
2025年1月,2025,1,能源部門自用,1347344.879
2025年1月,2025,1,農業部門,224917.4821
2025年2月,2025,2,全國用電量,19883959.58
2025年2月,2025,2,工業用電,11400848.34
2025年2月,2025,2,紡織成衣及服飾品製造業,284615.0192
2025年2月,2025,2,紙漿、紙及紙製品製造業,243529.723
2025年2月,2025,2,化學材料及肥料製造業,2068316.756
2025年2月,2025,2,塑膠製品製造業,319037.1169
2025年2月,2025,2,非金屬礦物製品製造業,375211.9668
2025年2月,2025,2,基本金屬製造業,1323566.133
2025年2月,2025,2,金屬製品製造業,469298.7739
2025年2月,2025,2,電子產品及電力設備製造業,4927067.518
2025年2月,2025,2,住宅用電,3756686.403
2025年2月,2025,2,服務業用電,3151775.102
2025年2月,2025,2,運輸及倉儲業,217525.738
2025年2月,2025,2,住宿及餐飲業,510407.102
2025年2月,2025,2,出版影音及資通訊業,313493.5458
2025年2月,2025,2,金融及保險業,86285.99354
2025年2月,2025,2,不動產業,51984.71406
2025年2月,2025,2,醫療保健及社會工作服務業,217472.2084
2025年2月,2025,2,藝術、娛樂及休閒服務業,95436.684
2025年2月,2025,2,運輸用電,157401.6208
2025年2月,2025,2,公路,37151.131
2025年2月,2025,2,鐵路,118048.45
2025年2月,2025,2,管線運輸,2202.03981
2025年2月,2025,2,能源部門自用,1188779.173
2025年2月,2025,2,農業部門,228468.9411
2025年3月,2025,3,全國用電量,21982319.1
2025年3月,2025,3,工業用電,12911464.9
2025年3月,2025,3,紡織成衣及服飾品製造業,321520.8036
2025年3月,2025,3,紙漿、紙及紙製品製造業,267947.229
2025年3月,2025,3,化學材料及肥料製造業,2309380.75
2025年3月,2025,3,塑膠製品製造業,358690.8809
2025年3月,2025,3,非金屬礦物製品製造業,469301.4489
2025年3月,2025,3,基本金屬製造業,1510775.725
2025年3月,2025,3,金屬製品製造業,524506.2787
2025年3月,2025,3,電子產品及電力設備製造業,5594608.91
2025年3月,2025,3,住宅用電,3854175.715
2025年3月,2025,3,服務業用電,3475204.717
2025年3月,2025,3,運輸及倉儲業,243219.877
2025年3月,2025,3,住宿及餐飲業,535201.358
2025年3月,2025,3,出版影音及資通訊業,340425.0739
2025年3月,2025,3,金融及保險業,99744.46973
2025年3月,2025,3,不動產業,60424.44168
2025年3月,2025,3,醫療保健及社會工作服務業,250164.1756
2025年3月,2025,3,藝術、娛樂及休閒服務業,104770.122
2025年3月,2025,3,運輸用電,172666.9617
2025年3月,2025,3,公路,37531.945
2025年3月,2025,3,鐵路,132250.32
2025年3月,2025,3,管線運輸,2884.69674
2025年3月,2025,3,能源部門自用,1343119.03
2025年3月,2025,3,農業部門,225687.7683
2025年4月,2025,4,全國用電量,21755672.96
2025年4月,2025,4,工業用電,12842434.72
2025年4月,2025,4,紡織成衣及服飾品製造業,308519.2084
2025年4月,2025,4,紙漿、紙及紙製品製造業,262560.577
2025年4月,2025,4,化學材料及肥料製造業,2285062.027
2025年4月,2025,4,塑膠製品製造業,349285.6176
2025年4月,2025,4,非金屬礦物製品製造業,468427.6956
2025年4月,2025,4,基本金屬製造業,1519229.277
2025年4月,2025,4,金屬製品製造業,522332.5893
2025年4月,2025,4,電子產品及電力設備製造業,5549566.758
2025年4月,2025,4,住宅用電,3578716.242
2025年4月,2025,4,服務業用電,3613555.519
2025年4月,2025,4,運輸及倉儲業,259607.468
2025年4月,2025,4,住宿及餐飲業,563839.251
2025年4月,2025,4,出版影音及資通訊業,339225.7451
2025年4月,2025,4,金融及保險業,104325.386
2025年4月,2025,4,不動產業,61777.25624
2025年4月,2025,4,醫療保健及社會工作服務業,263965.7341
2025年4月,2025,4,藝術、娛樂及休閒服務業,112404.107
2025年4月,2025,4,運輸用電,173057.7024
2025年4月,2025,4,公路,37471.855
2025年4月,2025,4,鐵路,133230.897
2025年4月,2025,4,管線運輸,2354.95044
2025年4月,2025,4,能源部門自用,1301633.297
2025年4月,2025,4,農業部門,246275.4767
2025年5月,2025,5,全國用電量,23416323.25
2025年5月,2025,5,工業用電,13570472.66
2025年5月,2025,5,紡織成衣及服飾品製造業,312485.4482
2025年5月,2025,5,紙漿、紙及紙製品製造業,279088.013
2025年5月,2025,5,化學材料及肥料製造業,2431345.904
2025年5月,2025,5,塑膠製品製造業,371535.8369
2025年5月,2025,5,非金屬礦物製品製造業,480203.9332
2025年5月,2025,5,基本金屬製造業,1550543.727
2025年5月,2025,5,金屬製品製造業,539960.9487
2025年5月,2025,5,電子產品及電力設備製造業,5896668.562
2025年5月,2025,5,住宅用電,3765235.316
2025年5月,2025,5,服務業用電,4219966.973
2025年5月,2025,5,運輸及倉儲業,320072.603
2025年5月,2025,5,住宿及餐飲業,664007.331
2025年5月,2025,5,出版影音及資通訊業,371617.953
2025年5月,2025,5,金融及保險業,123066.6646
2025年5月,2025,5,不動產業,73908.14837
2025年5月,2025,5,醫療保健及社會工作服務業,307296.5113
2025年5月,2025,5,藝術、娛樂及休閒服務業,132199.412
2025年5月,2025,5,運輸用電,161519.8323
2025年5月,2025,5,公路,38227.588
2025年5月,2025,5,鐵路,120855.359
2025年5月,2025,5,管線運輸,2436.88533
2025年5月,2025,5,能源部門自用,1424518.825
2025年5月,2025,5,農業部門,274609.6471
2025年6月,2025,6,全國用電量,23953602.6
2025年6月,2025,6,工業用電,13308101.56
2025年6月,2025,6,紡織成衣及服飾品製造業,311468.489
2025年6月,2025,6,紙漿、紙及紙製品製造業,262799.691
2025年6月,2025,6,化學材料及肥料製造業,2381928.464
2025年6月,2025,6,塑膠製品製造業,371394.5801
2025年6月,2025,6,非金屬礦物製品製造業,469528.6013
2025年6月,2025,6,基本金屬製造業,1370626.269
2025年6月,2025,6,金屬製品製造業,540082.0653
2025年6月,2025,6,電子產品及電力設備製造業,5857629.217
2025年6月,2025,6,住宅用電,4247240.402
2025年6月,2025,6,服務業用電,4489734.376
2025年6月,2025,6,運輸及倉儲業,337310.556
2025年6月,2025,6,住宿及餐飲業,716435.3
2025年6月,2025,6,出版影音及資通訊業,361438.0823
2025年6月,2025,6,金融及保險業,129676.9137
2025年6月,2025,6,不動產業,78862.78226
2025年6月,2025,6,醫療保健及社會工作服務業,328889.9161
2025年6月,2025,6,藝術、娛樂及休閒服務業,143300.946
2025年6月,2025,6,運輸用電,163235.9213
2025年6月,2025,6,公路,39107.543
2025年6月,2025,6,鐵路,121690.739
2025年6月,2025,6,管線運輸,2437.63933
2025年6月,2025,6,能源部門自用,1451741.868
2025年6月,2025,6,農業部門,293548.4767
2025年7月,2025,7,全國用電量,25629477.15
2025年7月,2025,7,工業用電,13826386.44
2025年7月,2025,7,紡織成衣及服飾品製造業,323414.972
2025年7月,2025,7,紙漿、紙及紙製品製造業,277329.474
2025年7月,2025,7,化學材料及肥料製造業,2431116.816
2025年7月,2025,7,塑膠製品製造業,382866.8396
2025年7月,2025,7,非金屬礦物製品製造業,476027.9662
2025年7月,2025,7,基本金屬製造業,1401897.922
2025年7月,2025,7,金屬製品製造業,567740.8379
2025年7月,2025,7,電子產品及電力設備製造業,6114899.842
2025年7月,2025,7,住宅用電,5034616.219
2025年7月,2025,7,服務業用電,4836614.177
2025年7月,2025,7,運輸及倉儲業,370464.915
2025年7月,2025,7,住宿及餐飲業,813166.419
2025年7月,2025,7,出版影音及資通訊業,388251.0624
2025年7月,2025,7,金融及保險業,141022.9912
2025年7月,2025,7,不動產業,89360.14616
2025年7月,2025,7,醫療保健及社會工作服務業,352437.7973
2025年7月,2025,7,藝術、娛樂及休閒服務業,159274.833
2025年7月,2025,7,運輸用電,168775.6956
2025年7月,2025,7,公路,40128.002
2025年7月,2025,7,鐵路,126338.868
2025年7月,2025,7,管線運輸,2308.82561
2025年7月,2025,7,能源部門自用,1445871.364
2025年7月,2025,7,農業部門,317213.2509
2025年8月,2025,8,全國用電量,26177903.65
2025年8月,2025,8,工業用電,13890580.13
2025年8月,2025,8,紡織成衣及服飾品製造業,323295.9342
2025年8月,2025,8,紙漿、紙及紙製品製造業,262745.639
2025年8月,2025,8,化學材料及肥料製造業,2377298.735
2025年8月,2025,8,塑膠製品製造業,374249.8211
2025年8月,2025,8,非金屬礦物製品製造業,475777.5256
2025年8月,2025,8,基本金屬製造業,1466907.918
2025年8月,2025,8,金屬製品製造業,563337.035
2025年8月,2025,8,電子產品及電力設備製造業,6211466.1
2025年8月,2025,8,住宅用電,5431655.347
2025年8月,2025,8,服務業用電,4886755.491
2025年8月,2025,8,運輸及倉儲業,365070.15
2025年8月,2025,8,住宿及餐飲業,838818.389
2025年8月,2025,8,出版影音及資通訊業,396379.3294
2025年8月,2025,8,金融及保險業,149351.8298
2025年8月,2025,8,不動產業,88922.69867
2025年8月,2025,8,醫療保健及社會工作服務業,354142.3372
2025年8月,2025,8,藝術、娛樂及休閒服務業,165262.027
2025年8月,2025,8,運輸用電,172540.0408
2025年8月,2025,8,公路,40698.307
2025年8月,2025,8,鐵路,129414.993
2025年8月,2025,8,管線運輸,2426.74079
2025年8月,2025,8,能源部門自用,1476969.332
2025年8月,2025,8,農業部門,319403.3141
2025年9月,2025,9,全國用電量,26054921.71
2025年9月,2025,9,工業用電,13481007
2025年9月,2025,9,紡織成衣及服飾品製造業,315213.1118
2025年9月,2025,9,紙漿、紙及紙製品製造業,271615.977
2025年9月,2025,9,化學材料及肥料製造業,2328658.355
2025年9月,2025,9,塑膠製品製造業,363736.2355
2025年9月,2025,9,非金屬礦物製品製造業,462598.9353
2025年9月,2025,9,基本金屬製造業,1406143.478
2025年9月,2025,9,金屬製品製造業,542844.8905
2025年9月,2025,9,電子產品及電力設備製造業,5977575.104
2025年9月,2025,9,住宅用電,5656986.257
2025年9月,2025,9,服務業用電,4914974.24
2025年9月,2025,9,運輸及倉儲業,359471.185
2025年9月,2025,9,住宿及餐飲業,828757.125
2025年9月,2025,9,出版影音及資通訊業,387338.1196
2025年9月,2025,9,金融及保險業,149343.0831
2025年9月,2025,9,不動產業,91924.44116
2025年9月,2025,9,醫療保健及社會工作服務業,345303.8455
2025年9月,2025,9,藝術、娛樂及休閒服務業,159455.196
2025年9月,2025,9,運輸用電,168149.064
2025年9月,2025,9,公路,41871.155
2025年9月,2025,9,鐵路,124043.847
2025年9月,2025,9,管線運輸,2234.06196
2025年9月,2025,9,能源部門自用,1517903.587
2025年9月,2025,9,農業部門,315901.5605
2025年10月,2025,10,全國用電量,26373338.53
2025年10月,2025,10,工業用電,13887847.15
2025年10月,2025,10,紡織成衣及服飾品製造業,303132.5735
2025年10月,2025,10,紙漿、紙及紙製品製造業,282345.747
2025年10月,2025,10,化學材料及肥料製造業,2358895.858
2025年10月,2025,10,塑膠製品製造業,362666.0499
2025年10月,2025,10,非金屬礦物製品製造業,457048.6291
2025年10月,2025,10,基本金屬製造業,1416960.469
2025年10月,2025,10,金屬製品製造業,538779.6747
2025年10月,2025,10,電子產品及電力設備製造業,6368301.074
2025年10月,2025,10,住宅用電,5642705.145
2025年10月,2025,10,服務業用電,4896333.136
2025年10月,2025,10,運輸及倉儲業,362307.464
2025年10月,2025,10,住宿及餐飲業,845554.638
2025年10月,2025,10,出版影音及資通訊業,398625.8445
2025年10月,2025,10,金融及保險業,144697.4792
2025年10月,2025,10,不動產業,86615.94252
2025年10月,2025,10,醫療保健及社會工作服務業,341320.362
2025年10月,2025,10,藝術、娛樂及休閒服務業,160550.763
2025年10月,2025,10,運輸用電,168693.4389
2025年10月,2025,10,公路,42350.407
2025年10月,2025,10,鐵路,124011.501
2025年10月,2025,10,管線運輸,2331.53087
2025年10月,2025,10,能源部門自用,1438490.776
2025年10月,2025,10,農業部門,339268.8857
2025年11月,2025,11,全國用電量,24381979.68
2025年11月,2025,11,工業用電,12973660.8
2025年11月,2025,11,紡織成衣及服飾品製造業,284138.7041
2025年11月,2025,11,紙漿、紙及紙製品製造業,263169.726
2025年11月,2025,11,化學材料及肥料製造業,2253115.01
2025年11月,2025,11,塑膠製品製造業,342192.3666
2025年11月,2025,11,非金屬礦物製品製造業,432476.8804
2025年11月,2025,11,基本金屬製造業,1316388.443
2025年11月,2025,11,金屬製品製造業,505443.1214
2025年11月,2025,11,電子產品及電力設備製造業,5946634.763
2025年11月,2025,11,住宅用電,5306067.935
2025年11月,2025,11,服務業用電,4328759.557
2025年11月,2025,11,運輸及倉儲業,293190.369
2025年11月,2025,11,住宿及餐飲業,757725.977
2025年11月,2025,11,出版影音及資通訊業,364779.9929
2025年11月,2025,11,金融及保險業,119722.4876
2025年11月,2025,11,不動產業,77043.5634
2025年11月,2025,11,醫療保健及社會工作服務業,284666.1736
2025年11月,2025,11,藝術、娛樂及休閒服務業,137341.936
2025年11月,2025,11,運輸用電,177648.3948
2025年11月,2025,11,公路,43345.197
2025年11月,2025,11,鐵路,132183.683
2025年11月,2025,11,管線運輸,2119.5148
2025年11月,2025,11,能源部門自用,1297528.982
2025年11月,2025,11,農業部門,298314.0062
2025年12月,2025,12,全國用電量,22362672.21
2025年12月,2025,12,工業用電,13054708.13
2025年12月,2025,12,紡織成衣及服飾品製造業,287200.5528
2025年12月,2025,12,紙漿、紙及紙製品製造業,275127.522
2025年12月,2025,12,化學材料及肥料製造業,2250705.175
2025年12月,2025,12,塑膠製品製造業,351746.2425
2025年12月,2025,12,非金屬礦物製品製造業,464504.3721
2025年12月,2025,12,基本金屬製造業,1365877.836
2025年12月,2025,12,金屬製品製造業,518080.1178
2025年12月,2025,12,電子產品及電力設備製造業,5924354.918
2025年12月,2025,12,住宅用電,3931499.685
2025年12月,2025,12,服務業用電,3686744.109
2025年12月,2025,12,運輸及倉儲業,270672.242
2025年12月,2025,12,住宿及餐飲業,617042.855
2025年12月,2025,12,出版影音及資通訊業,355366.3579
2025年12月,2025,12,金融及保險業,108644.9183
2025年12月,2025,12,不動產業,65453.57439
2025年12月,2025,12,醫療保健及社會工作服務業,260541.1595
2025年12月,2025,12,藝術、娛樂及休閒服務業,117036.149
2025年12月,2025,12,運輸用電,183168.6186
2025年12月,2025,12,公路,45856.505
2025年12月,2025,12,鐵路,134960.894
2025年12月,2025,12,管線運輸,2351.2196
2025年12月,2025,12,能源部門自用,1254789.654
2025年12月,2025,12,農業部門,251762.0082
2026年1月,2026,1,全國用電量,21782489.41
2026年1月,2026,1,工業用電,12931512.97
2026年1月,2026,1,紡織成衣及服飾品製造業,285201.879
2026年1月,2026,1,紙漿、紙及紙製品製造業,262910.574
2026年1月,2026,1,化學材料及肥料製造業,2359387.037
2026年1月,2026,1,塑膠製品製造業,353522.9744
2026年1月,2026,1,非金屬礦物製品製造業,468251.662
2026年1月,2026,1,基本金屬製造業,1387090.514
2026年1月,2026,1,金屬製品製造業,506242.4472
2026年1月,2026,1,電子產品及電力設備製造業,5696912.004
2026年1月,2026,1,住宅用電,3539879.443
2026年1月,2026,1,服務業用電,3546716.067
2026年1月,2026,1,運輸及倉儲業,249945.621
2026年1月,2026,1,住宿及餐飲業,569797.836
2026年1月,2026,1,出版影音及資通訊業,348417.0322
2026年1月,2026,1,金融及保險業,100522.5083
2026年1月,2026,1,不動產業,61827.36269
2026年1月,2026,1,醫療保健及社會工作服務業,243786.0101
2026年1月,2026,1,藝術、娛樂及休閒服務業,108455.371
2026年1月,2026,1,運輸用電,180580.7317
2026年1月,2026,1,公路,46031.005
2026年1月,2026,1,鐵路,132197.226
2026年1月,2026,1,管線運輸,2352.50067
2026年1月,2026,1,能源部門自用,1347692.47
2026年1月,2026,1,農業部門,236107.7295
