年,月,縣市,營業行車次數(班次)
2016,01,南投縣,52
2016,01,嘉義市,1550
2016,01,嘉義縣,1515
2016,01,基隆市,66136
2016,01,宜蘭縣,12356
2016,01,屏東縣,6021
2016,01,彰化縣,3698
2016,01,新北市,689593
2016,01,新竹市,21015
2016,01,新竹縣,6704
2016,01,桃園市,123196
2016,01,澎湖縣,6806
2016,01,臺中市,277488
2016,01,臺北市,1096772
2016,01,臺南市,79667
2016,01,臺東縣,2604
2016,01,花蓮縣,1430
2016,01,苗栗縣,1178
2016,01,連江縣,2402
2016,01,金門縣,12332
2016,01,雲林縣,3036
2016,01,高雄市,251926
2016,02,南投縣,44
2016,02,嘉義市,1504
2016,02,嘉義縣,1404
2016,02,基隆市,58030
2016,02,宜蘭縣,11846
2016,02,屏東縣,6561
2016,02,彰化縣,3386
2016,02,新北市,579304
2016,02,新竹市,19002
2016,02,新竹縣,6226
2016,02,桃園市,105975
2016,02,澎湖縣,6234
2016,02,臺中市,249530
2016,02,臺北市,936926
2016,02,臺南市,184030
2016,02,臺東縣,2349
2016,02,花蓮縣,1187
2016,02,苗栗縣,1102
2016,02,連江縣,2176
2016,02,金門縣,11466
2016,02,雲林縣,2914
2016,02,高雄市,233523
2016,03,南投縣,92
2016,03,嘉義市,1612
2016,03,嘉義縣,1541
2016,03,基隆市,67176
2016,03,宜蘭縣,12296
2016,03,屏東縣,7711
2016,03,彰化縣,3716
2016,03,新北市,681187
2016,03,新竹市,20642
2016,03,新竹縣,7596
2016,03,桃園市,112902
2016,03,澎湖縣,7515
2016,03,臺中市,276540
2016,03,臺北市,1066626
2016,03,臺南市,80803
2016,03,臺東縣,2511
2016,03,花蓮縣,1393
2016,03,苗栗縣,620
2016,03,連江縣,2478
2016,03,金門縣,12345
2016,03,雲林縣,3036
2016,03,高雄市,254087
2016,04,南投縣,92
2016,04,嘉義市,1558
2016,04,嘉義縣,1475
2016,04,基隆市,64013
2016,04,宜蘭縣,11984
2016,04,屏東縣,7462
2016,04,彰化縣,3580
2016,04,新北市,651346
2016,04,新竹市,19760
2016,04,新竹縣,7162
2016,04,桃園市,108644
2016,04,澎湖縣,7028
2016,04,臺中市,262517
2016,04,臺北市,1011817
2016,04,臺南市,79417
2016,04,臺東縣,2430
2016,04,花蓮縣,1392
2016,04,苗栗縣,600
2016,04,連江縣,2372
2016,04,金門縣,11853
2016,04,雲林縣,2946
2016,04,高雄市,245116
2016,05,南投縣,88
2016,05,嘉義市,1612
2016,05,嘉義縣,1536
2016,05,基隆市,66227
2016,05,宜蘭縣,12245
2016,05,屏東縣,7357
2016,05,彰化縣,3703
2016,05,新北市,686469
2016,05,新竹市,20470
2016,05,新竹縣,7537
2016,05,桃園市,113315
2016,05,澎湖縣,7448
2016,05,臺中市,274119
2016,05,臺北市,1065839
2016,05,臺南市,81269
2016,05,臺東縣,2511
2016,05,花蓮縣,1415
2016,05,苗栗縣,620
2016,05,連江縣,2470
2016,05,金門縣,12350
2016,05,雲林縣,3040
2016,05,高雄市,252919
2016,06,南投縣,80
2016,06,嘉義市,1560
2016,06,嘉義縣,1485
2016,06,基隆市,63480
2016,06,宜蘭縣,11957
2016,06,屏東縣,7111
2016,06,彰化縣,3563
2016,06,新北市,663075
2016,06,新竹市,19811
2016,06,新竹縣,7228
2016,06,桃園市,111027
2016,06,澎湖縣,7205
2016,06,臺中市,265029
2016,06,臺北市,1038239
2016,06,臺南市,78977
2016,06,臺東縣,2430
2016,06,花蓮縣,1498
2016,06,苗栗縣,1200
2016,06,連江縣,2386
2016,06,金門縣,11946
2016,06,雲林縣,2942
2016,06,高雄市,246202
2016,07,南投縣,-
2016,07,嘉義市,1560
2016,07,嘉義縣,1686
2016,07,基隆市,61703
2016,07,宜蘭縣,13022
2016,07,屏東縣,6356
2016,07,彰化縣,3428
2016,07,新北市,670119
2016,07,新竹市,18846
2016,07,新竹縣,7374
2016,07,桃園市,113245
2016,07,澎湖縣,5784
2016,07,臺中市,268105
2016,07,臺北市,1057541
2016,07,臺南市,79892
2016,07,臺東縣,2511
2016,07,花蓮縣,1305
2016,07,苗栗縣,1200
2016,07,連江縣,2406
2016,07,金門縣,12334
2016,07,雲林縣,2919
2016,07,高雄市,240982
2016,08,南投縣,-
2016,08,嘉義市,1612
2016,08,嘉義縣,1845
2016,08,基隆市,64357
2016,08,宜蘭縣,12520
2016,08,屏東縣,6595
2016,08,彰化縣,3492
2016,08,新北市,691311
2016,08,新竹市,20052
2016,08,新竹縣,7596
2016,08,桃園市,114102
2016,08,澎湖縣,6264
2016,08,臺中市,268973
2016,08,臺北市,1089205
2016,08,臺南市,81633
2016,08,臺東縣,2511
2016,08,花蓮縣,1240
2016,08,苗栗縣,1240
2016,08,連江縣,2516
2016,08,金門縣,12348
2016,08,雲林縣,3036
2016,08,高雄市,253675
2016,09,南投縣,76
2016,09,嘉義市,1474
2016,09,嘉義縣,1716
2016,09,基隆市,60154
2016,09,宜蘭縣,10680
2016,09,屏東縣,6276
2016,09,彰化縣,3175
2016,09,新北市,634774
2016,09,新竹市,19040
2016,09,新竹縣,6758
2016,09,桃園市,109251
2016,09,澎湖縣,6292
2016,09,臺中市,247651
2016,09,臺北市,1000963
2016,09,臺南市,74898
2016,09,臺東縣,2430
2016,09,花蓮縣,2326
2016,09,苗栗縣,1200
2016,09,連江縣,2346
2016,09,金門縣,10544
2016,09,雲林縣,2864
2016,09,高雄市,230908
2016,10,南投縣,80
2016,10,嘉義市,1611
2016,10,嘉義縣,1862
2016,10,基隆市,64400
2016,10,宜蘭縣,11945
2016,10,屏東縣,7506
2016,10,彰化縣,3485
2016,10,新北市,686265
2016,10,新竹市,20720
2016,10,新竹縣,7422
2016,10,桃園市,117747
2016,10,澎湖縣,7074
2016,10,臺中市,266777
2016,10,臺北市,1074832
2016,10,臺南市,82171
2016,10,臺東縣,2511
2016,10,花蓮縣,1304
2016,10,苗栗縣,1240
2016,10,連江縣,2614
2016,10,金門縣,10793
2016,10,雲林縣,3089
2016,10,高雄市,258259
2016,11,南投縣,88
2016,11,嘉義市,1560
2016,11,嘉義縣,1794
2016,11,基隆市,61711
2016,11,宜蘭縣,11454
2016,11,屏東縣,7302
2016,11,彰化縣,3405
2016,11,新北市,675836
2016,11,新竹市,20163
2016,11,新竹縣,7336
2016,11,桃園市,109507
2016,11,澎湖縣,7058
2016,11,臺中市,260359
2016,11,臺北市,1066403
2016,11,臺南市,79086
2016,11,臺東縣,2430
2016,11,花蓮縣,1478
2016,11,苗栗縣,1200
2016,11,連江縣,2394
2016,11,金門縣,10521
2016,11,雲林縣,2996
2016,11,高雄市,253166
2016,12,南投縣,460
2016,12,嘉義市,1613
2016,12,嘉義縣,1856
2016,12,基隆市,63692
2016,12,宜蘭縣,12199
2016,12,屏東縣,8141
2016,12,彰化縣,3511
2016,12,新北市,696332
2016,12,新竹市,20807
2016,12,新竹縣,7538
2016,12,桃園市,170691
2016,12,澎湖縣,7099
2016,12,臺中市,269596
2016,12,臺北市,1111541
2016,12,臺南市,81914
2016,12,臺東縣,2511
2016,12,花蓮縣,1204
2016,12,苗栗縣,1240
2016,12,連江縣,2470
2016,12,金門縣,10707
2016,12,雲林縣,3100
2016,12,高雄市,256477
2017,01,南投縣,424
2017,01,嘉義市,1612
2017,01,嘉義縣,1857
2017,01,基隆市,59424
2017,01,宜蘭縣,11981
2017,01,屏東縣,8025
2017,01,彰化縣,3367
2017,01,新北市,645948
2017,01,新竹市,18329
2017,01,新竹縣,6874
2017,01,桃園市,170084
2017,01,澎湖縣,6513
2017,01,臺中市,260616
2017,01,臺北市,1041627
2017,01,臺南市,82712
2017,01,臺東縣,2511
2017,01,花蓮縣,1490
2017,01,苗栗縣,1240
2017,01,連江縣,2338
2017,01,金門縣,10644
2017,01,雲林縣,3253
2017,01,高雄市,227988
2017,02,南投縣,392
2017,02,嘉義市,1612
2017,02,嘉義縣,2280
2017,02,基隆市,53908
2017,02,宜蘭縣,10743
2017,02,屏東縣,7229
2017,02,彰化縣,4285
2017,02,新北市,593122
2017,02,新竹市,16882
2017,02,新竹縣,6617
2017,02,桃園市,155606
2017,02,澎湖縣,5927
2017,02,臺中市,236190
2017,02,臺北市,963684
2017,02,臺南市,75085
2017,02,臺東縣,2296
2017,02,花蓮縣,1450
2017,02,苗栗縣,1120
2017,02,連江縣,2160
2017,02,金門縣,9603
2017,02,雲林縣,3288
2017,02,高雄市,210731
2017,03,南投縣,848
2017,03,嘉義市,1612
2017,03,嘉義縣,2969
2017,03,基隆市,61862
2017,03,宜蘭縣,11838
2017,03,屏東縣,8537
2017,03,彰化縣,3310
2017,03,新北市,695422
2017,03,新竹市,19269
2017,03,新竹縣,7596
2017,03,桃園市,175854
2017,03,澎湖縣,7296
2017,03,臺中市,267234
2017,03,臺北市,1083821
2017,03,臺南市,83004
2017,03,臺東縣,2542
2017,03,花蓮縣,1674
2017,03,苗栗縣,1240
2017,03,連江縣,2494
2017,03,金門縣,10665
2017,03,雲林縣,3674
2017,03,高雄市,253634
2017,04,南投縣,912
2017,04,嘉義市,1560
2017,04,嘉義縣,2994
2017,04,基隆市,58854
2017,04,宜蘭縣,11532
2017,04,屏東縣,8313
2017,04,彰化縣,3285
2017,04,新北市,649227
2017,04,新竹市,18411
2017,04,新竹縣,7104
2017,04,桃園市,168533
2017,04,澎湖縣,6770
2017,04,臺中市,257437
2017,04,臺北市,1003870
2017,04,臺南市,80331
2017,04,臺東縣,2460
2017,04,花蓮縣,1599
2017,04,苗栗縣,1200
2017,04,連江縣,2364
2017,04,金門縣,10665
2017,04,雲林縣,3551
2017,04,高雄市,243092
2017,05,南投縣,936
2017,05,嘉義市,1612
2017,05,嘉義縣,3077
2017,05,基隆市,63248
2017,05,宜蘭縣,11943
2017,05,屏東縣,8557
2017,05,彰化縣,3520
2017,05,新北市,685360
2017,05,新竹市,19148
2017,05,新竹縣,7467
2017,05,桃園市,173886
2017,05,澎湖縣,7152
2017,05,臺中市,269243
2017,05,臺北市,1063990
2017,05,臺南市,82718
2017,05,臺東縣,2542
2017,05,花蓮縣,2294
2017,05,苗栗縣,1240
2017,05,連江縣,2562
2017,05,金門縣,10997
2017,05,雲林縣,3682
2017,05,高雄市,251019
2017,06,南投縣,718
2017,06,嘉義市,1560
2017,06,嘉義縣,2958
2017,06,基隆市,56563
2017,06,宜蘭縣,11523
2017,06,屏東縣,8188
2017,06,彰化縣,3495
2017,06,新北市,670941
2017,06,新竹市,18498
2017,06,新竹縣,7658
2017,06,桃園市,168645
2017,06,澎湖縣,7100
2017,06,臺中市,264044
2017,06,臺北市,1030223
2017,06,臺南市,79606
2017,06,臺東縣,2460
2017,06,花蓮縣,1982
2017,06,苗栗縣,1200
2017,06,連江縣,2436
2017,06,金門縣,10648
2017,06,雲林縣,3488
2017,06,高雄市,255080
2017,07,南投縣,753
2017,07,嘉義市,1552
2017,07,嘉義縣,2946
2017,07,基隆市,58564
2017,07,宜蘭縣,16261
2017,07,屏東縣,7629
2017,07,彰化縣,3567
2017,07,新北市,674739
2017,07,新竹市,17113
2017,07,新竹縣,7329
2017,07,桃園市,170206
2017,07,澎湖縣,5488
2017,07,臺中市,266432
2017,07,臺北市,1039797
2017,07,臺南市,78568
2017,07,臺東縣,2542
2017,07,花蓮縣,1700
2017,07,苗栗縣,1240
2017,07,連江縣,2364
2017,07,金門縣,10997
2017,07,雲林縣,3580
2017,07,高雄市,266084
2017,08,南投縣,692
2017,08,嘉義市,1612
2017,08,嘉義縣,3021
2017,08,基隆市,60576
2017,08,宜蘭縣,12507
2017,08,屏東縣,7725
2017,08,彰化縣,3576
2017,08,新北市,698419
2017,08,新竹市,17643
2017,08,新竹縣,7596
2017,08,桃園市,171159
2017,08,澎湖縣,5871
2017,08,臺中市,273234
2017,08,臺北市,1065722
2017,08,臺南市,82631
2017,08,臺東縣,2542
2017,08,花蓮縣,1798
2017,08,苗栗縣,1240
2017,08,連江縣,2390
2017,08,金門縣,10997
2017,08,雲林縣,3658
2017,08,高雄市,257956
2017,09,南投縣,738
2017,09,嘉義市,1560
2017,09,嘉義縣,3350
2017,09,基隆市,62867
2017,09,宜蘭縣,17049
2017,09,屏東縣,8590
2017,09,彰化縣,4733
2017,09,新北市,679460
2017,09,新竹市,18137
2017,09,新竹縣,7336
2017,09,桃園市,169516
2017,09,澎湖縣,7038
2017,09,臺中市,274115
2017,09,臺北市,1050339
2017,09,臺南市,80247
2017,09,臺東縣,2460
2017,09,花蓮縣,1998
2017,09,苗栗縣,1200
2017,09,連江縣,2420
2017,09,金門縣,10648
2017,09,雲林縣,3548
2017,09,高雄市,252922
2017,10,南投縣,886
2017,10,嘉義市,1612
2017,10,嘉義縣,4557
2017,10,基隆市,62947
2017,10,宜蘭縣,18375
2017,10,屏東縣,8240
2017,10,彰化縣,4880
2017,10,新北市,680707
2017,10,新竹市,18024
2017,10,新竹縣,7362
2017,10,桃園市,172525
2017,10,澎湖縣,7011
2017,10,臺中市,279712
2017,10,臺北市,1045595
2017,10,臺南市,83639
2017,10,臺東縣,2542
2017,10,花蓮縣,1916
2017,10,苗栗縣,1240
2017,10,連江縣,2462
2017,10,金門縣,10671
2017,10,雲林縣,3684
2017,10,高雄市,270317
2017,11,南投縣,800
2017,11,嘉義市,1560
2017,11,嘉義縣,4346
2017,11,基隆市,61393
2017,11,宜蘭縣,17065
2017,11,屏東縣,8299
2017,11,彰化縣,4883
2017,11,新北市,682365
2017,11,新竹市,17586
2017,11,新竹縣,7336
2017,11,桃園市,167838
2017,11,澎湖縣,6190
2017,11,臺中市,273638
2017,11,臺北市,1040211
2017,11,臺南市,81141
2017,11,臺東縣,2460
2017,11,花蓮縣,1903
2017,11,苗栗縣,1200
2017,11,連江縣,2396
2017,11,金門縣,10332
2017,11,雲林縣,3540
2017,11,高雄市,251775
2017,12,南投縣,896
2017,12,嘉義市,1612
2017,12,嘉義縣,3925
2017,12,基隆市,61604
2017,12,宜蘭縣,17656
2017,12,屏東縣,7713
2017,12,彰化縣,4993
2017,12,新北市,690661
2017,12,新竹市,18313
2017,12,新竹縣,7474
2017,12,桃園市,172578
2017,12,澎湖縣,6093
2017,12,臺中市,280739
2017,12,臺北市,1057857
2017,12,臺南市,84156
2017,12,臺東縣,2542
2017,12,花蓮縣,2007
2017,12,苗栗縣,1200
2017,12,連江縣,2462
2017,12,金門縣,10753
2017,12,雲林縣,3662
2017,12,高雄市,259423
2018,01,南投縣,892
2018,01,嘉義市,1612
2018,01,嘉義縣,4462
2018,01,基隆市,64546
2018,01,宜蘭縣,17337
2018,01,屏東縣,7269
2018,01,彰化縣,4546
2018,01,新北市,694174
2018,01,新竹市,18355
2018,01,新竹縣,7488
2018,01,桃園市,174191
2018,01,澎湖縣,5791
2018,01,臺中市,281545
2018,01,臺北市,1062650
2018,01,臺南市,84206
2018,01,臺東縣,2542
2018,01,花蓮縣,1938
2018,01,苗栗縣,1271
2018,01,連江縣,2522
2018,01,金門縣,11838
2018,01,雲林縣,3676
2018,01,高雄市,254777
2018,02,南投縣,928
2018,02,嘉義市,1456
2018,02,嘉義縣,4103
2018,02,基隆市,55448
2018,02,宜蘭縣,16400
2018,02,屏東縣,8431
2018,02,彰化縣,3899
2018,02,新北市,567277
2018,02,新竹市,15141
2018,02,新竹縣,6463
2018,02,桃園市,152284
2018,02,澎湖縣,4484
2018,02,臺中市,242418
2018,02,臺北市,883971
2018,02,臺南市,77171
2018,02,臺東縣,2296
2018,02,花蓮縣,1736
2018,02,苗栗縣,1120
2018,02,連江縣,2052
2018,02,金門縣,9662
2018,02,雲林縣,3341
2018,02,高雄市,226386
2018,03,南投縣,880
2018,03,嘉義市,1613
2018,03,嘉義縣,4502
2018,03,基隆市,63602
2018,03,宜蘭縣,17157
2018,03,屏東縣,10389
2018,03,彰化縣,5058
2018,03,新北市,681160
2018,03,新竹市,18182
2018,03,新竹縣,7596
2018,03,桃園市,173930
2018,03,澎湖縣,6143
2018,03,臺中市,279671
2018,03,臺北市,1053453
2018,03,臺南市,85109
2018,03,臺東縣,2542
2018,03,花蓮縣,2028
2018,03,苗栗縣,1240
2018,03,連江縣,2478
2018,03,金門縣,9533
2018,03,雲林縣,3666
2018,03,高雄市,261096
2018,04,南投縣,1056
2018,04,嘉義市,1560
2018,04,嘉義縣,4326
2018,04,基隆市,60720
2018,04,宜蘭縣,17059
2018,04,屏東縣,10501
2018,04,彰化縣,4680
2018,04,新北市,631085
2018,04,新竹市,17505
2018,04,新竹縣,7103
2018,04,桃園市,171817
2018,04,澎湖縣,5664
2018,04,臺中市,270677
2018,04,臺北市,983011
2018,04,臺南市,82368
2018,04,臺東縣,2460
2018,04,花蓮縣,1960
2018,04,苗栗縣,1200
2018,04,連江縣,2364
2018,04,金門縣,9808
2018,04,雲林縣,3578
2018,04,高雄市,268182
2018,05,南投縣,882
2018,05,嘉義市,1934
2018,05,嘉義縣,4365
2018,05,基隆市,63076
2018,05,宜蘭縣,16473
2018,05,屏東縣,10985
2018,05,彰化縣,5078
2018,05,新北市,683213
2018,05,新竹市,18333
2018,05,新竹縣,6945
2018,05,桃園市,180771
2018,05,澎湖縣,7373
2018,05,臺中市,283635
2018,05,臺北市,1053757
2018,05,臺南市,84669
2018,05,臺東縣,2542
2018,05,花蓮縣,2018
2018,05,苗栗縣,1240
2018,05,連江縣,2584
2018,05,金門縣,10724
2018,05,雲林縣,3676
2018,05,高雄市,277256
2018,06,南投縣,964
2018,06,嘉義市,1920
2018,06,嘉義縣,3772
2018,06,基隆市,60771
2018,06,宜蘭縣,16286
2018,06,屏東縣,10207
2018,06,彰化縣,4789
2018,06,新北市,652829
2018,06,新竹市,17360
2018,06,新竹縣,4138
2018,06,桃園市,172430
2018,06,澎湖縣,5702
2018,06,臺中市,276883
2018,06,臺北市,999803
2018,06,臺南市,82542
2018,06,臺東縣,2460
2018,06,花蓮縣,1940
2018,06,苗栗縣,1200
2018,06,連江縣,2444
2018,06,金門縣,11168
2018,06,雲林縣,3570
2018,06,高雄市,267510
2018,07,南投縣,817
2018,07,嘉義市,2190
2018,07,嘉義縣,3830
2018,07,基隆市,61536
2018,07,宜蘭縣,17417
2018,07,屏東縣,9380
2018,07,彰化縣,4356
2018,07,新北市,669485
2018,07,新竹市,16611
2018,07,新竹縣,8119
2018,07,桃園市,173764
2018,07,澎湖縣,4589
2018,07,臺中市,284183
2018,07,臺北市,1032147
2018,07,臺南市,85086
2018,07,臺東縣,2542
2018,07,花蓮縣,2046
2018,07,苗栗縣,1240
2018,07,連江縣,2318
2018,07,金門縣,10724
2018,07,雲林縣,3658
2018,07,高雄市,271561
2018,08,南投縣,784
2018,08,嘉義市,2365
2018,08,嘉義縣,3558
2018,08,基隆市,62141
2018,08,宜蘭縣,17317
2018,08,屏東縣,9020
2018,08,彰化縣,4233
2018,08,新北市,682686
2018,08,新竹市,17176
2018,08,新竹縣,7596
2018,08,桃園市,174378
2018,08,澎湖縣,4754
2018,08,臺中市,298280
2018,08,臺北市,1045250
2018,08,臺南市,82383
2018,08,臺東縣,2542
2018,08,花蓮縣,1920
2018,08,苗栗縣,1240
2018,08,連江縣,2408
2018,08,金門縣,10724
2018,08,雲林縣,3594
2018,08,高雄市,212284
2018,09,南投縣,1008
2018,09,嘉義市,2292
2018,09,嘉義縣,3790
2018,09,基隆市,59664
2018,09,宜蘭縣,16425
2018,09,屏東縣,9731
2018,09,彰化縣,4672
2018,09,新北市,649618
2018,09,新竹市,17413
2018,09,新竹縣,4140
2018,09,桃園市,170882
2018,09,澎湖縣,5686
2018,09,臺中市,278098
2018,09,臺北市,991103
2018,09,臺南市,82907
2018,09,臺東縣,2760
2018,09,花蓮縣,1887
2018,09,苗栗縣,1200
2018,09,連江縣,2420
2018,09,金門縣,10724
2018,09,雲林縣,3572
2018,09,高雄市,264226
2018,10,南投縣,622
2018,10,嘉義市,2340
2018,10,嘉義縣,3842
2018,10,基隆市,63914
2018,10,宜蘭縣,16557
2018,10,屏東縣,10190
2018,10,彰化縣,5037
2018,10,新北市,689323
2018,10,新竹市,18299
2018,10,新竹縣,4278
2018,10,桃園市,186240
2018,10,澎湖縣,6026
2018,10,臺中市,290492
2018,10,臺北市,1053235
2018,10,臺南市,85908
2018,10,臺東縣,2542
2018,10,花蓮縣,2165
2018,10,苗栗縣,1240
2018,10,連江縣,2664
2018,10,金門縣,10724
2018,10,雲林縣,3658
2018,10,高雄市,277628
2018,11,南投縣,752
2018,11,嘉義市,2350
2018,11,嘉義縣,3642
2018,11,基隆市,69613
2018,11,宜蘭縣,16596
2018,11,屏東縣,9902
2018,11,彰化縣,5047
2018,11,新北市,690763
2018,11,新竹市,17745
2018,11,新竹縣,6644
2018,11,桃園市,187771
2018,11,澎湖縣,5878
2018,11,臺中市,278825
2018,11,臺北市,1004966
2018,11,臺南市,83104
2018,11,臺東縣,2250
2018,11,花蓮縣,2353
2018,11,苗栗縣,1200
2018,11,連江縣,2404
2018,11,金門縣,12005
2018,11,雲林縣,3658
2018,11,高雄市,277722
2018,12,南投縣,836
2018,12,嘉義市,2256
2018,12,嘉義縣,3811
2018,12,基隆市,70646
2018,12,宜蘭縣,25544
2018,12,屏東縣,10230
2018,12,彰化縣,4930
2018,12,新北市,690763
2018,12,新竹市,18243
2018,12,新竹縣,7300
2018,12,桃園市,193376
2018,12,澎湖縣,5991
2018,12,臺中市,285481
2018,12,臺北市,1017505
2018,12,臺南市,86213
2018,12,臺東縣,2325
2018,12,花蓮縣,2380
2018,12,苗栗縣,1240
2018,12,連江縣,2470
2018,12,金門縣,14984
2018,12,雲林縣,3558
2018,12,高雄市,280474
2019,01,南投縣,722
2019,01,嘉義市,2449
2019,01,嘉義縣,3761
2019,01,基隆市,72057
2019,01,宜蘭縣,25212
2019,01,屏東縣,9670
2019,01,彰化縣,4639
2019,01,新北市,689236
2019,01,新竹市,17634
2019,01,新竹縣,5779
2019,01,桃園市,195168
2019,01,澎湖縣,5523
2019,01,臺中市,287642
2019,01,臺北市,1021101
2019,01,臺南市,85931
2019,01,臺東縣,2250
2019,01,花蓮縣,2246
2019,01,苗栗縣,1240
2019,01,連江縣,2404
2019,01,金門縣,11718
2019,01,雲林縣,3678
2019,01,高雄市,271980
2019,02,南投縣,1666
2019,02,嘉義市,2185
2019,02,嘉義縣,3531
2019,02,基隆市,63753
2019,02,宜蘭縣,24824
2019,02,屏東縣,8953
2019,02,彰化縣,4193
2019,02,新北市,560674
2019,02,新竹市,15136
2019,02,新竹縣,5818
2019,02,桃園市,170897
2019,02,澎湖縣,5088
2019,02,臺中市,245680
2019,02,臺北市,840159
2019,02,臺南市,78549
2019,02,臺東縣,2100
2019,02,花蓮縣,2128
2019,02,苗栗縣,1120
2019,02,連江縣,2130
2019,02,金門縣,11350
2019,02,雲林縣,3392
2019,02,高雄市,247364
2019,03,南投縣,2416
2019,03,嘉義市,2365
2019,03,嘉義縣,3610
2019,03,基隆市,68952
2019,03,宜蘭縣,25847
2019,03,屏東縣,10145
2019,03,彰化縣,5168
2019,03,新北市,670898
2019,03,新竹市,17937
2019,03,新竹縣,6606
2019,03,桃園市,196108
2019,03,澎湖縣,6143
2019,03,臺中市,284020
2019,03,臺北市,1010960
2019,03,臺南市,88432
2019,03,臺東縣,2325
2019,03,花蓮縣,2772
2019,03,苗栗縣,1240
2019,03,連江縣,2462
2019,03,金門縣,11811
2019,03,雲林縣,3876
2019,03,高雄市,275276
2019,04,南投縣,2448
2019,04,嘉義市,2485
2019,04,嘉義縣,3342
2019,04,基隆市,68398
2019,04,宜蘭縣,24878
2019,04,屏東縣,9834
2019,04,彰化縣,4977
2019,04,新北市,654795
2019,04,新竹市,17430
2019,04,新竹縣,6370
2019,04,桃園市,190942
2019,04,澎湖縣,6596
2019,04,臺中市,275259
2019,04,臺北市,968463
2019,04,臺南市,85104
2019,04,臺東縣,2382
2019,04,花蓮縣,2669
2019,04,苗栗縣,1200
2019,04,連江縣,2388
2019,04,金門縣,10724
2019,04,雲林縣,3996
2019,04,高雄市,268062
2019,05,南投縣,2542
2019,05,嘉義市,2872
2019,05,嘉義縣,3322
2019,05,基隆市,73941
2019,05,宜蘭縣,24956
2019,05,屏東縣,10124
2019,05,彰化縣,5110
2019,05,新北市,691375
2019,05,新竹市,18123
2019,05,新竹縣,7228
2019,05,桃園市,198366
2019,05,澎湖縣,6039
2019,05,臺中市,291178
2019,05,臺北市,1012918
2019,05,臺南市,87853
2019,05,臺東縣,2483
2019,05,花蓮縣,3128
2019,05,苗栗縣,1240
2019,05,連江縣,2488
2019,05,金門縣,10724
2019,05,雲林縣,4077
2019,05,高雄市,277829
2019,06,南投縣,2168
2019,06,嘉義市,2816
2019,06,嘉義縣,3225
2019,06,基隆市,66289
2019,06,宜蘭縣,25177
2019,06,屏東縣,9709
2019,06,彰化縣,4550
2019,06,新北市,641524
2019,06,新竹市,17196
2019,06,新竹縣,6740
2019,06,桃園市,193095
2019,06,澎湖縣,5636
2019,06,臺中市,282832
2019,06,臺北市,952221
2019,06,臺南市,85380
2019,06,臺東縣,2386
2019,06,花蓮縣,3014
2019,06,苗栗縣,1200
2019,06,連江縣,2378
2019,06,金門縣,9735
2019,06,雲林縣,4092
2019,06,高雄市,266464
2019,07,南投縣,1150
2019,07,嘉義市,3162
2019,07,嘉義縣,2702
2019,07,基隆市,68031
2019,07,宜蘭縣,26520
2019,07,屏東縣,9483
2019,07,彰化縣,4693
2019,07,新北市,687015
2019,07,新竹市,16924
2019,07,新竹縣,7234
2019,07,桃園市,193037
2019,07,澎湖縣,4583
2019,07,臺中市,294864
2019,07,臺北市,1003772
2019,07,臺南市,87162
2019,07,臺東縣,2412
2019,07,花蓮縣,2743
2019,07,苗栗縣,1240
2019,07,連江縣,2294
2019,07,金門縣,12591
2019,07,雲林縣,4163
2019,07,高雄市,267688
2019,08,南投縣,1334
2019,08,嘉義市,3150
2019,08,嘉義縣,2789
2019,08,基隆市,67580
2019,08,宜蘭縣,25724
2019,08,屏東縣,8662
2019,08,彰化縣,4290
2019,08,新北市,672154
2019,08,新竹市,16527
2019,08,新竹縣,7008
2019,08,桃園市,189343
2019,08,澎湖縣,4503
2019,08,臺中市,295829
2019,08,臺北市,981231
2019,08,臺南市,83520
2019,08,臺東縣,2396
2019,08,花蓮縣,2873
2019,08,苗栗縣,1240
2019,08,連江縣,2228
2019,08,金門縣,11935
2019,08,雲林縣,4181
2019,08,高雄市,264005
2019,09,南投縣,2460
2019,09,嘉義市,2820
2019,09,嘉義縣,2732
2019,09,基隆市,65949
2019,09,宜蘭縣,23972
2019,09,屏東縣,10046
2019,09,彰化縣,4533
2019,09,新北市,642312
2019,09,新竹市,16999
2019,09,新竹縣,6681
2019,09,桃園市,178406
2019,09,澎湖縣,5768
2019,09,臺中市,287071
2019,09,臺北市,947440
2019,09,臺南市,85583
2019,09,臺東縣,2394
2019,09,花蓮縣,3104
2019,09,苗栗縣,1200
2019,09,連江縣,2380
2019,09,金門縣,11520
2019,09,雲林縣,4086
2019,09,高雄市,265758
2019,10,南投縣,2536
2019,10,嘉義市,2898
2019,10,嘉義縣,2752
2019,10,基隆市,70195
2019,10,宜蘭縣,25180
2019,10,屏東縣,10229
2019,10,彰化縣,4886
2019,10,新北市,693501
2019,10,新竹市,18064
2019,10,新竹縣,7138
2019,10,桃園市,186071
2019,10,澎湖縣,6035
2019,10,臺中市,299851
2019,10,臺北市,1004403
2019,10,臺南市,89192
2019,10,臺東縣,2471
2019,10,花蓮縣,3235
2019,10,苗栗縣,1240
2019,10,連江縣,2502
2019,10,金門縣,11935
2019,10,雲林縣,4219
2019,10,高雄市,274634
2019,11,南投縣,2454
2019,11,嘉義市,2812
2019,11,嘉義縣,2721
2019,11,基隆市,67181
2019,11,宜蘭縣,24458
2019,11,屏東縣,9925
2019,11,彰化縣,4794
2019,11,新北市,670145
2019,11,新竹市,18442
2019,11,新竹縣,6900
2019,11,桃園市,179632
2019,11,澎湖縣,5813
2019,11,臺中市,288866
2019,11,臺北市,976664
2019,11,臺南市,85780
2019,11,臺東縣,2467
2019,11,花蓮縣,3312
2019,11,苗栗縣,1200
2019,11,連江縣,2410
2019,11,金門縣,13074
2019,11,雲林縣,4048
2019,11,高雄市,263171
2019,12,南投縣,2448
2019,12,嘉義市,2898
2019,12,嘉義縣,2799
2019,12,基隆市,68905
2019,12,宜蘭縣,25164
2019,12,屏東縣,10189
2019,12,彰化縣,4983
2019,12,新北市,752300
2019,12,新竹市,18680
2019,12,新竹縣,7154
2019,12,桃園市,185290
2019,12,澎湖縣,6086
2019,12,臺中市,303306
2019,12,臺北市,1005121
2019,12,臺南市,89750
2019,12,臺東縣,2475
2019,12,花蓮縣,3421
2019,12,苗栗縣,1240
2019,12,連江縣,2518
2019,12,金門縣,11904
2019,12,雲林縣,4170
2019,12,高雄市,272750
2020,01,南投縣,1766
2020,01,嘉義市,3006
2020,01,嘉義縣,2872
2020,01,基隆市,65804
2020,01,宜蘭縣,26140
2020,01,屏東縣,9708
2020,01,彰化縣,4310
2020,01,新北市,633382
2020,01,新竹市,17119
2020,01,新竹縣,6380
2020,01,桃園市,179643
2020,01,澎湖縣,5425
2020,01,臺中市,292225
2020,01,臺北市,951273
2020,01,臺南市,90359
2020,01,臺東縣,2459
2020,01,花蓮縣,3278
2020,01,苗栗縣,1302
2020,01,連江縣,2336
2020,01,金門縣,11904
2020,01,雲林縣,4631
2020,01,高雄市,266743
2020,02,南投縣,1111
2020,02,嘉義市,2922
2020,02,嘉義縣,2615
2020,02,基隆市,64497
2020,02,宜蘭縣,23008
2020,02,屏東縣,8663
2020,02,彰化縣,3926
2020,02,新北市,621627
2020,02,新竹市,16588
2020,02,新竹縣,6646
2020,02,桃園市,171464
2020,02,澎湖縣,4705
2020,02,臺中市,277198
2020,02,臺北市,940652
2020,02,臺南市,84523
2020,02,臺東縣,2245
2020,02,花蓮縣,2955
2020,02,苗栗縣,1218
2020,02,連江縣,2184
2020,02,金門縣,11136
2020,02,雲林縣,4308
2020,02,高雄市,248267
2020,03,南投縣,2278
2020,03,嘉義市,2898
2020,03,嘉義縣,2810
2020,03,基隆市,71016
2020,03,宜蘭縣,25218
2020,03,屏東縣,9728
2020,03,彰化縣,4798
2020,03,新北市,653905
2020,03,新竹市,18662
2020,03,新竹縣,7154
2020,03,桃園市,184258
2020,03,澎湖縣,5909
2020,03,臺中市,301204
2020,03,臺北市,1023895
2020,03,臺南市,89359
2020,03,臺東縣,2477
2020,03,花蓮縣,3398
2020,03,苗栗縣,1302
2020,03,連江縣,2498
2020,03,金門縣,11136
2020,03,雲林縣,4677
2020,03,高雄市,283127
2020,04,南投縣,2072
2020,04,嘉義市,2820
2020,04,嘉義縣,2720
2020,04,基隆市,65798
2020,04,宜蘭縣,25010
2020,04,屏東縣,8867
2020,04,彰化縣,4832
2020,04,新北市,631261
2020,04,新竹市,17996
2020,04,新竹縣,6781
2020,04,桃園市,177390
2020,04,澎湖縣,5508
2020,04,臺中市,291544
2020,04,臺北市,980833
2020,04,臺南市,86668
2020,04,臺東縣,2390
2020,04,花蓮縣,3236
2020,04,苗栗縣,1260
2020,04,連江縣,2412
2020,04,金門縣,11670
2020,04,雲林縣,4554
2020,04,高雄市,273681
2020,05,南投縣,2158
2020,05,嘉義市,2910
2020,05,嘉義縣,2821
2020,05,基隆市,64631
2020,05,宜蘭縣,24294
2020,05,屏東縣,9169
2020,05,彰化縣,5062
2020,05,新北市,651636
2020,05,新竹市,18429
2020,05,新竹縣,7032
2020,05,桃園市,181181
2020,05,澎湖縣,5878
2020,05,臺中市,299336
2020,05,臺北市,1003228
2020,05,臺南市,89302
2020,05,臺東縣,2433
2020,05,花蓮縣,3328
2020,05,苗栗縣,1302
2020,05,連江縣,2494
2020,05,金門縣,11670
2020,05,雲林縣,4699
2020,05,高雄市,280258
2020,06,南投縣,2340
2020,06,嘉義市,4231
2020,06,嘉義縣,2475
2020,06,基隆市,63720
2020,06,宜蘭縣,23385
2020,06,屏東縣,8958
2020,06,彰化縣,4814
2020,06,新北市,654250
2020,06,新竹市,17579
2020,06,新竹縣,6858
2020,06,桃園市,176265
2020,06,澎湖縣,5881
2020,06,臺中市,289227
2020,06,臺北市,977510
2020,06,臺南市,85774
2020,06,臺東縣,2330
2020,06,花蓮縣,3238
2020,06,苗栗縣,1260
2020,06,連江縣,2412
2020,06,金門縣,11520
2020,06,雲林縣,4540
2020,06,高雄市,270710
2020,07,南投縣,1102
2020,07,嘉義市,4572
2020,07,嘉義縣,2464
2020,07,基隆市,58390
2020,07,宜蘭縣,23891
2020,07,屏東縣,9049
2020,07,彰化縣,4847
2020,07,新北市,709618
2020,07,新竹市,17511
2020,07,新竹縣,7188
2020,07,桃園市,181256
2020,07,澎湖縣,5569
2020,07,臺中市,298268
2020,07,臺北市,1016281
2020,07,臺南市,88915
2020,07,臺東縣,2390
2020,07,花蓮縣,3190
2020,07,苗栗縣,1302
2020,07,連江縣,2378
2020,07,金門縣,11520
2020,07,雲林縣,4667
2020,07,高雄市,275955
2020,08,南投縣,1092
2020,08,嘉義市,4638
2020,08,嘉義縣,2491
2020,08,基隆市,61218
2020,08,宜蘭縣,24626
2020,08,屏東縣,8792
2020,08,彰化縣,4855
2020,08,新北市,686768
2020,08,新竹市,16977
2020,08,新竹縣,7031
2020,08,桃園市,188819
2020,08,澎湖縣,5080
2020,08,臺中市,297187
2020,08,臺北市,988173
2020,08,臺南市,89301
2020,08,臺東縣,2349
2020,08,花蓮縣,3170
2020,08,苗栗縣,1302
2020,08,連江縣,2328
2020,08,金門縣,11520
2020,08,雲林縣,4683
2020,08,高雄市,271282
2020,09,南投縣,2422
2020,09,嘉義市,4224
2020,09,嘉義縣,2387
2020,09,基隆市,57004
2020,09,宜蘭縣,24314
2020,09,屏東縣,8925
2020,09,彰化縣,5250
2020,09,新北市,685476
2020,09,新竹市,17728
2020,09,新竹縣,7032
2020,09,桃園市,187586
2020,09,澎湖縣,5862
2020,09,臺中市,292430
2020,09,臺北市,985413
2020,09,臺南市,86347
2020,09,臺東縣,2334
2020,09,花蓮縣,3094
2020,09,苗栗縣,1260
2020,09,連江縣,2388
2020,09,金門縣,11520
2020,09,雲林縣,4510
2020,09,高雄市,265180
2020,10,南投縣,2360
2020,10,嘉義市,4435
2020,10,嘉義縣,2533
2020,10,基隆市,52892
2020,10,宜蘭縣,25335
2020,10,屏東縣,9486
2020,10,彰化縣,5368
2020,10,新北市,680255
2020,10,新竹市,17964
2020,10,新竹縣,6864
2020,10,桃園市,192945
2020,10,澎湖縣,5784
2020,10,臺中市,297488
2020,10,臺北市,976978
2020,10,臺南市,89769
2020,10,臺東縣,2393
2020,10,花蓮縣,4208
2020,10,苗栗縣,1302
2020,10,連江縣,2464
2020,10,金門縣,11520
2020,10,雲林縣,4769
2020,10,高雄市,270761
2020,11,南投縣,3298
2020,11,嘉義市,4248
2020,11,嘉義縣,3504
2020,11,基隆市,62658
2020,11,宜蘭縣,24267
2020,11,屏東縣,11169
2020,11,彰化縣,5160
2020,11,新北市,664739
2020,11,新竹市,19139
2020,11,新竹縣,7188
2020,11,桃園市,188049
2020,11,澎湖縣,5736
2020,11,臺中市,291660
2020,11,臺北市,952710
2020,11,臺南市,88464
2020,11,臺東縣,3329
2020,11,花蓮縣,4236
2020,11,苗栗縣,1260
2020,11,連江縣,2412
2020,11,金門縣,11520
2020,11,雲林縣,4524
2020,11,高雄市,273148
2020,12,南投縣,3459
2020,12,嘉義市,4374
2020,12,嘉義縣,3575
2020,12,基隆市,64022
2020,12,宜蘭縣,25152
2020,12,屏東縣,12198
2020,12,彰化縣,5366
2020,12,新北市,696767
2020,12,新竹市,19879
2020,12,新竹縣,8198
2020,12,桃園市,194621
2020,12,澎湖縣,6001
2020,12,臺中市,302718
2020,12,臺北市,992630
2020,12,臺南市,91579
2020,12,臺東縣,3497
2020,12,花蓮縣,4598
2020,12,苗栗縣,1302
2020,12,連江縣,2504
2020,12,金門縣,11094
2020,12,雲林縣,4667
2020,12,高雄市,283677
2021,01,南投縣,2429
2021,01,嘉義市,4776
2021,01,嘉義縣,3479
2021,01,基隆市,62118
2021,01,宜蘭縣,24971
2021,01,屏東縣,12813
2021,01,彰化縣,4828
2021,01,新北市,670420
2021,01,新竹市,19245
2021,01,新竹縣,7813
2021,01,桃園市,183468
2021,01,澎湖縣,5433
2021,01,臺中市,299698
2021,01,臺北市,957928
2021,01,臺南市,92546
2021,01,臺東縣,3375
2021,01,花蓮縣,4669
2021,01,苗栗縣,1302
2021,01,連江縣,2406
2021,01,金門縣,11094
2021,01,雲林縣,4713
2021,01,高雄市,278243
2021,02,南投縣,1987
2021,02,嘉義市,4488
2021,02,嘉義縣,3345
2021,02,基隆市,58188
2021,02,宜蘭縣,22401
2021,02,屏東縣,11385
2021,02,彰化縣,4250
2021,02,新北市,558968
2021,02,新竹市,15697
2021,02,新竹縣,6409
2021,02,桃園市,160408
2021,02,澎湖縣,4588
2021,02,臺中市,257454
2021,02,臺北市,796805
2021,02,臺南市,83108
2021,02,臺東縣,2797
2021,02,花蓮縣,3983
2021,02,苗栗縣,1176
2021,02,連江縣,2068
2021,02,金門縣,10752
2021,02,雲林縣,4336
2021,02,高雄市,246405
2021,03,南投縣,3372
2021,03,嘉義市,4926
2021,03,嘉義縣,3682
2021,03,基隆市,63674
2021,03,宜蘭縣,30924
2021,03,屏東縣,13385
2021,03,彰化縣,5552
2021,03,新北市,675582
2021,03,新竹市,19667
2021,03,新竹縣,8100
2021,03,桃園市,184178
2021,03,澎湖縣,5924
2021,03,臺中市,297834
2021,03,臺北市,949720
2021,03,臺南市,90782
2021,03,臺東縣,3653
2021,03,花蓮縣,5069
2021,03,苗栗縣,1302
2021,03,連江縣,2494
2021,03,金門縣,10752
2021,03,雲林縣,4653
2021,03,高雄市,277650
2021,04,南投縣,3239
2021,04,嘉義市,4780
2021,04,嘉義縣,3700
2021,04,基隆市,62344
2021,04,宜蘭縣,24986
2021,04,屏東縣,12960
2021,04,彰化縣,5303
2021,04,新北市,640623
2021,04,新竹市,18964
2021,04,新竹縣,7753
2021,04,桃園市,177401
2021,04,澎湖縣,5525
2021,04,臺中市,284033
2021,04,臺北市,905049
2021,04,臺南市,89252
2021,04,臺東縣,3510
2021,04,花蓮縣,5081
2021,04,苗栗縣,1260
2021,04,連江縣,2404
2021,04,金門縣,11520
2021,04,雲林縣,4587
2021,04,高雄市,268317
2021,05,南投縣,2907
2021,05,嘉義市,4792
2021,05,嘉義縣,3032
2021,05,基隆市,62632
2021,05,宜蘭縣,23078
2021,05,屏東縣,11361
2021,05,彰化縣,4819
2021,05,新北市,569249
2021,05,新竹市,17443
2021,05,新竹縣,7838
2021,05,桃園市,174010
2021,05,澎湖縣,5204
2021,05,臺中市,279145
2021,05,臺北市,796249
2021,05,臺南市,89870
2021,05,臺東縣,3503
2021,05,花蓮縣,3845
2021,05,苗栗縣,1302
2021,05,連江縣,2404
2021,05,金門縣,11520
2021,05,雲林縣,4493
2021,05,高雄市,267771
2021,06,南投縣,1444
2021,06,嘉義市,4122
2021,06,嘉義縣,1734
2021,06,基隆市,41484
2021,06,宜蘭縣,15068
2021,06,屏東縣,5523
2021,06,彰化縣,2871
2021,06,新北市,362995
2021,06,新竹市,10094
2021,06,新竹縣,7373
2021,06,桃園市,145071
2021,06,澎湖縣,4739
2021,06,臺中市,222487
2021,06,臺北市,530220
2021,06,臺南市,69523
2021,06,臺東縣,2762
2021,06,花蓮縣,1733
2021,06,苗栗縣,1260
2021,06,連江縣,2220
2021,06,金門縣,11520
2021,06,雲林縣,3702
2021,06,高雄市,204476
2021,07,南投縣,1355
2021,07,嘉義市,4390
2021,07,嘉義縣,3392
2021,07,基隆市,43128
2021,07,宜蘭縣,15854
2021,07,屏東縣,4563
2021,07,彰化縣,2759
2021,07,新北市,383676
2021,07,新竹市,9649
2021,07,新竹縣,7592
2021,07,桃園市,151031
2021,07,澎湖縣,4903
2021,07,臺中市,223447
2021,07,臺北市,573117
2021,07,臺南市,64906
2021,07,臺東縣,2345
2021,07,花蓮縣,1633
2021,07,苗栗縣,1302
2021,07,連江縣,2330
2021,07,金門縣,11520
2021,07,雲林縣,3689
2021,07,高雄市,208346
2021,08,南投縣,1461
2021,08,嘉義市,4980
2021,08,嘉義縣,3849
2021,08,基隆市,49168
2021,08,宜蘭縣,17155
2021,08,屏東縣,7416
2021,08,彰化縣,3069
2021,08,新北市,492426
2021,08,新竹市,10848
2021,08,新竹縣,7684
2021,08,桃園市,160673
2021,08,澎湖縣,4891
2021,08,臺中市,229894
2021,08,臺北市,736763
2021,08,臺南市,65939
2021,08,臺東縣,3265
2021,08,花蓮縣,2170
2021,08,苗栗縣,1302
2021,08,連江縣,2248
2021,08,金門縣,11520
2021,08,雲林縣,3907
2021,08,高雄市,211546
2021,09,南投縣,1759
2021,09,嘉義市,4770
2021,09,嘉義縣,4447
2021,09,基隆市,53759
2021,09,宜蘭縣,20269
2021,09,屏東縣,12921
2021,09,彰化縣,4358
2021,09,新北市,602187
2021,09,新竹市,18549
2021,09,新竹縣,7484
2021,09,桃園市,166381
2021,09,澎湖縣,5468
2021,09,臺中市,258087
2021,09,臺北市,827582
2021,09,臺南市,84242
2021,09,臺東縣,3313
2021,09,花蓮縣,2948
2021,09,苗栗縣,1260
2021,09,連江縣,2538
2021,09,金門縣,11520
2021,09,雲林縣,3899
2021,09,高雄市,234188
2021,10,南投縣,2698
2021,10,嘉義市,4946
2021,10,嘉義縣,4700
2021,10,基隆市,56764
2021,10,宜蘭縣,22200
2021,10,屏東縣,14382
2021,10,彰化縣,5845
2021,10,新北市,626834
2021,10,新竹市,19052
2021,10,新竹縣,7378
2021,10,桃園市,171878
2021,10,澎湖縣,5623
2021,10,臺中市,269829
2021,10,臺北市,865267
2021,10,臺南市,87872
2021,10,臺東縣,3453
2021,10,花蓮縣,3070
2021,10,苗栗縣,1302
2021,10,連江縣,2410
2021,10,金門縣,11520
2021,10,雲林縣,4065
2021,10,高雄市,244129
2021,11,南投縣,2965
2021,11,嘉義市,4820
2021,11,嘉義縣,4847
2021,11,基隆市,54548
2021,11,宜蘭縣,22373
2021,11,屏東縣,14238
2021,11,彰化縣,5928
2021,11,新北市,623085
2021,11,新竹市,18458
2021,11,新竹縣,7531
2021,11,桃園市,168620
2021,11,澎湖縣,5542
2021,11,臺中市,265957
2021,11,臺北市,862256
2021,11,臺南市,84264
2021,11,臺東縣,3319
2021,11,花蓮縣,3055
2021,11,苗栗縣,1260
2021,11,連江縣,2440
2021,11,金門縣,11520
2021,11,雲林縣,3916
2021,11,高雄市,240068
2021,12,南投縣,3008
2021,12,嘉義市,5014
2021,12,嘉義縣,5091
2021,12,基隆市,68912
2021,12,宜蘭縣,22984
2021,12,屏東縣,15153
2021,12,彰化縣,6219
2021,12,新北市,645516
2021,12,新竹市,18982
2021,12,新竹縣,7597
2021,12,桃園市,170889
2021,12,澎湖縣,5719
2021,12,臺中市,276645
2021,12,臺北市,891189
2021,12,臺南市,88056
2021,12,臺東縣,3400
2021,12,花蓮縣,3271
2021,12,苗栗縣,1302
2021,12,連江縣,2518
2021,12,金門縣,11520
2021,12,雲林縣,4069
2021,12,高雄市,247140
2022,01,南投縣,2874
2022,01,嘉義市,4996
2022,01,嘉義縣,4903
2022,01,基隆市,55681
2022,01,宜蘭縣,22717
2022,01,屏東縣,14419
2022,01,彰化縣,6022
2022,01,新北市,615065
2022,01,新竹市,18041
2022,01,新竹縣,7369
2022,01,桃園市,174354
2022,01,澎湖縣,5349
2022,01,臺中市,275816
2022,01,臺北市,856617
2022,01,臺南市,91394
2022,01,臺東縣,3181
2022,01,花蓮縣,3659
2022,01,苗栗縣,1302
2022,01,連江縣,2422
2022,01,金門縣,11520
2022,01,雲林縣,4104
2022,01,高雄市,242063
2022,02,南投縣,1898
2022,02,嘉義市,4542
2022,02,嘉義縣,4410
2022,02,基隆市,55221
2022,02,宜蘭縣,20467
2022,02,屏東縣,12484
2022,02,彰化縣,5266
2022,02,新北市,511897
2022,02,新竹市,15458
2022,02,新竹縣,6118
2022,02,桃園市,152727
2022,02,澎湖縣,4749
2022,02,臺中市,241259
2022,02,臺北市,718324
2022,02,臺南市,79343
2022,02,臺東縣,2783
2022,02,花蓮縣,3019
2022,02,苗栗縣,1176
2022,02,連江縣,2270
2022,02,金門縣,10752
2022,02,雲林縣,3744
2022,02,高雄市,211290
2022,03,南投縣,3043
2022,03,嘉義市,5008
2022,03,嘉義縣,4669
2022,03,基隆市,57798
2022,03,宜蘭縣,23418
2022,03,屏東縣,15104
2022,03,彰化縣,6365
2022,03,新北市,637222
2022,03,新竹市,19235
2022,03,新竹縣,7693
2022,03,桃園市,176980
2022,03,澎湖縣,5973
2022,03,臺中市,277206
2022,03,臺北市,874160
2022,03,臺南市,87477
2022,03,臺東縣,3440
2022,03,花蓮縣,3956
2022,03,苗栗縣,1302
2022,03,連江縣,2804
2022,03,金門縣,11904
2022,03,雲林縣,3948
2022,03,高雄市,245017
2022,04,南投縣,2304
2022,04,嘉義市,4864
2022,04,嘉義縣,6029
2022,04,基隆市,54326
2022,04,宜蘭縣,22681
2022,04,屏東縣,14390
2022,04,彰化縣,6086
2022,04,新北市,589260
2022,04,新竹市,18191
2022,04,新竹縣,7015
2022,04,桃園市,168817
2022,04,澎湖縣,5578
2022,04,臺中市,264455
2022,04,臺北市,792376
2022,04,臺南市,85397
2022,04,臺東縣,3274
2022,04,花蓮縣,3618
2022,04,苗栗縣,1260
2022,04,連江縣,2498
2022,04,金門縣,11520
2022,04,雲林縣,4756
2022,04,高雄市,233274
2022,05,南投縣,2501
2022,05,嘉義市,5014
2022,05,嘉義縣,4711
2022,05,基隆市,54890
2022,05,宜蘭縣,23523
2022,05,屏東縣,14025
2022,05,彰化縣,6215
2022,05,新北市,577152
2022,05,新竹市,18243
2022,05,新竹縣,8115
2022,05,桃園市,174565
2022,05,澎湖縣,5495
2022,05,臺中市,272879
2022,05,臺北市,775878
2022,05,臺南市,89226
2022,05,臺東縣,3719
2022,05,花蓮縣,3647
2022,05,苗栗縣,1302
2022,05,連江縣,2510
2022,05,金門縣,11904
2022,05,雲林縣,4863
2022,05,高雄市,242047
2022,06,南投縣,1470
2022,06,嘉義市,4854
2022,06,嘉義縣,4496
2022,06,基隆市,50831
2022,06,宜蘭縣,22572
2022,06,屏東縣,13117
2022,06,彰化縣,5577
2022,06,新北市,507435
2022,06,新竹市,17384
2022,06,新竹縣,7057
2022,06,桃園市,167676
2022,06,澎湖縣,5266
2022,06,臺中市,255860
2022,06,臺北市,726154
2022,06,臺南市,84648
2022,06,臺東縣,3716
2022,06,花蓮縣,3441
2022,06,苗栗縣,1260
2022,06,連江縣,2400
2022,06,金門縣,11520
2022,06,雲林縣,4714
2022,06,高雄市,220017
2022,07,南投縣,1516
2022,07,嘉義市,5146
2022,07,嘉義縣,4490
2022,07,基隆市,53371
2022,07,宜蘭縣,23626
2022,07,屏東縣,13290
2022,07,彰化縣,5148
2022,07,新北市,549988
2022,07,新竹市,17182
2022,07,新竹縣,7325
2022,07,桃園市,172523
2022,07,澎湖縣,4599
2022,07,臺中市,263721
2022,07,臺北市,774488
2022,07,臺南市,86839
2022,07,臺東縣,3234
2022,07,花蓮縣,3487
2022,07,苗栗縣,1302
2022,07,連江縣,2294
2022,07,金門縣,11966
2022,07,雲林縣,5043
2022,07,高雄市,221179
2022,08,南投縣,1599
2022,08,嘉義市,5134
2022,08,嘉義縣,4481
2022,08,基隆市,55086
2022,08,宜蘭縣,23461
2022,08,屏東縣,14389
2022,08,彰化縣,5322
2022,08,新北市,615728
2022,08,新竹市,17322
2022,08,新竹縣,7572
2022,08,桃園市,173716
2022,08,澎湖縣,4723
2022,08,臺中市,266517
2022,08,臺北市,839743
2022,08,臺南市,88071
2022,08,臺東縣,3516
2022,08,花蓮縣,3819
2022,08,苗栗縣,1302
2022,08,連江縣,2324
2022,08,金門縣,11904
2022,08,雲林縣,5045
2022,08,高雄市,223090
2022,09,南投縣,2904
2022,09,嘉義市,4854
2022,09,嘉義縣,4170
2022,09,基隆市,52744
2022,09,宜蘭縣,23176
2022,09,屏東縣,14786
2022,09,彰化縣,5591
2022,09,新北市,592648
2022,09,新竹市,17599
2022,09,新竹縣,7421
2022,09,桃園市,169286
2022,09,澎湖縣,5700
2022,09,臺中市,258300
2022,09,臺北市,803227
2022,09,臺南市,85596
2022,09,臺東縣,3804
2022,09,花蓮縣,3934
2022,09,苗栗縣,1260
2022,09,連江縣,2404
2022,09,金門縣,11520
2022,09,雲林縣,4903
2022,09,高雄市,228012
2022,10,南投縣,3001
2022,10,嘉義市,5026
2022,10,嘉義縣,4365
2022,10,基隆市,52718
2022,10,宜蘭縣,23692
2022,10,屏東縣,14813
2022,10,彰化縣,6072
2022,10,新北市,600787
2022,10,新竹市,16996
2022,10,新竹縣,7520
2022,10,桃園市,173468
2022,10,澎湖縣,5789
2022,10,臺中市,265121
2022,10,臺北市,820162
2022,10,臺南市,87501
2022,10,臺東縣,4117
2022,10,花蓮縣,4076
2022,10,苗栗縣,1302
2022,10,連江縣,1938
2022,10,金門縣,11904
2022,10,雲林縣,5079
2022,10,高雄市,232839
2022,11,南投縣,3172
2022,11,嘉義市,4848
2022,11,嘉義縣,3842
2022,11,基隆市,54603
2022,11,宜蘭縣,23179
2022,11,屏東縣,14528
2022,11,彰化縣,5880
2022,11,新北市,603289
2022,11,新竹市,16480
2022,11,新竹縣,7508
2022,11,桃園市,172370
2022,11,澎湖縣,5766
2022,11,臺中市,259832
2022,11,臺北市,821775
2022,11,臺南市,86844
2022,11,臺東縣,3921
2022,11,花蓮縣,4060
2022,11,苗栗縣,1260
2022,11,連江縣,2440
2022,11,金門縣,12741
2022,11,雲林縣,4888
2022,11,高雄市,220026
2022,12,南投縣,3155
2022,12,嘉義市,5014
2022,12,嘉義縣,3955
2022,12,基隆市,55849
2022,12,宜蘭縣,23787
2022,12,屏東縣,15209
2022,12,彰化縣,6071
2022,12,新北市,625786
2022,12,新竹市,17056
2022,12,新竹縣,7682
2022,12,桃園市,174462
2022,12,澎湖縣,5913
2022,12,臺中市,266758
2022,12,臺北市,841465
2022,12,臺南市,89064
2022,12,臺東縣,4070
2022,12,花蓮縣,4171
2022,12,苗栗縣,1302
2022,12,連江縣,2530
2022,12,金門縣,12741
2022,12,雲林縣,5069
2022,12,高雄市,226811
2023,01,南投縣,2035
2023,01,嘉義市,6748
2023,01,嘉義縣,3673
2023,01,基隆市,50642
2023,01,宜蘭縣,22985
2023,01,屏東縣,13650
2023,01,彰化縣,5416
2023,01,新北市,549324
2023,01,新竹市,15003
2023,01,新竹縣,6764
2023,01,桃園市,166665
2023,01,澎湖縣,5349
2023,01,臺中市,250259
2023,01,臺北市,755097
2023,01,臺南市,86980
2023,01,臺東縣,3519
2023,01,花蓮縣,3906
2023,01,苗栗縣,1302
2023,01,連江縣,2354
2023,01,金門縣,12741
2023,01,雲林縣,5124
2023,01,高雄市,217066
2023,02,南投縣,2045
2023,02,嘉義市,6172
2023,02,嘉義縣,3402
2023,02,基隆市,48584
2023,02,宜蘭縣,20978
2023,02,屏東縣,13423
2023,02,彰化縣,5270
2023,02,新北市,544115
2023,02,新竹市,14964
2023,02,新竹縣,6762
2023,02,桃園市,157012
2023,02,澎湖縣,4812
2023,02,臺中市,233339
2023,02,臺北市,720355
2023,02,臺南市,80225
2023,02,臺東縣,3474
2023,02,花蓮縣,3750
2023,02,苗栗縣,1176
2023,02,連江縣,2216
2023,02,金門縣,12006
2023,02,雲林縣,4623
2023,02,高雄市,202233
2023,03,南投縣,3453
2023,03,嘉義市,7420
2023,03,嘉義縣,4123
2023,03,基隆市,57529
2023,03,宜蘭縣,22926
2023,03,屏東縣,15673
2023,03,彰化縣,6385
2023,03,新北市,633505
2023,03,新竹市,17168
2023,03,新竹縣,7780
2023,03,桃園市,173924
2023,03,澎湖縣,6035
2023,03,臺中市,257006
2023,03,臺北市,819868
2023,03,臺南市,88798
2023,03,臺東縣,4394
2023,03,花蓮縣,4420
2023,03,苗栗縣,1302
2023,03,連江縣,3402
2023,03,金門縣,12741
2023,03,雲林縣,5079
2023,03,高雄市,225675
2023,04,南投縣,2763
2023,04,嘉義市,6678
2023,04,嘉義縣,3997
2023,04,基隆市,52483
2023,04,宜蘭縣,22396
2023,04,屏東縣,14416
2023,04,彰化縣,6165
2023,04,新北市,578081
2023,04,新竹市,16147
2023,04,新竹縣,6884
2023,04,桃園市,164559
2023,04,澎湖縣,5456
2023,04,臺中市,241884
2023,04,臺北市,748187
2023,04,臺南市,85700
2023,04,臺東縣,3808
2023,04,花蓮縣,4287
2023,04,苗栗縣,1260
2023,04,連江縣,3230
2023,04,金門縣,12330
2023,04,雲林縣,4944
2023,04,高雄市,207516
2023,05,南投縣,3440
2023,05,嘉義市,6870
2023,05,嘉義縣,4265
2023,05,基隆市,55832
2023,05,宜蘭縣,23417
2023,05,屏東縣,14931
2023,05,彰化縣,6480
2023,05,新北市,626236
2023,05,新竹市,17075
2023,05,新竹縣,7612
2023,05,桃園市,173076
2023,05,澎湖縣,6155
2023,05,臺中市,254212
2023,05,臺北市,801286
2023,05,臺南市,89427
2023,05,臺東縣,4263
2023,05,花蓮縣,4207
2023,05,苗栗縣,1302
2023,05,連江縣,3392
2023,05,金門縣,12741
2023,05,雲林縣,5067
2023,05,高雄市,219833
2023,06,南投縣,2879
2023,06,嘉義市,6654
2023,06,嘉義縣,4244
2023,06,基隆市,54336
2023,06,宜蘭縣,22457
2023,06,屏東縣,14500
2023,06,彰化縣,6139
2023,06,新北市,598345
2023,06,新竹市,16316
2023,06,新竹縣,7296
2023,06,桃園市,168474
2023,06,澎湖縣,5874
2023,06,臺中市,237979
2023,06,臺北市,754055
2023,06,臺南市,86186
2023,06,臺東縣,3912
2023,06,花蓮縣,4031
2023,06,苗栗縣,1260
2023,06,連江縣,2848
2023,06,金門縣,11460
2023,06,雲林縣,4918
2023,06,高雄市,208532
2023,07,南投縣,1770
2023,07,嘉義市,6786
2023,07,嘉義縣,4213
2023,07,基隆市,54570
2023,07,宜蘭縣,22553
2023,07,屏東縣,13072
2023,07,彰化縣,5948
2023,07,新北市,607507
2023,07,新竹市,15649
2023,07,新竹縣,7489
2023,07,桃園市,171654
2023,07,澎湖縣,4478
2023,07,臺中市,253835
2023,07,臺北市,770413
2023,07,臺南市,83709
2023,07,臺東縣,3267
2023,07,花蓮縣,3599
2023,07,苗栗縣,1302
2023,07,連江縣,2728
2023,07,金門縣,11842
2023,07,雲林縣,5014
2023,07,高雄市,202429
2023,08,南投縣,1947
2023,08,嘉義市,7030
2023,08,嘉義縣,4420
2023,08,基隆市,55778
2023,08,宜蘭縣,21882
2023,08,屏東縣,14060
2023,08,彰化縣,5913
2023,08,新北市,610693
2023,08,新竹市,15804
2023,08,新竹縣,7603
2023,08,桃園市,174762
2023,08,澎湖縣,4949
2023,08,臺中市,254367
2023,08,臺北市,777205
2023,08,臺南市,88689
2023,08,臺東縣,3216
2023,08,花蓮縣,4851
2023,08,苗栗縣,1302
2023,08,連江縣,2806
2023,08,金門縣,11842
2023,08,雲林縣,5052
2023,08,高雄市,209071
2023,09,南投縣,2933
2023,09,嘉義市,6233
2023,09,嘉義縣,4028
2023,09,基隆市,54952
2023,09,宜蘭縣,22227
2023,09,屏東縣,13561
2023,09,彰化縣,5947
2023,09,新北市,593103
2023,09,新竹市,16081
2023,09,新竹縣,7303
2023,09,桃園市,167903
2023,09,澎湖縣,5593
2023,09,臺中市,236951
2023,09,臺北市,756811
2023,09,臺南市,81074
2023,09,臺東縣,3864
2023,09,花蓮縣,4993
2023,09,苗栗縣,1260
2023,09,連江縣,2794
2023,09,金門縣,11020
2023,09,雲林縣,4772
2023,09,高雄市,203247
2023,10,南投縣,2918
2023,10,嘉義市,6976
2023,10,嘉義縣,4305
2023,10,基隆市,53344
2023,10,宜蘭縣,22168
2023,10,屏東縣,14467
2023,10,彰化縣,6253
2023,10,新北市,608175
2023,10,新竹市,16074
2023,10,新竹縣,7274
2023,10,桃園市,172464
2023,10,澎湖縣,5364
2023,10,臺中市,238151
2023,10,臺北市,781883
2023,10,臺南市,86384
2023,10,臺東縣,3879
2023,10,花蓮縣,4944
2023,10,苗栗縣,1302
2023,10,連江縣,2884
2023,10,金門縣,11400
2023,10,雲林縣,5108
2023,10,高雄市,209274
2023,11,南投縣,3173
2023,11,嘉義市,6988
2023,11,嘉義縣,4237
2023,11,基隆市,55518
2023,11,宜蘭縣,22400
2023,11,屏東縣,17976
2023,11,彰化縣,6322
2023,11,新北市,608540
2023,11,新竹市,15746
2023,11,新竹縣,7741
2023,11,桃園市,168667
2023,11,澎湖縣,5752
2023,11,臺中市,237845
2023,11,臺北市,808090
2023,11,臺南市,87205
2023,11,臺東縣,4122
2023,11,花蓮縣,5305
2023,11,苗栗縣,1260
2023,11,連江縣,2904
2023,11,金門縣,11400
2023,11,雲林縣,5012
2023,11,高雄市,210052
2023,12,南投縣,3102
2023,12,嘉義市,7256
2023,12,嘉義縣,4504
2023,12,基隆市,55444
2023,12,宜蘭縣,23025
2023,12,屏東縣,16524
2023,12,彰化縣,6503
2023,12,新北市,617468
2023,12,新竹市,16190
2023,12,新竹縣,7584
2023,12,桃園市,169449
2023,12,澎湖縣,5838
2023,12,臺中市,244687
2023,12,臺北市,784539
2023,12,臺南市,89910
2023,12,臺東縣,4117
2023,12,花蓮縣,5236
2023,12,苗栗縣,1302
2023,12,連江縣,2958
2023,12,金門縣,11532
2023,12,雲林縣,5185
2023,12,高雄市,215628
2024,01,南投縣,2452
2024,01,嘉義市,7227
2024,01,嘉義縣,4450
2024,01,基隆市,57692
2024,01,宜蘭縣,21974
2024,01,屏東縣,17326
2024,01,彰化縣,6223
2024,01,新北市,621000
2024,01,新竹市,16052
2024,01,新竹縣,7887
2024,01,桃園市,149717
2024,01,澎湖縣,5424
2024,01,臺中市,245052
2024,01,臺北市,825859
2024,01,臺南市,89899
2024,01,臺東縣,4291
2024,01,花蓮縣,6427
2024,01,苗栗縣,1302
2024,01,連江縣,2924
2024,01,金門縣,11610
2024,01,雲林縣,5298
2024,01,高雄市,213294
2024,02,南投縣,1893
2024,02,嘉義市,6505
2024,02,嘉義縣,4043
2024,02,基隆市,50176
2024,02,宜蘭縣,19035
2024,02,屏東縣,9381
2024,02,彰化縣,5727
2024,02,新北市,518358
2024,02,新竹市,13702
2024,02,新竹縣,6710
2024,02,桃園市,133945
2024,02,澎湖縣,5133
2024,02,臺中市,218613
2024,02,臺北市,706929
2024,02,臺南市,83198
2024,02,臺東縣,3513
2024,02,花蓮縣,5048
2024,02,苗栗縣,1218
2024,02,連江縣,2628
2024,02,金門縣,10672
2024,02,雲林縣,5063
2024,02,高雄市,193565
2024,03,南投縣,3178
2024,03,嘉義市,8681
2024,03,嘉義縣,4580
2024,03,基隆市,56826
2024,03,宜蘭縣,21612
2024,03,屏東縣,17677
2024,03,彰化縣,6456
2024,03,新北市,604887
2024,03,新竹市,16811
2024,03,新竹縣,8039
2024,03,桃園市,145915
2024,03,澎湖縣,5993
2024,03,臺中市,241517
2024,03,臺北市,816646
2024,03,臺南市,91158
2024,03,臺東縣,4486
2024,03,花蓮縣,6529
2024,03,苗栗縣,1302
2024,03,連江縣,2944
2024,03,金門縣,11408
2024,03,雲林縣,5352
2024,03,高雄市,215655
