日期,農曆,白肉雞(2.0Kg以上),白肉雞(1.75-1.95Kg),白肉雞(門市價高屏),雞蛋(產地價),雞蛋(大運輸價)
2018/1/1,十五,30,30,31.5,,24.5
2018/1/2,十六,30.3,30.3,31.8,,24.5
2018/1/3,十七,30.3,30.3,31.8,,26.5
2018/1/4,十八,30.3,30.3,31.8,,26.5
2018/1/5,小寒,30.3,30.3,31.8,,26.5
2018/1/6,二十,30.3,30.3,31.8,,26.5
2018/1/7,廿一,30.3,30.3,31.8,,26.5
2018/1/8,廿二,30.3,30.3,31.8,,26.5
2018/1/9,廿三,30.3,30.3,31.8,,26.5
2018/1/10,廿四,30.3,30.3,31.8,,26.5
2018/1/11,廿五,30.3,30.3,31.8,,26.5
2018/1/12,廿六,30.3,30.3,31.8,,26.5
2018/1/13,廿七,30.3,30.3,31.8,,26.5
2018/1/14,廿八,30.3,30.3,31.8,,26.5
2018/1/15,廿九,30.3,30.3,31.8,,26.5
2018/1/16,三十,30.3,30.3,31.8,,26.5
2018/1/17,十二月,30.3,30.3,31.8,,28.5
2018/1/18,初二,30.5,30.5,32,,28.5
2018/1/19,初三,30.5,30.5,32,,28.5
2018/1/20,大寒,30.5,30.5,32,,28.5
2018/1/21,初五,30.5,30.5,32,,28.5
2018/1/22,初六,30.5,30.5,32,,28.5
2018/1/23,初七,30.5,30.5,32,,28.5
2018/1/24,初八,30.8,30.8,32.3,,28.5
2018/1/25,初九,30.8,30.8,32.3,,28.5
2018/1/26,初十,30.8,30.8,32.3,,28.5
2018/1/27,十一,30.8,30.8,32.3,,28.5
2018/1/28,十二,30.8,30.8,32.3,,28.5
2018/1/29,十三,30.8,30.8,32.3,,28.5
2018/1/30,十四,30.8,30.8,32.3,,26.5
2018/1/31,十三,30.8,30.8,32.3,,26.5
2018/2/1,十六,30.8,30.8,32.3,,26.5
2018/2/2,十七,30.8,30.8,32.3,,26.5
2018/2/3,十八,30.8,30.8,32.3,,26.5
2018/2/4,立春,30.8,30.8,32.3,,26.5
2018/2/5,二十,31,31,32.5,,26.5
2018/2/6,廿一,31,31,32.5,,23.5
2018/2/7,廿二,31,31,32.5,,20.5
2018/2/8,廿三,31,31,32.5,,20.5
2018/2/9,廿四,31,31,32.5,,20.5
2018/2/10,廿五,31,31,32.5,,20.5
2018/2/11,廿六,31,31,32.5,,20.5
2018/2/12,廿七,31,31,32.5,,20.5
2018/2/13,廿八,31,31,32.5,,20.5
2018/2/14,廿九,休市,休市,休市,,20.5
2018/2/15,除夕,休市,休市,休市,,20.5
2018/2/16,正月,休市,休市,休市,,20.5
2018/2/17,初二,休市,休市,休市,,20.5
2018/2/18,初三,休市,休市,休市,,20.5
2018/2/19,雨水,休市,休市,休市,,20.5
2018/2/20,初五,31.3,31.3,32.8,,20.5
2018/2/21,初六,31.3,31.3,32.8,,20.5
2018/2/22,初七,31.3,31.3,32.8,,26.5
2018/2/23,初八,31.3,31.3,32.8,,26.5
2018/2/24,初九,31.3,31.3,32.8,,26.5
2018/2/25,初十,31.3,31.3,32.8,,26.5
2018/2/26,十一,31.3,31.3,32.8,,26.5
2018/2/27,十二,31.3,31.3,32.8,,26.5
2018/2/28,十三,31.3,31.3,32.8,,26.5
2018/3/1,十四,31.3,31.3,32.8,,26.5
2018/3/2,十五,31.3,31.3,32.8,,26.5
2018/3/3,十六,31.3,31.3,32.8,,26.5
2018/3/4,十七,31.3,31.3,32.8,,26.5
2018/3/5,驚蜇,31.3,31.3,32.8,,26.5
2018/3/6,十九,31,31,32.5,,23.5
2018/3/7,二十,31,31,32.5,,23.5
2018/3/8,廿一,31,31,32.5,,23.5
2018/3/9,廿二,31,31,32.5,,23.5
2018/3/10,廿三,31,31,32.5,,23.5
2018/3/11,廿四,31,31,32.5,,23.5
2018/3/12,廿五,31,31,32.5,,23.5
2018/3/13,廿六,31,31,32.5,,21.5
2018/3/14,廿七,31,31,32.5,,21.5
2018/3/15,廿八,31,31,32.5,,21.5
2018/3/16,廿九,31,31,32.5,,21.5
2018/3/17,二月,31,31,32.5,,21.5
2018/3/18,初二,31,31,32.5,,21.5
2018/3/19,初三,31,31,32.5,,21.5
2018/3/20,初四,31,31,32.5,,21.5
2018/3/21,春分,31,31,32.5,,21.5
2018/3/22,初六,31,31,32.5,,21.5
2018/3/23,初七,31,31,32.5,,21.5
2018/3/24,初八,31,31,32.5,,21.5
2018/3/25,初九,31,31,32.5,,21.5
2018/3/26,初十,31,31,32.5,,21.5
2018/3/27,十一,31,31,32.5,,21.5
2018/3/28,十二,31,31,32.5,,24.5
2018/3/29,十三,31,31,32.5,,24.5
2018/3/30,十四,30.8,30.8,32.3,,24.5
2018/3/31,十五,30.8,30.8,32.3,,24.5
2018/4/1,十六,30.8,30.8,32.3,,24.5
2018/4/2,十七,30.8,30.8,32.3,,24.5
2018/4/3,十八,30.8,30.8,32.3,,24.5
2018/4/4,十九,30.8,30.8,32.3,,24.5
2018/4/5,清明,30.8,30.8,32.3,,24.5
2018/4/6,廿一,30.8,30.8,32.3,,24.5
2018/4/7,廿二,30.8,30.8,32.3,,24.5
2018/4/8,廿三,30.8,30.8,32.3,,24.5
2018/4/9,廿四,30.8,30.8,32.3,,24.5
2018/4/10,廿五,30.8,30.8,32.3,,24.5
2018/4/11,廿六,30.8,30.8,32.3,,26.5
2018/4/12,廿七,30.8,30.8,32.3,,26.5
2018/4/13,廿八,30.8,30.8,32.3,,26.5
2018/4/14,廿九,30.8,30.8,32.3,,26.5
2018/4/15,三十,30.8,30.8,32.3,,26.5
2018/4/16,三月,30.8,30.8,32.3,,26.5
2018/4/17,初二,30.5,30.5,32,,26.5
2018/4/18,初三,30.5,30.5,32,,26.5
2018/4/19,初四,30.5,30.5,32,,26.5
2018/4/20,穀雨,30.5,30.5,32,,26.5
2018/4/21,初六,30.5,30.5,32,,26.5
2018/4/22,初七,30.5,30.5,32,,26.5
2018/4/23,初八,30.5,30.5,32,,26.5
2018/4/24,初九,30.5,30.5,32,,26.5
2018/4/25,初十,30.5,30.5,32,,26.5
2018/4/26,十一,30.8,30.8,32.3,,26.5
2018/4/27,十二,30.8,30.8,32.3,,26.5
2018/4/28,十三,30.8,30.8,32.3,,26.5
2018/4/29,十四,30.8,30.8,32.3,,26.5
2018/4/30,十五,30.8,30.8,32.3,,26.5
2018/5/1,十六,30.8,30.8,32.3,,26.5
2018/5/2,十七,30.8,30.8,32.3,,26.5
2018/5/3,十八,30.8,30.8,32.3,,26.5
2018/5/4,十九,30.8,30.8,32.3,,26.5
2018/5/5,立夏,30.8,30.8,32.3,,26.5
2018/5/6,廿一,30.8,30.8,32.3,,26.5
2018/5/7,廿二,30.8,30.8,32.3,,26.5
2018/5/8,廿三,30.8,30.8,32.3,,26.5
2018/5/9,廿四,30.8,30.8,32.3,,28.5
2018/5/10,廿五,30.8,30.8,32.3,,28.5
2018/5/11,廿六,30.5,30.5,32,,28.5
2018/5/12,廿七,30.5,30.5,32,,28.5
2018/5/13,廿八,30.5,30.5,32,,28.5
2018/5/14,廿九,30.5,30.5,32,,28.5
2018/5/15,四月,30.5,30.5,32,,28.5
2018/5/16,初二,30.5,30.5,32,,28.5
2018/5/17,初三,30.5,30.5,32,,28.5
2018/5/18,初四,30.3,30.3,31.8,,28.5
2018/5/19,初五,30.3,30.3,31.8,,28.5
2018/5/20,初六,30.3,30.3,31.8,,28.5
2018/5/21,小滿,30.3,30.3,31.8,,28.5
2018/5/22,初八,30.3,30.3,31.8,,28.5
2018/5/23,初九,30.3,30.3,31.8,,28.5
2018/5/24,初十,30.3,30.3,31.8,,28.5
2018/5/25,十一,30.3,30.3,31.8,,28.5
2018/5/26,十二,30.3,30.3,31.8,,28.5
2018/5/27,十三,30.3,30.3,31.8,,28.5
2018/5/28,十四,30.3,30.3,31.8,,28.5
2018/5/29,十五,30.3,30.3,31.8,,26.5
2018/5/30,十六,30.3,30.3,31.8,,26.5
2018/5/31,十七,30.3,30.3,31.8,,26.5
2018/6/1,十八,30.3,30.3,31.8,,26.5
2018/6/2,十九,30.3,30.3,31.8,,26.5
2018/6/3,二十,30.3,30.3,31.8,,26.5
2018/6/4,廿一,30.3,30.3,31.8,,26.5
2018/6/5,廿二,30.3,30.3,31.8,,26.5
2018/6/6,芒種,30.3,30.3,31.8,,26.5
2018/6/7,廿四,30.3,30.3,31.8,,26.5
2018/6/8,廿五,30.3,30.3,31.8,,26.5
2018/6/9,廿六,30.3,30.3,31.8,,26.5
2018/6/10,廿七,30.3,30.3,31.8,,26.5
2018/6/11,廿八,30.3,30.3,31.8,,26.5
2018/6/12,廿九,30,30,31.5,,26.5
2018/6/13,三十,30,30,31.5,,26.5
2018/6/14,五月,30,30,31.5,,26.5
2018/6/15,初二,30,30,31.5,,26.5
2018/6/16,初三,30,30,31.5,,26.5
2018/6/17,初四,30,30,31.5,,26.5
2018/6/18,端午節,30,30,31.5,,26.5
2018/6/19,初六,30,30,31.5,,24.5
2018/6/20,初七,30,30,31.5,,24.5
2018/6/21,夏至,29.8,29.8,31.3,,24.5
2018/6/22,初九,29.8,29.8,31.3,,27.5
2018/6/23,初十,29.8,29.8,31.3,,27.5
2018/6/24,十一,29.8,29.8,31.3,,27.5
2018/6/25,十二,29.8,29.8,31.3,,27.5
2018/6/26,十三,29.5,29.5,31,,27.5
2018/6/27,十四,29.5,29.5,31,,27.5
2018/6/28,十五,29.5,29.5,31,,27.5
2018/6/29,十六,29.5,29.5,31,,27.5
2018/6/30,十七,29.3,29.3,30.8,,27.5
2018/7/1,十八,29.3,29.3,30.8,,27.5
2018/7/2,十九,29.3,29.3,30.8,,27.5
2018/7/3,二十,29.3,29.3,30.8,,27.5
2018/7/4,廿一,29.3,29.3,30.8,,27.5
2018/7/5,廿二,29,29,30.5,,27.5
2018/7/6,廿三,29,29,30.5,,27.5
2018/7/7,小暑,29,29,30.5,,27.5
2018/7/8,廿五,29,29,30.5,,27.5
2018/7/9,廿六,29,29,30.5,,27.5
2018/7/10,廿七,29,29,30.5,,27.5
2018/7/11,廿八,29,29,30.5,,27.5
2018/7/12,廿九,28.8,28.8,30.3,,27.5
2018/7/13,六月,28.8,28.8,30.3,,27.5
2018/7/14,初二,28.8,28.8,30.3,,27.5
2018/7/15,初三,28.8,28.8,30.3,,27.5
2018/7/16,初四,28.8,28.8,30.3,,27.5
2018/7/17,初五,28.8,28.8,30.3,,27.5
2018/7/18,初六,28.8,28.8,30.3,,29.5
2018/7/19,初七,28.8,28.8,30.3,,29.5
2018/7/20,初八,28.8,28.8,30.3,,29.5
2018/7/21,初九,28.8,28.8,30.3,,29.5
2018/7/22,初十,28.8,28.8,30.3,,29.5
2018/7/23,大暑,28.8,28.8,30.3,,29.5
2018/7/24,十二,28.5,28.5,30,,29.5
2018/7/25,十三,28.5,28.5,30,,29.5
2018/7/26,十四,28.5,28.5,30,,29.5
2018/7/27,十五,28.5,28.5,30,,29.5
2018/7/28,十六,28.5,28.5,30,,29.5
2018/7/29,十七,28.5,28.5,30,,29.5
2018/7/30,十八,28.5,28.5,30,,29.5
2018/7/31,十九,28.5,28.5,30,,29.5
2018/8/1,二十,28.3,28.3,29.8,,29.5
2018/8/2,廿一,28.3,28.3,29.8,,29.5
2018/8/3,廿二,28.3,28.3,29.8,,29.5
2018/8/4,廿三,28.3,28.3,29.8,,29.5
2018/8/5,廿四,28.3,28.3,29.8,,29.5
2018/8/6,廿五,28.3,28.3,29.8,,29.5
2018/8/7,廿六,28.3,28.3,29.8,,29.5
2018/8/8,廿七,28,28,29.5,,31.5
2018/8/9,廿八,28,28,29.5,,31.5
2018/8/10,廿九,27.8,27.8,29.3,,31.5
2018/8/11,初一,27.8,27.8,29.3,,31.5
2018/8/12,初二,27.8,27.8,29.3,,31.5
2018/8/13,初三,27.8,27.8,29.3,,31.5
2018/8/14,初四,27.8,27.8,29.3,,31.5
2018/8/15,初五,27.8,27.8,29.3,,31.5
2018/8/16,初六,27.5,27.5,29,,31.5
2018/8/17,初七,27.5,27.5,29,,31.5
2018/8/18,初八,27.5,27.5,29,,31.5
2018/8/19,初九,27.5,27.5,29,,31.5
2018/8/20,初十,27.5,27.5,29,,31.5
2018/8/21,十一,27.3,27.3,28.8,,31.5
2018/8/22,十二,27.3,27.3,28.8,,31.5
2018/8/23,處暑,27.3,27.3,28.8,,31.5
2018/8/24,十四,27.3,27.3,28.8,,31.5
2018/8/25,中元節,27.3,27.3,28.8,,31.5
2018/8/26,十六,27.3,27.3,28.8,,31.5
2018/8/27,十七,27.3,27.3,28.8,,31.5
2018/8/28,十八,27.3,27.3,28.8,,31.5
2018/8/29,十九,27.3,27.3,28.8,,31.5
2018/8/30,二十,27.3,27.3,28.8,,31.5
2018/8/31,廿一,27,27,28.5,,31.5
2018/9/1,廿二,27,27,28.5,,31.5
2018/9/2,廿三,27,27,28.5,,31.5
2018/9/3,廿四,27,27,28.5,,31.5
2018/9/4,廿五,27,27,28.5,,31.5
2018/9/5,廿六,27,27,28.5,,33.5
2018/9/6,廿七,26.8,26.8,28.3,,33.5
2018/9/7,廿八,26.8,26.8,28.3,,33.5
2018/9/8,白露,26.8,26.8,28.3,,33.5
2018/9/9,三十,26.8,26.8,28.3,,33.5
2018/9/10,八月,26.8,26.8,28.3,,33.5
2018/9/11,初二,26.8,26.8,28.3,,33.5
2018/9/12,初三,26.8,26.8,28.3,,33.5
2018/9/13,初四,26.5,26.5,28,,33.5
2018/9/14,初五,26.5,26.5,28,,33.5
2018/9/15,初六,26.5,26.5,28,,33.5
2018/9/16,初七,26.5,26.5,28,,33.5
2018/9/17,初八,26.5,26.5,28,,33.5
2018/9/18,初九,26.5,26.5,28,,33.5
2018/9/19,初十,26.5,26.5,28,,33.5
2018/9/20,十一,26.5,26.5,28,,33.5
2018/9/21,十二,26.3,26.3,27.8,,33.5
2018/9/22,十三,26.3,26.3,27.8,,33.5
2018/9/23,秋分,26.3,26.3,27.8,,33.5
2018/9/24,中秋節,26.3,26.3,27.8,,33.5
2018/9/25,十六,26.3,26.3,27.8,,33.5
2018/9/26,十七,26.3,26.3,27.8,,33.5
2018/9/27,十八,26.3,26.3,27.8,,33.5
2018/9/28,十九,26,26,27.5,,33.5
2018/9/29,二十,26,26,27.5,,33.5
2018/9/30,廿一,26,26,27.5,,33.5
2018/10/1,廿二,26,26,27.5,,33.5
2018/10/2,廿三,26,26,27.5,,33.5
2018/10/3,廿四,25.8,25.8,27.3,,33.5
2018/10/4,廿五,25.8,25.8,27.3,,33.5
2018/10/5,廿六,25.5,25.5,27,,33.5
2018/10/6,廿七,25.5,25.5,27,,33.5
2018/10/7,廿八,25.5,25.5,27,,33.5
2018/10/8,寒霜,25.5,25.5,27,,33.5
2018/10/9,九月,25.5,25.5,27,,33.5
2018/10/10,初二,25.5,25.5,27,,33.5
2018/10/11,初三,25.5,25.5,27,,33.5
2018/10/12,初四,25.3,25.3,26.8,,33.5
2018/10/13,初五,25.3,25.3,26.8,,33.5
2018/10/14,初六,25.3,25.3,26.8,,33.5
2018/10/15,初七,25.3,25.3,26.8,,33.5
2018/10/16,初八,25.3,25.3,26.8,,33.5
2018/10/17,重陽,25.3,25.3,26.8,,33.5
2018/10/18,初十,25.3,25.3,26.8,,33.5
2018/10/19,十一,25.3,25.3,26.8,,33.5
2018/10/20,十二,25.3,25.3,26.8,,33.5
2018/10/21,十三,25.3,25.3,26.8,,33.5
2018/10/22,十四,25.3,25.3,26.8,,33.5
2018/10/23,霜降,25.3,25.3,26.8,,33.5
2018/10/24,十六,25.3,25.3,26.8,,33.5
2018/10/25,十七,25.3,25.3,26.8,,33.5
2018/10/26,十八,25.3,25.3,26.8,,33.5
2018/10/27,十九,25.3,25.3,26.8,,33.5
2018/10/28,二十,25.3,25.3,26.8,,33.5
2018/10/29,廿一,25.3,25.3,26.8,,33.5
2018/10/30,廿二,25,25,26.5,,33.5
2018/10/31,廿三,25,25,26.5,,33.5
2018/11/1,廿四,25,25,26.5,,33.5
2018/11/2,廿五,25,25,26.5,,33.5
2018/11/3,廿六,25,25,26.5,,33.5
2018/11/4,廿七,25,25,26.5,,33.5
2018/11/5,廿八,25,25,26.5,,33.5
2018/11/6,廿九,25,25,26.5,,33.5
2018/11/7,立冬,24.8,24.8,26.3,,33.5
2018/11/8,十月,24.8,24.8,26.3,,33.5
2018/11/9,初二,24.8,24.8,26.3,,33.5
2018/11/10,初三,24.8,24.8,26.3,,33.5
2018/11/11,初四,24.8,24.8,26.3,,33.5
2018/11/12,初五,24.8,24.8,26.3,,33.5
2018/11/13,初六,24.5,24.5,26,,33.5
2018/11/14,初七,24.5,24.5,26,,33.5
2018/11/15,初八,24.5,24.5,26,,33.5
2018/11/16,初九,24.3,24.3,25.8,,33.5
2018/11/17,初十,24.3,24.3,25.8,,33.5
2018/11/18,十一,24.3,24.3,25.8,,33.5
2018/11/19,十二,24.3,24.3,25.8,,33.5
2018/11/20,十三,24.3,24.3,25.8,,33.5
2018/11/21,十三,24.3,24.3,25.8,,33.5
2018/11/22,小雪,24.3,24.3,25.8,,33.5
2018/11/23,十六,24.3,24.3,25.8,,33.5
2018/11/24,十七,24.3,24.3,25.8,,33.5
2018/11/25,十八,24.3,24.3,25.8,,33.5
2018/11/26,十九,24.3,24.3,25.8,,33.5
2018/11/27,二十,24.3,24.3,25.8,,33.5
2018/11/28,廿一,24,24,25.5,,33.5
2018/11/29,廿二,24,24,25.5,,33.5
2018/11/30,廿三,24,24,25.5,,33.5
2018/12/1,廿四,24,24,25.5,,33.5
2018/12/2,廿五,24,24,25.5,,33.5
2018/12/3,廿六,24,24,25.5,,33.5
2018/12/4,廿七,24,24,25.5,,33.5
2018/12/5,廿八,24,24,25.5,,33.5
2018/12/6,廿九,24,24,25.5,,33.5
2018/12/7,大雪,24.3,24.3,25.8,,33.5
2018/12/8,初二,24.3,24.3,25.8,,33.5
2018/12/9,初三,24.3,24.3,25.8,,33.5
2018/12/10,初四,24.3,24.3,25.8,,33.5
2018/12/11,初五,24.3,24.3,25.8,,33.5
2018/12/12,初六,24,24,25.5,,33.5
2018/12/13,初七,24,24,25.5,,33.5
2018/12/14,初八,24,24,25.5,,33.5
2018/12/15,初九,24,24,25.5,,33.5
2018/12/16,初十,24,24,25.5,,33.5
2018/12/17,十一,24,24,25.5,,33.5
2018/12/18,十二,24,24,25.5,,33.5
2018/12/19,十三,24,24,25.5,,33.5
2018/12/20,十四,24,24,25.5,,33.5
2018/12/21,十五,24,24,25.5,,33.5
2018/12/22,冬至,24,24,25.5,,33.5
2018/12/23,十七,24,24,25.5,,33.5
2018/12/24,十八,24,24,25.5,,33.5
2018/12/25,十九,24,24,25.5,,33.5
2018/12/26,二十,24,24,25.5,,33.5
2018/12/27,廿一,24,24,25.5,,33.5
2018/12/28,廿二,24,24,25.5,,33.5
2018/12/29,廿三,24,24,25.5,,33.5
2018/12/30,廿四,24,24,25.5,,33.5
2018/12/31,廿五,24,24,25.5,,33.5
2019/1/1,廿六,24,24,25.5,,33.5
2019/1/2,廿七,24,24,25.5,,33.5
2019/1/3,廿八,24,24,25.5,,33.5
2019/1/4,廿九,24,24,25.5,,33.5
2019/1/5,小寒,24,24,25.5,,33.5
2019/1/6,十二月,24,24,25.5,,33.5
2019/1/7,初二,24,24,25.5,,33.5
2019/1/8,初三,24.3,24.3,25.8,,33.5
2019/1/9,初四,24.3,24.3,25.8,,36.5
2019/1/10,初五,24.3,24.3,25.8,,36.5
2019/1/11,初六,24.3,24.3,25.8,,36.5
2019/1/12,初七,24.3,24.3,25.8,,36.5
2019/1/13,初八,24.3,24.3,25.8,,36.5
2019/1/14,初九,24.5,24.5,26,,36.5
2019/1/15,初十,24.5,24.5,26,,36.5
2019/1/16,十一,24.5,24.5,26,,36.5
2019/1/17,十二,24.8,24.8,26.3,,36.5
2019/1/18,十三,24.8,24.8,26.3,,36.5
2019/1/19,十四,24.8,24.8,26.3,,36.5
2019/1/20,大寒,24.8,24.8,26.3,,36.5
2019/1/21,十六,24.8,24.8,26.3,,36.5
2019/1/22,十七,24.8,24.8,26.3,,34.5
2019/1/23,十八,24.8,24.8,26.3,,34.5
2019/1/24,十九,24.8,24.8,26.3,,34.5
2019/1/25,二十,24.8,24.8,26.3,,34.5
2019/1/26,廿一,24.8,24.8,26.3,,34.5
2019/1/27,廿二,24.8,24.8,26.3,,34.5
2019/1/28,廿三,24.8,24.8,26.3,,34.5
2019/1/29,廿四,24.8,24.8,26.3,,32.5
2019/1/30,廿五,24.8,24.8,26.3,,30.5
2019/1/31,廿六,24.8,24.8,26.3,,30.5
2019/2/1,廿七,24.8,24.8,26.3,,30.5
2019/2/2,廿八,休市,休市,休市,,30.5
2019/2/3,廿九,休市,休市,休市,,30.5
2019/2/4,除夕,休市,休市,休市,,30.5
2019/2/5,正月,休市,休市,休市,,30.5
2019/2/6,初二,休市,休市,休市,,30.5
2019/2/7,初三,24.8,24.8,26.3,,30.5
2019/2/8,初四,24.8,24.8,26.3,,30.5
2019/2/9,初五,24.8,24.8,26.3,,30.5
2019/2/10,初六,24.8,24.8,26.3,,30.5
2019/2/11,初七,25,25,26.5,,36.5
2019/2/12,初八,25,25,26.5,,36.5
2019/2/13,初九,25,25,26.5,,36.5
2019/2/14,初十,25,25,26.5,,36.5
2019/2/15,十一,25.3,25.3,26.8,,36.5
2019/2/16,十二,25.3,25.3,26.8,,36.5
2019/2/17,十三,25.3,25.3,26.8,,36.5
2019/2/18,十四,25.3,25.3,26.8,,36.5
2019/2/19,雨水,25.3,25.3,26.8,,36.5
2019/2/20,十六,25.3,25.3,26.8,,36.5
2019/2/21,十七,25.5,25.5,27,,36.5
2019/2/22,十八,25.5,25.5,27,,36.5
2019/2/23,十九,25.5,25.5,27,,36.5
2019/2/24,二十,25.5,25.5,27,,36.5
2019/2/25,廿一,25.5,25.5,27,,36.5
2019/2/26,廿二,25.5,25.5,27,,36.5
2019/2/27,廿三,25.5,25.5,27,,36.5
2019/2/28,廿四,25.5,25.5,27,,36.5
2019/3/1,廿五,25.5,25.5,27,,36.5
2019/3/2,廿六,25.5,25.5,27,,36.5
2019/3/3,廿七,25.5,25.5,27,,36.5
2019/3/4,廿八,25.5,25.5,27,,36.5
2019/3/5,廿九,25.5,25.5,27,,36.5
2019/3/6,驚蟄,25.5,25.5,27,,36.5
2019/3/7,二月,25.5,25.5,27,,36.5
2019/3/8,初二,25.3,25.3,26.8,,36.5
2019/3/9,初三,25.3,25.3,26.8,,36.5
2019/3/10,初四,25.3,25.3,26.8,,36.5
2019/3/11,初五,25.3,25.3,26.8,,36.5
2019/3/12,初六,25.3,25.3,26.8,,36.5
2019/3/13,初七,25.3,25.3,26.8,,36.5
2019/3/14,初八,25.3,25.3,26.8,,36.5
2019/3/15,初九,25.3,25.3,26.8,,36.5
2019/3/16,初十,25.3,25.3,26.8,,36.5
2019/3/17,十一,25.3,25.3,26.8,,36.5
2019/3/18,十二,25.3,25.3,26.8,,36.5
2019/3/19,十三,25.3,25.3,26.8,,36.5
2019/3/20,十四,25.3,25.3,26.8,,36.5
2019/3/21,春分,25.3,25.3,26.8,,36.5
2019/3/22,十六,25.3,25.3,26.8,,36.5
2019/3/23,十七,25.3,25.3,26.8,,36.5
2019/3/24,十八,25.3,25.3,26.8,,36.5
2019/3/25,十九,25.3,25.3,26.8,,36.5
2019/3/26,二十,25.3,25.3,26.8,,33.5
2019/3/27,廿一,25.3,25.3,26.8,,33.5
2019/3/28,廿二,25.3,25.3,26.8,,33.5
2019/3/29,廿三,25.3,25.3,26.8,,33.5
2019/3/30,廿三,25.3,25.3,26.8,,33.5
2019/3/31,廿五,25.3,25.3,26.8,,33.5
2019/4/1,廿六,25.3,25.3,26.8,,33.5
2019/4/2,廿七,25.3,25.3,26.8,,33.5
2019/4/3,廿八,25.3,25.3,26.8,,33.5
2019/4/4,廿九,25.3,25.3,26.8,,33.5
2019/4/5,三月,25.3,25.3,26.8,,33.5
2019/4/6,初二,25.3,25.3,26.8,,33.5
2019/4/7,初三,25.3,25.3,26.8,,33.5
2019/4/8,初四,25.5,25.5,27,,33.5
2019/4/9,初五,25.5,25.5,27,,31.5
2019/4/10,初六,25.5,25.5,27,,31.5
2019/4/11,初七,25.8,25.8,27.3,,31.5
2019/4/12,初八,25.8,25.8,27.3,,31.5
2019/4/13,初九,25.8,25.8,27.3,,31.5
2019/4/14,初十,25.8,25.8,27.3,,31.5
2019/4/15,十一,25.8,25.8,27.3,,31.5
2019/4/16,十二,25.8,25.8,27.3,,28.5
2019/4/17,十三,25.8,25.8,27.3,,28.5
2019/4/18,十四,25.8,25.8,27.3,,28.5
2019/4/19,十五,25.8,25.8,27.3,,28.5
2019/4/20,穀雨,25.8,25.8,27.3,,28.5
2019/4/21,十七,25.8,25.8,27.3,,28.5
2019/4/22,十八,25.8,25.8,27.3,,28.5
2019/4/23,十九,25.8,25.8,27.3,,28.5
2019/4/24,二十,25.8,25.8,27.3,,28.5
2019/4/25,廿一,26,26,27.5,,28.5
2019/4/26,廿二,26,26,27.5,,28.5
2019/4/27,廿三,26,26,27.5,,28.5
2019/4/28,廿四,26,26,27.5,,28.5
2019/4/29,廿五,26,26,27.5,,28.5
2019/4/30,廿六,26,26,27.5,,26.5
2019/5/1,廿七,26,26,27.5,,26.5
2019/5/2,廿八,26,26,27.5,,26.5
2019/5/3,廿九,26.3,26.3,27.8,,26.5
2019/5/4,三十,26.3,26.3,27.8,,26.5
2019/5/5,四月,26.3,26.3,27.8,,26.5
2019/5/6,立夏,26.3,26.3,27.8,,26.5
2019/5/7,初三,26.3,26.3,27.8,,26.5
2019/5/8,初四,26.3,26.3,27.8,,26.5
2019/5/9,初五,26.5,26.5,28,,26.5
2019/5/10,初六,26.5,26.5,28,,26.5
2019/5/11,初七,26.5,26.5,28,,26.5
2019/5/12,初八,26.5,26.5,28,,26.5
2019/5/13,初九,26.5,26.5,28,,26.5
2019/5/14,初十,26.5,26.5,28,,26.5
2019/5/15,十一,26.5,26.5,28,,26.5
2019/5/16,十二,26.8,26.8,28.3,,26.5
2019/5/17,十三,26.8,26.8,28.3,,26.5
2019/5/18,十四,26.8,26.8,28.3,,26.5
2019/5/19,十五,26.8,26.8,28.3,,26.5
2019/5/20,十六,26.8,26.8,28.3,,26.5
2019/5/21,小滿,26.8,26.8,28.3,,26.5
2019/5/22,十八,26.8,26.8,28.3,,26.5
2019/5/23,十九,26.8,26.8,28.3,,26.5
2019/5/24,二十,26.8,26.8,28.3,,26.5
2019/5/25,廿一,26.8,26.8,28.3,,26.5
2019/5/26,廿二,26.8,26.8,28.3,,26.5
2019/5/27,廿三,26.8,26.8,28.3,,26.5
2019/5/28,廿四,26.8,26.8,28.3,,26.5
2019/5/29,廿五,26.8,26.8,28.3,,26.5
2019/5/30,廿六,26.8,26.8,28.3,,26.5
2019/5/31,廿七,26.8,26.8,28.3,,26.5
2019/6/1,廿八,26.8,26.8,28.3,,26.5
2019/6/2,廿九,26.8,26.8,28.3,,26.5
2019/6/3,五月,26.8,26.8,28.3,,26.5
2019/6/4,初二,26.8,26.8,28.3,,24.5
2019/6/5,初三,26.8,26.8,28.3,,24.5
2019/6/6,芒種,26.8,26.8,28.3,,24.5
2019/6/7,端午,26.8,26.8,28.3,,24.5
2019/6/8,初六,26.8,26.8,28.3,,24.5
2019/6/9,初七,26.8,26.8,28.3,,24.5
2019/6/10,初八,26.8,26.8,28.3,,24.5
2019/6/11,初九,26.8,26.8,28.3,,22.5
2019/6/12,初十,26.5,26.5,28,,22.5
2019/6/13,十一,26.5,26.5,28,,22.5
2019/6/14,十二,26.5,26.5,28,,22.5
2019/6/15,十三,26.5,26.5,28,,22.5
2019/6/16,十四,26.5,26.5,28,,22.5
2019/6/17,十五,26.5,26.5,28,,22.5
2019/6/18,十六,26.5,26.5,28,,22.5
2019/6/19,十七,26.5,26.5,28,,22.5
2019/6/20,十八,26.3,26.3,27.8,,22.5
2019/6/21,夏至,26.3,26.3,27.8,,22.5
2019/6/22,二十,26.3,26.3,27.8,,22.5
2019/6/23,廿一,26.3,26.3,27.8,,22.5
2019/6/24,廿二,26.3,26.3,27.8,,22.5
2019/6/25,廿三,26.3,26.3,27.8,,22.5
2019/6/26,廿四,26.3,26.3,27.8,,22.5
2019/6/27,廿五,26.3,26.3,27.8,,22.5
2019/6/28,廿六,26.3,26.3,27.8,,22.5
2019/6/29,廿七,26.3,26.3,27.8,,22.5
2019/6/30,廿八,26.3,26.3,27.8,,22.5
2019/7/1,廿九,26.3,26.3,27.8,,22.5
2019/7/2,三十,26.3,26.3,27.8,,20.5
2019/7/3,六月,26.3,26.3,27.8,,20.5
2019/7/4,初二,26.3,26.3,27.8,,20.5
2019/7/5,初三,26.3,26.3,27.8,,20.5
2019/7/6,初四,26.3,26.3,27.8,,20.5
2019/7/7,小暑,26.3,26.3,27.8,,20.5
2019/7/8,初六,26.3,26.3,27.8,,20.5
2019/7/9,初七,26.3,26.3,27.8,,20.5
2019/7/10,初八,26.3,26.3,27.8,,20.5
2019/7/11,初九,26.3,26.3,27.8,,20.5
2019/7/12,初十,26.3,26.3,27.8,,20.5
2019/7/13,十一,26.3,26.3,27.8,,20.5
2019/7/14,十二,26.3,26.3,27.8,,20.5
2019/7/15,十三,26.3,26.3,27.8,,20.5
2019/7/16,十四,26.3,26.3,27.8,,20.5
2019/7/17,十五,26.3,26.3,27.8,,20.5
2019/7/18,十六,26.3,26.3,27.8,,23.5
2019/7/19,十七,26.3,26.3,27.8,,23.5
2019/7/20,十八,26.3,26.3,27.8,,23.5
2019/7/21,十九,26.3,26.3,27.8,,23.5
2019/7/22,二十,26.3,26.3,27.8,,23.5
2019/7/23,大暑,26.3,26.3,27.8,,23.5
2019/7/24,廿二,26.3,26.3,27.8,,25.5
2019/7/25,廿三,26.3,26.3,27.8,,25.5
2019/7/26,廿四,26,26,27.5,,25.5
2019/7/27,廿五,26,26,27.5,,25.5
2019/7/28,廿六,26,26,27.5,,25.5
2019/7/29,廿七,26,26,27.5,,25.5
2019/7/30,廿八,26,26,27.5,,25.5
2019/7/31,廿九,26,26,27.5,,25.5
2019/8/1,七月,26,26,27.5,,25.5
2019/8/2,初二,26,26,27.5,,25.5
2019/8/3,初三,26,26,27.5,,25.5
2019/8/4,初四,26,26,27.5,,25.5
2019/8/5,小暑,26,26,27.5,,25.5
2019/8/6,初六,26,26,27.5,,25.5
2019/8/7,七夕,26,26,27.5,,27.5
2019/8/8,立秋,26,26,27.5,,27.5
2019/8/9,初九,26,26,27.5,,27.5
2019/8/10,初十,26,26,27.5,,27.5
2019/8/11,十一,26,26,27.5,,27.5
2019/8/12,十二,26,26,27.5,,27.5
2019/8/13,十三,26,26,27.5,,27.5
2019/8/14,十四,26,26,27.5,,27.5
2019/8/15,中元節,26,26,27.5,,27.5
2019/8/16,十六,26,26,27.5,,27.5
2019/8/17,十七,26,26,27.5,,27.5
2019/8/18,十八,26,26,27.5,,27.5
2019/8/19,十九,26,26,27.5,,27.5
2019/8/20,二十,26,26,27.5,,27.5
2019/8/21,廿一,26,26,27.5,,27.5
2019/8/22,廿二,26,26,27.5,,27.5
2019/8/23,處暑,26,26,27.5,,27.5
2019/8/24,廿四,26,26,27.5,,27.5
2019/8/25,廿五,26,26,27.5,,27.5
2019/8/26,廿六,26,26,27.5,,27.5
2019/8/27,廿七,26,26,27.5,,27.5
2019/8/28,廿八,26,26,27.5,,27.5
2019/8/29,廿九,26,26,27.5,,27.5
2019/8/30,八月,26,26,27.5,,27.5
2019/8/31,初二,26,26,27.5,,27.5
2019/9/1,初三,26,26,27.5,,27.5
2019/9/2,初四,26,26,27.5,,27.5
2019/9/3,初五,26,26,27.5,,27.5
2019/9/4,初六,26,26,27.5,,27.5
2019/9/5,初七,26,26,27.5,,27.5
2019/9/6,初八,26,26,27.5,,27.5
2019/9/7,初九,26,26,27.5,,27.5
2019/9/8,白露,26,26,27.5,,27.5
2019/9/9,十ㄧ,26,26,27.5,,27.5
2019/9/10,十二,26.3,26.3,27.8,,27.5
2019/9/11,十三,26.3,26.3,27.8,,27.5
2019/9/12,十四,26.3,26.3,27.8,,27.5
2019/9/13,中秋節,26.3,26.3,27.8,,27.5
2019/9/14,十六,26.3,26.3,27.8,,27.5
2019/9/15,十七,26.3,26.3,27.8,,27.5
2019/9/16,十八,26.3,26.3,27.8,,27.5
2019/9/17,十九,26.3,26.3,27.8,,25.5
2019/9/18,二十,26.3,26.3,27.8,,25.5
2019/9/19,廿一,26.3,26.3,27.8,,25.5
2019/9/20,廿二,26.3,26.3,27.8,,27.5
2019/9/21,廿三,26.3,26.3,27.8,,27.5
2019/9/22,廿四,26.3,26.3,27.8,,27.5
2019/9/23,秋分,26.3,26.3,27.8,,27.5
2019/9/24,廿六,26.3,26.3,27.8,,27.5
2019/9/25,廿七,26.3,26.3,27.8,,27.5
2019/9/26,廿八,26.3,26.3,27.8,,27.5
2019/9/27,廿九,26.3,26.3,27.8,,27.5
2019/9/28,三十,26.3,26.3,27.8,,27.5
2019/9/29,九月,26.3,26.3,27.8,,27.5
2019/9/30,初二,26.3,26.3,27.8,,27.5
2019/10/1,初三,26.3,26.3,27.8,,27.5
2019/10/2,初四,26.3,26.3,27.8,,27.5
2019/10/3,初五,26.3,26.3,27.8,,27.5
2019/10/4,初六,26.3,26.3,27.8,,27.5
2019/10/5,初七,26.3,26.3,27.8,,27.5
2019/10/6,初八,26.3,26.3,27.8,,27.5
2019/10/7,重陽,26.3,26.3,27.8,,27.5
2019/10/8,寒露,26.3,26.3,27.8,,24.5
2019/10/9,十一,26.3,26.3,27.8,,24.5
2019/10/10,十二,26.3,26.3,27.8,,24.5
2019/10/11,十三,26.3,26.3,27.8,,24.5
2019/10/12,十四,26.3,26.3,27.8,,24.5
2019/10/13,十五,26.3,26.3,27.8,,24.5
2019/10/14,十六,26.3,26.3,27.8,,24.5
2019/10/15,十七,26.3,26.3,27.8,,24.5
2019/10/16,十八,26.3,26.3,27.8,,24.5
2019/10/17,十九,26.3,26.3,27.8,,24.5
2019/10/18,二十,26.3,26.3,27.8,,24.5
2019/10/19,廿一,26.3,26.3,27.8,,24.5
2019/10/20,廿二,26.3,26.3,27.8,,24.5
2019/10/21,廿三,26.3,26.3,27.8,,24.5
2019/10/22,廿四,26.3,26.3,27.8,,24.5
2019/10/23,廿五,26.3,26.3,27.8,,24.5
2019/10/24,霜降,26.3,26.3,27.8,,24.5
2019/10/25,廿七,26.3,26.3,27.8,,24.5
2019/10/26,廿八,26.3,26.3,27.8,,24.5
2019/10/27,廿九,26.3,26.3,27.8,,24.5
2019/10/28,十月,26.3,26.3,27.8,,24.5
2019/10/29,初二,26.3,26.3,27.8,,24.5
2019/10/30,初三,26.3,26.3,27.8,,26.5
2019/10/31,初四,26.3,26.3,27.8,,26.5
2019/11/1,初五,26.3,26.3,27.8,,26.5
2019/11/2,初六,26.3,26.3,27.8,,26.5
2019/11/3,初七,26.3,26.3,27.8,,26.5
2019/11/4,初八,26.3,26.3,27.8,,26.5
2019/11/5,初九,26.3,26.3,27.8,,26.5
2019/11/6,初十,26.3,26.3,27.8,,26.5
2019/11/7,十一,26.3,26.3,27.8,,26.5
2019/11/8,立冬,26.3,26.3,27.8,,26.5
2019/11/9,十三,26.3,26.3,27.8,,26.5
2019/11/10,十四,26.3,26.3,27.8,,26.5
2019/11/11,十五,26.3,26.3,27.8,,26.5
2019/11/12,十六,26.3,26.3,27.8,,26.5
2019/11/13,十七,26.3,26.3,27.8,,28.5
2019/11/14,十八,26.3,26.3,27.8,,28.5
2019/11/15,十九,26.3,26.3,27.8,,28.5
2019/11/16,二十,26.3,26.3,27.8,,28.5
2019/11/17,廿一,26.3,26.3,27.8,,28.5
2019/11/18,廿二,26.3,26.3,27.8,,28.5
2019/11/19,廿三,26.3,26.3,27.8,,28.5
2019/11/20,廿四,26.3,26.3,27.8,,28.5
2019/11/21,廿五,26.3,26.3,27.8,,28.5
2019/11/22,小雪,26.3,26.3,27.8,,28.5
2019/11/23,廿七,26.3,26.3,27.8,,28.5
2019/11/24,廿八,26.3,26.3,27.8,,28.5
2019/11/25,廿九,26.3,26.3,27.8,,28.5
2019/11/26,十一月,26.3,26.3,27.8,,28.5
2019/11/27,初二,26.3,26.3,27.8,,28.5
2019/11/28,初三,26.3,26.3,27.8,,28.5
2019/11/29,初四,26.3,26.3,27.8,,28.5
2019/11/30,初五,26.3,26.3,27.8,,28.5
2019/12/1,初六,26.3,26.3,27.8,,28.5
2019/12/2,初七,26.3,26.3,27.8,,28.5
2019/12/3,初七,26.3,26.3,27.8,,26.5
2019/12/4,初九,26.3,26.3,27.8,,26.5
2019/12/5,初十,26.3,26.3,27.8,,26.5
2019/12/6,十一,26.3,26.3,27.8,,26.5
2019/12/7,大雪,26.3,26.3,27.8,,26.5
2019/12/8,十三,26.3,26.3,27.8,,26.5
2019/12/9,十四,26.3,26.3,27.8,,26.5
2019/12/10,十五,26.3,26.3,27.8,,26.5
2019/12/11,十六,26.3,26.3,27.8,,29.5
2019/12/12,十七,26.3,26.3,27.8,,29.5
2019/12/13,十八,26.3,26.3,27.8,,29.5
2019/12/14,十九,26.3,26.3,27.8,,29.5
2019/12/15,二十,26.3,26.3,27.8,,29.5
2019/12/16,廿一,26.3,26.3,27.8,,29.5
2019/12/17,廿二,26.3,26.3,27.8,,29.5
2019/12/18,廿三,26.3,26.3,27.8,,29.5
2019/12/19,廿四,26.3,26.3,27.8,,29.5
2019/12/20,廿五,26.3,26.3,27.8,,29.5
2019/12/21,廿六,26.3,26.3,27.8,,29.5
2019/12/22,冬至,26.3,26.3,27.8,,29.5
2019/12/23,廿八,26.3,26.3,27.8,,29.5
2019/12/24,廿九,26.5,26.5,28,,27.5
2019/12/25,三十,26.5,26.5,28,,27.5
2019/12/26,十二月,26.5,26.5,28,,27.5
2019/12/27,初二,26.5,26.5,28,,27.5
2019/12/28,初三,26.5,26.5,28,,27.5
2019/12/29,初四,26.5,26.5,28,,27.5
2019/12/30,初五,26.5,26.5,28,,27.5
2019/12/31,初六,26.5,26.5,28,,27.5
2020/1/1,初七,26.5,26.5,28,,27.5
2020/1/2,初八,26.5,26.5,28,,27.5
2020/1/3,初九,26.5,26.5,28,,27.5
2020/1/4,初十,26.5,26.5,28,,27.5
2020/1/5,十一,26.5,26.5,28,,27.5
2020/1/6,小寒,26.5,26.5,28,,27.5
2020/1/7,十三,26.5,26.5,28,,25.5
2020/1/8,十四,26.5,26.5,28,,25.5
2020/1/9,十五,26.5,26.5,28,,25.5
2020/1/10,十六,26.5,26.5,28,,25.5
2020/1/11,十七,26.5,26.5,28,,25.5
2020/1/12,十八,26.5,26.5,28,,25.5
2020/1/13,十九,26.5,26.5,28,,25.5
2020/1/14,二十,26.5,26.5,28,,25.5
2020/1/15,二十,26.5,26.5,28,,25.5
2020/1/16,廿二,26.5,26.5,28,,22.5
2020/1/17,廿三,26.5,26.5,28,,20.5
2020/1/18,廿四,26.5,26.5,28,,20.5
2020/1/19,廿五,26.5,26.5,28,,20.5
2020/1/20,大寒,26.5,26.5,28,,20.5
2020/1/21,廿七,休市,休市,休市,,20.5
2020/1/22,廿八,休市,休市,休市,,20.5
2020/1/23,廿九,休市,休市,休市,,20.5
2020/1/24,除夕,休市,休市,休市,,20.5
2020/1/25,正月,休市,休市,休市,,20.5
2020/1/26,初二,休市,休市,休市,,20.5
2020/1/27,初三,休市,休市,休市,,20.5
2020/1/28,初四,26.5,26.5,28,,20.5
2020/1/29,初五,26.5,26.5,28,,20.5
2020/1/30,初六,26.5,26.5,28,,20.5
2020/1/31,初七,26.5,26.5,28,,20.5
2020/2/1,初八,26.5,26.5,28,,25.5
2020/2/2,初九,26.5,26.5,28,,25.5
2020/2/3,初十,26.5,26.5,28,,25.5
2020/2/4,立春,26.5,26.5,28,,25.5
2020/2/5,十二,26.5,26.5,28,,25.5
2020/2/6,十三,26.5,26.5,28,,25.5
2020/2/7,十四,26.5,26.5,28,,25.5
2020/2/8,元宵,26.5,26.5,28,,25.5
2020/2/9,十六,26.5,26.5,28,,25.5
2020/2/10,十七,26.5,26.5,28,,25.5
2020/2/11,十八,26.3,26.3,27.8,,25.5
2020/2/12,十九,26.3,26.3,27.8,,25.5
2020/2/13,二十,26.3,26.3,27.8,,25.5
2020/2/14,廿一,26.3,26.3,27.8,,25.5
2020/2/15,廿二,26.3,26.3,27.8,,25.5
2020/2/16,廿三,26.3,26.3,27.8,,25.5
2020/2/17,廿四,26.3,26.3,27.8,,25.5
2020/2/18,廿五,26,26,27.5,,25.5
2020/2/19,雨水,26,26,27.5,,25.5
2020/2/20,廿七,26,26,27.5,,25.5
2020/2/21,廿八,26,26,27.5,,25.5
2020/2/22,廿九,26,26,27.5,,25.5
2020/2/23,二月,26,26,27.5,,25.5
2020/2/24,初二,26,26,27.5,,25.5
2020/2/25,初三,26,26,27.5,,25.5
2020/2/26,初四,26,26,27.5,,27.5
2020/2/27,初五,26,26,27.5,,27.5
2020/2/28,初六,26,26,27.5,,27.5
2020/2/29,初七,26,26,27.5,,27.5
2020/3/1,初八,26,26,27.5,,27.5
2020/3/2,初九,26,26,27.5,,27.5
2020/3/3,初十,26,26,27.5,,29.5
2020/3/4,十一,26,26,27.5,,29.5
2020/3/5,驚蟄,26,26,27.5,,29.5
2020/3/6,十三,26,26,27.5,,29.5
2020/3/7,十四,26,26,27.5,,29.5
2020/3/8,十五,26,26,27.5,,29.5
2020/3/9,十六,26,26,27.5,,29.5
2020/3/10,十七,26,26,27.5,,29.5
2020/3/11,十八,26,26,27.5,,29.5
2020/3/12,十九,26,26,27.5,,29.5
2020/3/13,二十,26,26,27.5,,29.5
2020/3/14,廿一,26,26,27.5,,29.5
2020/3/15,廿二,26,26,27.5,,29.5
2020/3/16,廿三,26,26,27.5,,29.5
2020/3/17,廿四,26,26,27.5,,29.5
2020/3/18,廿五,26,26,27.5,,29.5
2020/3/19,廿六,26,26,27.5,,29.5
2020/3/20,春分,26,26,27.5,,29.5
2020/3/21,廿八,26,26,27.5,,29.5
2020/3/22,廿九,26,26,27.5,,29.5
2020/3/23,三十,26,26,27.5,,29.5
2020/3/24,三月,26.3,26.3,27.8,,29.5
2020/3/25,初二,26.3,26.3,27.8,,29.5
2020/3/26,初三,26.3,26.3,27.8,,29.5
2020/3/27,初四,26.3,26.3,27.8,,29.5
2020/3/28,初五,26.3,26.3,27.8,,29.5
2020/3/29,初六,26.3,26.3,27.8,,29.5
2020/3/30,初七,26.5,26.5,28,,29.5
2020/3/31,初八,26.5,26.5,28,,29.5
2020/4/1,初九,26.5,26.5,28,,29.5
2020/4/2,初十,26.5,26.5,28,,29.5
2020/4/3,十一,26.5,26.5,28,,29.5
2020/4/4,清明,26.5,26.5,28,,29.5
2020/4/5,十三,26.5,26.5,28,,29.5
2020/4/6,十四,26.8,26.8,28.3,,29.5
2020/4/7,十五,26.8,26.8,28.3,,29.5
2020/4/8,十六,26.8,26.8,28.3,,29.5
2020/4/9,十七,26.8,26.8,28.3,,29.5
2020/4/10,十八,26.8,26.8,28.3,,29.5
2020/4/11,十九,26.8,26.8,28.3,,29.5
2020/4/12,二十,26.8,26.8,28.3,,29.5
2020/4/13,廿一,26.8,26.8,28.3,,29.5
2020/4/14,廿二,26.8,26.8,28.3,,29.5
2020/4/15,廿三,26.8,26.8,28.3,,29.5
2020/4/16,廿四,27,27,28.5,,29.5
2020/4/17,廿五,27,27,28.5,,29.5
2020/4/18,廿六,27,27,28.5,,29.5
2020/4/19,榖雨,27,27,28.5,,29.5
2020/4/20,廿八,27,27,28.5,,29.5
2020/4/21,廿九,27,27,28.5,,29.5
2020/4/22,三十,27,27,28.5,,29.5
2020/4/23,四月,27,27,28.5,,29.5
2020/4/24,初二,27,27,28.5,,29.5
2020/4/25,初三,27,27,28.5,,29.5
2020/4/26,初四,27,27,28.5,,29.5
2020/4/27,初五,27,27,28.5,,29.5
2020/4/28,初六,27.3,27.3,28.8,,29.5
2020/4/29,初七,27.3,27.3,28.8,,29.5
2020/4/30,初八,27.3,27.3,28.8,,29.5
2020/5/1,初九,27.3,27.3,28.8,,29.5
2020/5/2,初十,27.3,27.3,28.8,,29.5
2020/5/3,十一,27.3,27.3,28.8,,29.5
2020/5/4,十二,27.3,27.3,28.8,,29.5
2020/5/5,立夏,27.5,27.5,29,,29.5
2020/5/6,十四,27.5,27.5,29,,29.5
2020/5/7,十五,27.5,27.5,29,,29.5
2020/5/8,十六,27.5,27.5,29,,29.5
2020/5/9,十七,27.5,27.5,29,,29.5
2020/5/10,十八,27.5,27.5,29,,29.5
2020/5/11,十九,27.8,27.8,29.3,,29.5
2020/5/12,二十,27.8,27.8,29.3,,27.5
2020/5/13,廿一,27.8,27.8,29.3,,27.5
2020/5/14,廿二,27.8,27.8,29.3,,27.5
2020/5/15,廿三,28,28,29.5,,27.5
2020/5/16,廿四,28,28,29.5,,27.5
2020/5/17,廿五,28,28,29.5,,27.5
2020/5/18,廿六,28,28,29.5,,27.5
2020/5/19,廿七,28,28,29.5,,24.5
2020/5/20,廿八,28,28,29.5,,24.5
2020/5/21,廿九,28,28,29.5,,24.5
2020/5/22,三十,28,28,29.5,,24.5
2020/5/23,閏四月,28,28,29.5,,24.5
2020/5/24,初二,28,28,29.5,,24.5
2020/5/25,初三,28.3,28.3,29.8,,24.5
2020/5/26,初四,28.3,28.3,29.8,,24.5
2020/5/27,初五,28.3,28.3,29.8,,24.5
2020/5/28,初六,28.3,28.3,29.8,,24.5
2020/5/29,初七,28.3,28.3,29.8,,24.5
2020/5/30,初八,28.3,28.3,29.8,,24.5
2020/5/31,初九,28.3,28.3,29.8,,24.5
2020/6/1,初十,28.3,28.3,29.8,,24.5
2020/6/2,十一,28.3,28.3,29.8,,24.5
2020/6/3,十二,28.3,28.3,29.8,,24.5
2020/6/4,十三,28.3,28.3,29.8,,24.5
2020/6/5,芒種,28.3,28.3,29.8,,24.5
2020/6/6,十五,28.3,28.3,29.8,,24.5
2020/6/7,十六,28.3,28.3,29.8,,24.5
2020/6/8,十七,28.5,28.5,30,,24.5
2020/6/9,十八,28.5,28.5,30,,24.5
2020/6/10,十九,28.5,28.5,30,,24.5
2020/6/11,二十,28.5,28.5,30,,24.5
2020/6/12,廿一,28.5,28.5,30,,24.5
2020/6/13,廿二,28.5,28.5,30,,24.5
2020/6/14,廿三,28.5,28.5,30,,24.5
2020/6/15,廿四,28.8,28.8,30.3,,24.5
2020/6/16,廿五,28.8,28.8,30.3,,24.5
2020/6/17,廿六,28.8,28.8,30.3,,24.5
2020/6/18,廿七,28.8,28.8,30.3,,24.5
2020/6/19,廿八,28.8,28.8,30.3,,24.5
2020/6/20,廿九,28.8,28.8,30.3,,24.5
2020/6/21,夏至,28.8,28.8,30.3,,24.5
2020/6/22,初二,29,29,30.5,,24.5
2020/6/23,初三,29,29,30.5,,24.5
2020/6/24,初四,29,29,30.5,,24.5
2020/6/25,端午,29,29,30.5,,24.5
2020/6/26,初六,29,29,30.5,,24.5
2020/6/27,初七,29,29,30.5,,24.5
2020/6/28,初八,29,29,30.5,,24.5
2020/6/29,初九,29,29,30.5,,24.5
2020/6/30,初十,29,29,30.5,,24.5
2020/7/1,十一,29.3,29.3,30.8,,24.5
2020/7/2,十二,29.3,29.3,30.8,,24.5
2020/7/3,十三,29.3,29.3,30.8,,24.5
2020/7/4,十四,29.3,29.3,30.8,,24.5
2020/7/5,十五,29.3,29.3,30.8,,24.5
2020/7/6,小暑,29.3,29.3,30.8,,24.5
2020/7/7,十七,29.5,29.5,31,,22.5
2020/7/8,十八,29.5,29.5,31,,22.5
2020/7/9,十九,29.5,29.5,31,,22.5
2020/7/10,二十,29.5,29.5,31,,22.5
2020/7/11,廿一,29.5,29.5,31,,22.5
2020/7/12,廿二,29.5,29.5,31,,22.5
2020/7/13,廿三,29.5,29.5,31,,22.5
2020/7/14,廿四,29.5,29.5,31,,22.5
2020/7/15,廿五,29.5,29.5,31,,22.5
2020/7/16,廿六,29.5,29.5,31,,22.5
2020/7/17,廿七,29.5,29.5,31,,22.5
2020/7/18,廿八,29.5,29.5,31,,22.5
2020/7/19,廿九,29.5,29.5,31,,22.5
2020/7/20,三十,29.5,29.5,31,,22.5
2020/7/21,初一,29.5,29.5,31,,22.5
2020/7/22,大暑,29.5,29.5,31,,22.5
2020/7/23,初三,29.5,29.5,31,,22.5
2020/7/24,初四,29.5,29.5,31,,22.5
2020/7/25,初五,29.8,29.8,31.3,,22.5
2020/7/26,初六,29.8,29.8,31.3,,22.5
2020/7/27,初七,29.8,29.8,31.3,,22.5
2020/7/28,初八,29.8,29.8,31.3,,22.5
2020/7/29,初九,29.8,29.8,31.3,,24.5
2020/7/30,初十,29.8,29.8,31.3,,24.5
2020/7/31,十一,29.8,29.8,31.3,,24.5
2020/8/1,十二,29.8,29.8,31.3,,24.5
2020/8/2,十三,29.8,29.8,31.3,,24.5
2020/8/3,十四,29.8,29.8,31.3,,24.5
2020/8/4,十五,29.8,29.8,31.3,,24.5
2020/8/5,十六,29.8,29.8,31.3,,26.5
2020/8/6,十七,29.8,29.8,31.3,,26.5
2020/8/7,立秋,29.8,29.8,31.3,,26.5
2020/8/8,十九,29.8,29.8,31.3,,26.5
2020/8/9,二十,29.8,29.8,31.3,,26.5
2020/8/10,廿一,29.8,29.8,31.3,,26.5
2020/8/11,廿二,29.8,29.8,31.3,,26.5
2020/8/12,廿三,29.8,29.8,31.3,,26.5
2020/8/13,廿四,29.8,29.8,31.3,,26.5
2020/8/14,廿四,29.8,29.8,31.3,,26.5
2020/8/15,廿六,29.8,29.8,31.3,,26.5
2020/8/16,廿七,29.8,29.8,31.3,,26.5
2020/8/17,廿八,29.8,29.8,31.3,,26.5
2020/8/18,廿九,29.8,29.8,31.3,,26.5
2020/8/19,七月,29.8,29.8,31.3,,28.5
2020/8/20,初二,29.8,29.8,31.3,,28.5
2020/8/21,初三,29.8,29.8,31.3,,28.5
2020/8/22,初四,29.8,29.8,31.3,,28.5
2020/8/23,初五,29.8,29.8,31.3,,28.5
2020/8/24,初六,29.8,29.8,31.3,,28.5
2020/8/25,初七,29.8,29.8,31.3,,28.5
2020/8/26,初八,29.8,29.8,31.3,,28.5
2020/8/27,初九,29.8,29.8,31.3,,28.5
2020/8/28,初十,29.8,29.8,31.3,,28.5
2020/8/29,十一,29.8,29.8,31.3,,28.5
2020/8/30,十二,29.8,29.8,31.3,,28.5
2020/8/31,十三,29.8,29.8,31.3,,28.5
2020/9/1,十四,29.8,29.8,31.3,,28.5
2020/9/2,十五,29.8,29.8,31.3,,28.5
2020/9/3,十六,29.8,29.8,31.3,,28.5
2020/9/4,十七,29.8,29.8,31.3,,28.5
2020/9/5,十八,29.8,29.8,31.3,,28.5
2020/9/6,十九,29.8,29.8,31.3,,28.5
2020/9/7,白露,29.8,29.8,31.3,,28.5
2020/9/8,廿一,29.8,29.8,31.3,,28.5
2020/9/9,廿二,29.8,29.8,31.3,,28.5
2020/9/10,廿三,29.8,29.8,31.3,,28.5
2020/9/11,廿四,29.8,29.8,31.3,,28.5
2020/9/12,廿五,29.8,29.8,31.3,,28.5
2020/9/13,廿六,29.8,29.8,31.3,,28.5
2020/9/14,廿七,29.8,29.8,31.3,,28.5
2020/9/15,廿八,29.8,29.8,31.3,,25.5
2020/9/16,廿九,29.8,29.8,31.3,,25.5
2020/9/17,八月,29.8,29.8,31.3,,25.5
2020/9/18,初二,29.8,29.8,31.3,,28.5
2020/9/19,初三,29.8,29.8,31.3,,28.5
2020/9/20,初四,29.8,29.8,31.3,,28.5
2020/9/21,初五,29.8,29.8,31.3,,28.5
2020/9/22,初六,29.8,29.8,31.3,,28.5
2020/9/23,初七,29.8,29.8,31.3,,28.5
2020/9/24,初八,29.8,29.8,31.3,,28.5
2020/9/25,初九,29.8,29.8,31.3,,28.5
2020/9/26,初十,29.8,29.8,31.3,,28.5
2020/9/27,十一,29.8,29.8,31.3,,28.5
2020/9/28,十二,29.8,29.8,31.3,,28.5
2020/9/29,十三,29.8,29.8,31.3,,26.5
2020/9/30,十四,29.8,29.8,31.3,,26.5
2020/10/1,中秋,29.8,29.8,31.3,,26.5
2020/10/2,十六,29.8,29.8,31.3,,26.5
2020/10/3,十七,29.8,29.8,31.3,,26.5
2020/10/4,十八,29.8,29.8,31.3,,26.5
2020/10/5,十九,29.8,29.8,31.3,,26.5
2020/10/6,二十,29.8,29.8,31.3,,24.5
2020/10/7,廿一,29.8,29.8,31.3,,24.5
2020/10/8,寒露,29.8,29.8,31.3,,24.5
2020/10/9,廿三,29.8,29.8,31.3,,24.5
2020/10/10,廿四,29.8,29.8,31.3,,24.5
2020/10/11,廿五,29.8,29.8,31.3,,24.5
2020/10/12,廿六,29.8,29.8,31.3,,24.5
2020/10/13,廿七,29.5,29.5,31,,24.5
2020/10/14,廿八,29.5,29.5,31,,24.5
2020/10/15,廿九,29.5,29.5,31,,24.5
2020/10/16,三十,29.3,29.3,30.8,,24.5
2020/10/17,初一,29.3,29.3,30.8,,24.5
2020/10/18,初二,29.3,29.3,30.8,,24.5
2020/10/19,初三,29.3,29.3,30.8,,24.5
2020/10/20,初四,29.3,29.3,30.8,,22.5
2020/10/21,初五,29.3,29.3,30.8,,22.5
2020/10/22,初六,29.3,29.3,30.8,,22.5
2020/10/23,霜降,29,29,30.5,,24.5
2020/10/24,初八,29,29,30.5,,24.5
2020/10/25,初九,29,29,30.5,,24.5
2020/10/26,初十,29,29,30.5,,24.5
2020/10/27,十一,29,29,30.5,,24.5
2020/10/28,十二,29,29,30.5,,24.5
2020/10/29,十三,29,29,30.5,,24.5
2020/10/30,十四,28.8,28.8,30.3,,24.5
2020/10/31,十五,28.8,28.8,30.3,,24.5
2020/11/1,十六,28.8,28.8,30.3,,24.5
2020/11/2,十七,28.8,28.8,30.3,,24.5
2020/11/3,十八,28.8,28.8,30.3,,24.5
2020/11/4,十九,28.8,28.8,30.3,,24.5
2020/11/5,二十,28.8,28.8,30.3,,24.5
2020/11/6,廿一,28.5,28.5,30,,24.5
2020/11/7,廿二,28.5,28.5,30,,24.5
2020/11/8,廿三,28.5,28.5,30,,24.5
2020/11/9,廿四,28.5,28.5,30,,24.5
2020/11/10,廿五,28.3,28.3,29.8,,24.5
2020/11/11,廿六,28.3,28.3,29.8,,26.5
2020/11/12,廿七,28.3,28.3,29.8,,26.5
2020/11/13,廿八,28,28,29.5,,26.5
2020/11/14,廿九,28,28,29.5,,26.5
2020/11/15,十月,28,28,29.5,,26.5
2020/11/16,初二,28,28,29.5,,26.5
2020/11/17,初三,28,28,29.5,,26.5
2020/11/18,初四,28,28,29.5,,26.5
2020/11/19,初五,27.8,27.8,29.3,,26.5
2020/11/20,初六,27.8,27.8,29.3,,26.5
2020/11/21,初七,27.8,27.8,29.3,,26.5
2020/11/22,小雪,27.8,27.8,29.3,,26.5
2020/11/23,初九,27.8,27.8,29.3,,26.5
2020/11/24,初十,27.5,27.5,29,,26.5
2020/11/25,十一,27.5,27.5,29,,28.5
2020/11/26,十二,27.5,27.5,29,,28.5
2020/11/27,十三,27.3,27.3,28.8,,28.5
2020/11/28,十四,27.3,27.3,28.8,,28.5
2020/11/29,十五,27.3,27.3,28.8,,28.5
2020/11/30,十六,27.3,27.3,28.8,,28.5
2020/12/1,十七,27.3,27.3,28.8,,28.5
2020/12/2,十八,27.3,27.3,28.8,,28.5
2020/12/3,十九,27.3,27.3,28.8,,28.5
2020/12/4,廿十,27.3,27.3,28.8,,28.5
2020/12/5,廿一,27.3,27.3,28.8,,28.5
2020/12/6,廿二,27.3,27.3,28.8,,28.5
2020/12/7,廿三,27.3,27.3,28.8,,28.5
2020/12/8,廿四,27.3,27.3,28.8,,26.5
2020/12/9,廿五,27.3,27.3,28.8,,26.5
2020/12/10,廿六,27,27,28.5,,26.5
2020/12/11,廿七,27,27,28.5,,26.5
2020/12/12,廿八,27,27,28.5,,26.5
2020/12/13,廿九,27,27,28.5,,26.5
2020/12/14,三十,27,27,28.5,,26.5
2020/12/15,十一月,27,27,28.5,,26.5
2020/12/16,初二,27,27,28.5,,26.5
2020/12/17,初三,27,27,28.5,,26.5
2020/12/18,初四,26.8,26.8,28.3,,26.5
2020/12/19,初五,26.8,26.8,28.3,,26.5
2020/12/20,初六,26.8,26.8,28.3,,26.5
2020/12/21,冬至,26.8,26.8,28.3,,26.5
2020/12/22,初八,26.8,26.8,28.3,,24.5
2020/12/23,初九,26.8,26.8,28.3,,24.5
2020/12/24,初十,26.8,26.8,28.3,,24.5
2020/12/25,十一,26.5,26.5,28,,24.5
2020/12/26,十二,26.5,26.5,28,,24.5
2020/12/27,十三,26.5,26.5,28,,24.5
2020/12/28,十四,26.5,26.5,28,,24.5
2020/12/29,十五,26.5,26.5,28,,24.5
2020/12/30,十六,26.5,26.5,28,,24.5
2020/12/31,十七,26.5,26.5,28,,24.5
2021/1/1,十八,26.5,26.5,28,,24.5
2021/1/2,十九,26.5,26.5,28,,24.5
2021/1/3,二十,26.5,26.5,28,,24.5
2021/1/4,廿一,26.5,26.5,28,,24.5
2021/1/5,廿二,26.5,26.5,28,,24.5
2021/1/6,廿三,26.5,26.5,28,,26.5
2021/1/7,廿四,26.5,26.5,28,,26.5
2021/1/8,廿五,26.5,26.5,28,,26.5
2021/1/9,廿六,26.5,26.5,28,,26.5
2021/1/10,廿七,26.5,26.5,28,,26.5
2021/1/11,廿八,26.5,26.5,28,,26.5
2021/1/12,廿九,26.5,26.5,28,,26.5
2021/1/13,臘月,26.8,26.8,28.3,,28.5
2021/1/14,初二,26.8,26.8,28.3,,28.5
2021/1/15,初三,26.8,26.8,28.3,,28.5
2021/1/16,初四,26.8,26.8,28.3,,28.5
2021/1/17,初五,26.8,26.8,28.3,,28.5
2021/1/18,初六,26.8,26.8,28.3,,28.5
2021/1/19,初七,26.8,26.8,28.3,,28.5
2021/1/20,初八,27,27,28.5,,28.5
2021/1/21,初九,27,27,28.5,,28.5
2021/1/22,初十,27,27,28.5,,28.5
2021/1/23,十一,27,27,28.5,,28.5
2021/1/24,十二,27,27,28.5,,28.5
2021/1/25,十三,27,27,28.5,,28.5
2021/1/26,十四,27.3,27.3,28.8,,28.5
2021/1/27,十五,27.3,27.3,28.8,,28.5
2021/1/28,十六,27.3,27.3,28.8,,28.5
2021/1/29,十七,27.5,27.5,29,,28.5
2021/1/30,十八,27.5,27.5,29,,28.5
2021/1/31,十九,27.5,27.5,29,,28.5
2021/2/1,二十,27.5,27.5,29,,28.5
2021/2/2,廿一,27.8,27.8,29.3,,25.5
2021/2/3,廿二,27.8,27.8,29.3,,23.5
2021/2/4,廿三,28,28,29.5,,23.5
2021/2/5,廿四,28,28,29.5,,23.5
2021/2/6,廿五,28,28,29.5,,23.5
2021/2/7,廿六,28,28,29.5,,23.5
2021/2/8,廿七,28.3,28.3,29.8,,23.5
2021/2/9,廿八,28.3,28.3,29.8,,23.5
2021/2/10,廿九,休市,休市,休市,,23.5
2021/2/11,除夕,休市,休市,休市,,23.5
2021/2/12,初一,休市,休市,休市,,23.5
2021/2/13,初二,休市,休市,休市,,23.5
2021/2/14,初三,休市,休市,休市,,23.5
2021/2/15,初四,28.3,28.3,29.8,,23.5
2021/2/16,初五,28.3,28.3,29.8,,23.5
2021/2/17,初六,28.5,28.5,30,,23.5
2021/2/18,初七,28.5,28.5,30,,28.5
2021/2/19,初八,28.5,28.5,30,,28.5
2021/2/20,初九,28.8,28.8,30.3,,28.5
2021/2/21,初十,28.8,28.8,30.3,,28.5
2021/2/22,十一,28.8,28.8,30.3,,28.5
2021/2/23,十二,29,29,30.5,,28.5
2021/2/24,十三,29,29,30.5,,28.5
2021/2/25,十四,29,29,30.5,,28.5
2021/2/26,十五,29,29,30.5,,28.5
2021/2/27,十六,29,29,30.5,,28.5
2021/2/28,十七,29,29,30.5,,28.5
2021/3/1,十八,29,29,30.5,,28.5
2021/3/2,十九,29,29,30.5,,28.5
2021/3/3,二十,29,29,30.5,,30.5
2021/3/4,廿一,29,29,30.5,,30.5
2021/3/5,驚蟄,29,29,30.5,,30.5
2021/3/6,廿三,29,29,30.5,,30.5
2021/3/7,廿四,29,29,30.5,,30.5
2021/3/8,廿五,29,29,30.5,,30.5
2021/3/9,廿六,29,29,30.5,,30.5
2021/3/10,廿七,29,29,30.5,,30.5
2021/3/11,廿八,29,29,30.5,,30.5
2021/3/12,廿九,29,29,30.5,,30.5
2021/3/13,二月初一,29,29,30.5,,30.5
2021/3/14,初二,29,29,30.5,,30.5
2021/3/15,初三,29.3,29.3,30.8,,30.5
2021/3/16,初四,29.3,29.3,30.8,,30.5
2021/3/17,初五,29.3,29.3,30.8,,30.5
2021/3/18,初六,29.3,29.3,30.8,,30.5
2021/3/19,初七,29.3,29.3,30.8,,30.5
2021/3/20,初八,29.3,29.3,30.8,,30.5
2021/3/21,初九,29.3,29.3,30.8,,30.5
2021/3/22,初十,29.3,29.3,30.8,,30.5
2021/3/23,十一,29.5,29.5,31,,30.5
2021/3/24,十二,29.5,29.5,31,,32.5
2021/3/25,十三,29.5,29.5,31,,32.5
2021/3/26,十四,29.5,29.5,31,,32.5
2021/3/27,十五,29.5,29.5,31,,32.5
2021/3/28,十六,29.5,29.5,31,,32.5
2021/3/29,十七,29.8,29.8,31.3,,32.5
2021/3/30,十八,29.8,29.8,31.3,,32.5
2021/3/31,十九,29.8,29.8,31.3,,32.5
2021/4/1,二十,29.8,29.8,31.3,,32.5
2021/4/2,廿一,29.8,29.8,31.3,,32.5
2021/4/3,廿二,29.8,29.8,31.3,,32.5
2021/4/4,清明,29.8,29.8,31.3,,32.5
2021/4/5,廿四,29.8,29.8,31.3,,32.5
2021/4/6,廿五,29.8,29.8,31.3,,32.5
2021/4/7,廿六,29.8,29.8,31.3,,32.5
2021/4/8,廿七,29.8,29.8,31.3,,32.5
2021/4/9,廿八,29.8,29.8,31.3,,32.5
2021/4/10,廿九,29.8,29.8,31.3,,32.5
2021/4/11,三十,29.8,29.8,31.3,,32.5
2021/4/12,三月,29.8,29.8,31.3,,32.5
2021/4/13,初二,29.8,29.8,31.3,,32.5
2021/4/14,初三,29.8,29.8,31.3,,32.5
2021/4/15,初四,29.8,29.8,31.3,,32.5
2021/4/16,初五,29.8,29.8,31.3,,32.5
2021/4/17,初六,29.8,29.8,31.3,,32.5
2021/4/18,初七,29.8,29.8,31.3,,32.5
2021/4/19,初八,29.8,29.8,31.3,,32.5
2021/4/20,穀雨,29.8,29.8,31.3,,30.5
2021/4/21,初十,29.8,29.8,31.3,,30.5
2021/4/22,十一,29.8,29.8,31.3,,30.5
2021/4/23,十二,29.8,29.8,31.3,,30.5
2021/4/24,十三,29.8,29.8,31.3,,30.5
2021/4/25,十四,29.8,29.8,31.3,,30.5
2021/4/26,十五,29.8,29.8,31.3,,30.5
2021/4/27,十六,29.8,29.8,31.3,,30.5
2021/4/28,十七,29.8,29.8,31.3,,30.5
2021/4/29,十八,29.8,29.8,31.3,,30.5
2021/4/30,十九,29.8,29.8,31.3,,30.5
2021/5/1,二十,29.8,29.8,31.3,,30.5
2021/5/2,廿一,29.8,29.8,31.3,,30.5
2021/5/3,廿二,29.8,29.8,31.3,,30.5
2021/5/4,廿三,29.8,29.8,31.3,,28.5
2021/5/5,立夏,29.8,29.8,31.3,,28.5
2021/5/6,廿五,29.8,29.8,31.3,,28.5
2021/5/7,廿六,30,30,31.5,,28.5
2021/5/8,廿七,30,30,31.5,,28.5
2021/5/9,廿八,30,30,31.5,,28.5
2021/5/10,廿九,30,30,31.5,,28.5
2021/5/11,三十,30,30,31.5,,28.5
2021/5/12,初一,30,30,31.5,,28.5
2021/5/13,初二,30.3,30.3,31.8,,28.5
2021/5/14,初三,30.3,30.3,31.8,,28.5
2021/5/15,初四,30.3,30.3,31.8,,28.5
2021/5/16,初五,30.3,30.3,31.8,,28.5
2021/5/17,初六,30.3,30.3,31.8,,28.5
2021/5/18,初七,30.3,30.3,31.8,,28.5
2021/5/19,初八,30.3,30.3,31.8,,28.5
2021/5/20,初九,30.3,30.3,31.8,,28.5
2021/5/21,初十,30.3,30.3,31.8,,28.5
2021/5/22,十一,30.3,30.3,31.8,,28.5
2021/5/23,十二,30.3,30.3,31.8,,28.5
2021/5/24,十三,30.3,30.3,31.8,,28.5
2021/5/25,十四,30.3,30.3,31.8,,25.5
2021/5/26,十五,30.3,30.3,31.8,,25.5
2021/5/27,十六,30.3,30.3,31.8,,25.5
2021/5/28,十七,30,30,31.5,,25.5
2021/5/29,十八,30,30,31.5,,25.5
2021/5/30,十九,30,30,31.5,,25.5
2021/5/31,二十,30,30,31.5,,25.5
2021/6/1,廿一,30,30,31.5,,25.5
2021/6/2,廿二,30,30,31.5,,25.5
2021/6/3,廿三,30,30,31.5,,25.5
2021/6/4,廿四,30,30,31.5,,25.5
2021/6/5,廿五,30,30,31.5,,25.5
2021/6/6,廿六,30,30,31.5,,25.5
2021/6/7,廿七,30,30,31.5,,25.5
2021/6/8,廿八,30,30,31.5,,25.5
2021/6/9,廿九,30,30,31.5,,25.5
2021/6/10,五月,30,30,31.5,,25.5
2021/6/11,初二,30,30,31.5,,25.5
2021/6/12,初三,30,30,31.5,,25.5
2021/6/13,初四,30,30,31.5,,25.5
2021/6/14,初五,30,30,31.5,,25.5
2021/6/15,初六,30,30,31.5,,25.5
2021/6/16,初七,30,30,31.5,,28.5
2021/6/17,初八,30,30,31.5,,28.5
2021/6/18,初九,30,30,31.5,,28.5
2021/6/19,初十,30,30,31.5,,28.5
2021/6/20,十一,30,30,31.5,,28.5
2021/6/21,十二,30,30,31.5,,28.5
2021/6/22,十三,30,30,31.5,,28.5
2021/6/23,十四,30,30,31.5,,28.5
2021/6/24,十五,30,30,31.5,,28.5
2021/6/25,十六,30,30,31.5,,28.5
2021/6/26,十七,30,30,31.5,,28.5
2021/6/27,十八,30,30,31.5,,28.5
2021/6/28,十九,30,30,31.5,,28.5
2021/6/29,二十,30,30,31.5,,25.5
2021/6/30,廿一,30,30,31.5,,25.5
2021/7/1,廿二,30,30,31.5,,25.5
2021/7/2,廿三,30,30,31.5,,25.5
2021/7/3,廿四,30,30,31.5,,25.5
2021/7/4,廿五,30,30,31.5,,25.5
2021/7/5,廿六,30,30,31.5,,25.5
2021/7/6,廿七,30,30,31.5,,25.5
2021/7/7,廿八,30,30,31.5,,25.5
2021/7/8,廿九,30,30,31.5,,25.5
2021/7/9,三十,30,30,31.5,,25.5
2021/7/10,六月,30,30,31.5,,25.5
2021/7/11,初二,30,30,31.5,,25.5
2021/7/12,初三,30,30,31.5,,25.5
2021/7/13,初四,30,30,31.5,,23.5
2021/7/14,初五,30,30,31.5,,23.5
2021/7/15,初六,30,30,31.5,,23.5
2021/7/16,初七,30,30,31.5,,23.5
2021/7/17,初八,30,30,31.5,,23.5
2021/7/18,初九,30,30,31.5,,23.5
2021/7/19,初十,30,30,31.5,,23.5
2021/7/20,十一,30,30,31.5,,23.5
2021/7/21,十二,30,30,31.5,,23.5
2021/7/22,十三,30,30,31.5,,23.5
2021/7/23,十四,30,30,31.5,,23.5
2021/7/24,十五,30,30,31.5,,23.5
2021/7/25,十六,30,30,31.5,,23.5
2021/7/26,十七,30,30,31.5,,23.5
2021/7/27,十八,30,30,31.5,,23.5
2021/7/28,十九,30,30,31.5,,23.5
2021/7/29,二十,30,30,31.5,,23.5
2021/7/30,廿一,30,30,31.5,,23.5
2021/7/31,廿二,30,30,31.5,,23.5
2021/8/1,廿三,30,30,31.5,,23.5
2021/8/2,廿四,30.3,30.3,31.8,,23.5
2021/8/3,廿五,30.3,30.3,31.8,,23.5
2021/8/4,廿六,30.3,30.3,31.8,,25.5
2021/8/5,廿七,30.3,30.3,31.8,,25.5
2021/8/6,廿八,30.3,30.3,31.8,,25.5
2021/8/7,廿九,30.3,30.3,31.8,,25.5
2021/8/8,七月,30.3,30.3,31.8,,25.5
2021/8/9,初二,30.5,30.5,32,,25.5
2021/8/10,初三,30.5,30.5,32,,25.5
2021/8/11,初四,30.5,30.5,32,,25.5
2021/8/12,初五,30.5,30.5,32,,25.5
2021/8/13,初六,30.5,30.5,32,,25.5
2021/8/14,初七,30.5,30.5,32,,25.5
2021/8/15,初八,30.5,30.5,32,,25.5
2021/8/16,初九,30.8,30.8,32.3,,25.5
2021/8/17,初十,30.8,30.8,32.3,,25.5
2021/8/18,十一,30.8,30.8,32.3,,25.5
2021/8/19,十二,30.8,30.8,32.3,,25.5
2021/8/20,十三,30.8,30.8,32.3,,25.5
2021/8/21,十四,30.8,30.8,32.3,,25.5
2021/8/22,十五,30.8,30.8,32.3,,25.5
2021/8/23,十六,30.8,30.8,32.3,,25.5
2021/8/24,十七,30.8,30.8,32.3,,25.5
2021/8/25,十八,31,31,32.5,,25.5
2021/8/26,十九,31,31,32.5,,25.5
2021/8/27,二十,31,31,32.5,,25.5
2021/8/28,廿一,31,31,32.5,,25.5
2021/8/29,廿二,31,31,32.5,,25.5
2021/8/30,廿三,31,31,32.5,,25.5
2021/8/31,廿四,31,31,32.5,,25.5
2021/9/1,廿五,31.3,31.3,32.8,,27.5
2021/9/2,廿六,31.3,31.3,32.8,,27.5
2021/9/3,廿七,31.3,31.3,32.8,,27.5
2021/9/4,廿八,31.3,31.3,32.8,,27.5
2021/9/5,廿九,31.3,31.3,32.8,,27.5
2021/9/6,三十,31.3,31.3,32.8,,27.5
2021/9/7,八月,31.3,31.3,32.8,,27.5
2021/9/8,初二,31.3,31.3,32.8,,27.5
2021/9/9,初三,31.3,31.3,32.8,,27.5
2021/9/10,初四,31.5,31.5,33,,27.5
2021/9/11,初五,31.5,31.5,33,,27.5
2021/9/12,初六,31.5,31.5,33,,27.5
2021/9/13,初七,31.5,31.5,33,,27.5
2021/9/14,初八,31.5,31.5,33,,25.5
2021/9/15,初九,31.5,31.5,33,,25.5
2021/9/16,初十,31.5,31.5,33,,25.5
2021/9/17,十一,31.8,31.8,33.3,,25.5
2021/9/18,十二,31.8,31.8,33.3,,25.5
2021/9/19,十三,31.8,31.8,33.3,,25.5
2021/9/20,十四,31.8,31.8,33.3,,25.5
2021/9/21,十五,31.8,31.8,33.3,,25.5
2021/9/22,十六,31.8,31.8,33.3,,25.5
2021/9/23,十七,31.8,31.8,33.3,,25.5
2021/9/24,十八,31.8,31.8,33.3,,25.5
2021/9/25,十九,31.8,31.8,33.3,,25.5
2021/9/26,二十,31.8,31.8,33.3,,25.5
2021/9/27,廿一,31.8,31.8,33.3,,25.5
2021/9/28,廿二,31.8,31.8,33.3,,23.5
2021/9/29,廿三,31.8,31.8,33.3,,23.5
2021/9/30,廿四,31.8,31.8,33.3,,23.5
2021/10/1,廿五,31.8,31.8,33.3,,23.5
2021/10/2,廿六,31.8,31.8,33.3,,23.5
2021/10/3,廿六,31.8,31.8,33.3,,23.5
2021/10/4,廿八,31.8,31.8,33.3,,23.5
2021/10/5,廿九,31.8,31.8,33.3,,23.5
2021/10/6,九月,31.8,31.8,33.3,,23.5
2021/10/7,初二,31.8,31.8,33.3,,23.5
2021/10/8,初三,31.8,31.8,33.3,,23.5
2021/10/9,初四,31.8,31.8,33.3,,23.5
2021/10/10,初五,31.8,31.8,33.3,,23.5
2021/10/11,初六,31.8,31.8,33.3,,23.5
2021/10/12,初七,31.8,31.8,33.3,,23.5
2021/10/13,初八,31.8,31.8,33.3,,23.5
2021/10/14,初九,31.8,31.8,33.3,,23.5
2021/10/15,初十,31.8,31.8,33.3,,23.5
2021/10/16,十一,31.8,31.8,33.3,,23.5
2021/10/17,十二,31.8,31.8,33.3,,23.5
2021/10/18,十三,31.8,31.8,33.3,,23.5
2021/10/19,十四,31.8,31.8,33.3,,23.5
2021/10/20,十五,31.8,31.8,33.3,,23.5
2021/10/21,十六,31.8,31.8,33.3,,23.5
2021/10/22,十七,31.8,31.8,33.3,,23.5
2021/10/23,十八,31.8,31.8,33.3,,23.5
2021/10/24,十九,31.8,31.8,33.3,,23.5
2021/10/25,二十,31.8,31.8,33.3,,23.5
2021/10/26,廿一,31.8,31.8,33.3,,23.5
2021/10/27,廿二,31.8,31.8,33.3,,26.5
2021/10/28,廿三,31.8,31.8,33.3,,26.5
2021/10/29,廿四,31.8,31.8,33.3,,26.5
2021/10/30,廿五,31.8,31.8,33.3,,26.5
2021/10/31,廿六,31.8,31.8,33.3,,26.5
2021/11/1,廿七,31.8,31.8,33.3,,26.5
2021/11/2,廿八,31.8,31.8,33.3,,26.5
2021/11/3,廿九,31.8,31.8,33.3,,28.5
2021/11/4,三十,31.8,31.8,33.3,,28.5
2021/11/5,十月,31.8,31.8,33.3,,28.5
2021/11/6,初二,31.8,31.8,33.3,,28.5
2021/11/7,初三,31.8,31.8,33.3,,28.5
2021/11/8,初四,31.8,31.8,33.3,,28.5
2021/11/9,初五,31.8,31.8,33.3,,28.5
2021/11/10,初六,31.8,31.8,33.3,,28.5
2021/11/11,初七,31.8,31.8,33.3,,28.5
2021/11/12,初八,31.8,31.8,33.3,,28.5
2021/11/13,初九,31.8,31.8,33.3,,28.5
2021/11/14,初十,31.8,31.8,33.3,,28.5
2021/11/15,十一,31.8,31.8,33.3,,28.5
2021/11/16,十二,31.5,31.5,33,,28.5
2021/11/17,十三,31.5,31.5,33,,30.5
2021/11/18,十四,31.5,31.5,33,,30.5
2021/11/19,十五,31.5,31.5,33,,30.5
2021/11/20,十六,31.5,31.5,33,,30.5
2021/11/21,十七,31.5,31.5,33,,30.5
2021/11/22,十八,31.5,31.5,33,,30.5
2021/11/23,十九,31.5,31.5,33,,30.5
2021/11/24,二十,31.5,31.5,33,,30.5
2021/11/25,廿一,31.5,31.5,33,,30.5
2021/11/26,廿二,31.5,31.5,33,,30.5
2021/11/27,廿三,31.5,31.5,33,,30.5
2021/11/28,廿四,31.5,31.5,33,,30.5
2021/11/29,廿五,31.5,31.5,33,,30.5
2021/11/30,廿六,31.5,31.5,33,,30.5
2021/12/1,廿七,31.5,31.5,33,,32.5
2021/12/2,廿八,31.5,31.5,33,,32.5
2021/12/3,廿九,31.5,31.5,33,,32.5
2021/12/4,十一月,31.5,31.5,33,,32.5
2021/12/5,初二,31.5,31.5,33,,32.5
2021/12/6,初三,31.8,31.8,33.3,,32.5
2021/12/7,初四,31.8,31.8,33.3,,32.5
2021/12/8,初五,31.8,31.8,33.3,,32.5
2021/12/9,初六,31.8,31.8,33.3,,32.5
2021/12/10,初七,31.8,31.8,33.3,,32.5
2021/12/11,初八,31.8,31.8,33.3,,32.5
2021/12/12,初九,31.8,31.8,33.3,,32.5
2021/12/13,初十,31.8,31.8,33.3,,32.5
2021/12/14,十一,31.8,31.8,33.3,,32.5
2021/12/15,十二,31.8,31.8,33.3,,32.5
2021/12/16,十三,31.8,31.8,33.3,,32.5
2021/12/17,十四,31.8,31.8,33.3,,32.5
2021/12/18,十五,31.8,31.8,33.3,,32.5
2021/12/19,十六,31.8,31.8,33.3,,32.5
2021/12/20,十七,31.8,31.8,33.3,,32.5
2021/12/21,十八,31.8,31.8,33.3,,32.5
2021/12/22,十九,31.8,31.8,33.3,,34.5
2021/12/23,二十,31.5,31.5,33,,34.5
2021/12/24,廿一,31.5,31.5,33,,34.5
2021/12/25,廿二,31.5,31.5,33,,34.5
2021/12/26,廿三,31.5,31.5,33,,34.5
2021/12/27,廿四,31.5,31.5,33,,34.5
2021/12/28,廿五,31.5,31.5,33,,34.5
2021/12/29,廿九,31.5,31.5,33,,34.5
2021/12/30,廿七,31.5,31.5,33,,34.5
2021/12/31,廿八,31.5,31.5,33,,34.5
2022/1/1,廿九,31.5,31.5,33,,34.5
2022/1/2,三十,31.5,31.5,33,,34.5
2022/1/3,十二月,31.5,31.5,33,,34.5
2022/1/4,初二,31.5,31.5,33,,34.5
2022/1/5,初三,31.5,31.5,33,,34.5
2022/1/6,初四,31.5,31.5,33,,34.5
2022/1/7,初五,31.5,31.5,33,,34.5
2022/1/8,初六,31.5,31.5,33,,34.5
2022/1/9,初七,31.5,31.5,33,,34.5
2022/1/10,初八,31.5,31.5,33,,34.5
2022/1/11,初九,31.5,31.5,33,,34.5
2022/1/12,初十,31.3,31.3,32.8,,34.5
2022/1/13,十一,31.3,31.3,32.8,,34.5
2022/1/14,十二,31.3,31.3,32.8,,34.5
2022/1/15,十三,31.3,31.3,32.8,,34.5
2022/1/16,十四,31.3,31.3,32.8,,34.5
2022/1/17,十五,31.3,31.3,32.8,,34.5
2022/1/18,十六,31.3,31.3,32.8,,34.5
2022/1/19,十七,31.3,31.3,32.8,,34.5
2022/1/20,十八,31.3,31.3,32.8,,34.5
2022/1/21,十九,31.3,31.3,32.8,,34.5
2022/1/22,二十,31.3,31.3,32.8,,34.5
2022/1/23,廿一,31.3,31.3,32.8,,34.5
2022/1/24,廿二,31.3,31.3,32.8,,34.5
2022/1/25,廿三,31.3,31.3,32.8,,34.5
2022/1/26,廿四,31.3,31.3,32.8,,34.5
2022/1/27,廿五,31.3,31.3,32.8,,34.5
2022/1/28,廿六,31.3,31.3,32.8,,30.5
2022/1/29,廿七,31.3,31.3,32.8,,30.5
2022/1/30,廿八,休市,休市,休市,,30.5
2022/1/31,廿九,休市,休市,休市,,30.5
2022/2/1,初一,休市,休市,休市,,30.5
2022/2/2,初二,休市,休市,休市,,30.5
2022/2/3,初三,31.3,31.3,32.8,,30.5
2022/2/4,初四,31.3,31.3,32.8,,30.5
2022/2/5,初五,31.3,31.3,32.8,,30.5
2022/2/6,初六,31.3,31.3,32.8,,34.5
2022/2/7,初七,31.3,31.3,32.8,,34.5
2022/2/8,初八,31.5,31.5,33,,34.5
2022/2/9,初九,31.5,31.5,33,,34.5
2022/2/10,初十,31.5,31.5,33,,34.5
2022/2/11,十一,31.5,31.5,33,,34.5
2022/2/12,十二,31.5,31.5,33,,34.5
2022/2/13,十三,31.5,31.5,33,,36.5
2022/2/14,十四,31.5,31.5,33,,36.5
2022/2/15,十五,31.5,31.5,33,,36.5
2022/2/16,十六,31.5,31.5,33,,36.5
2022/2/17,十七,31.5,31.5,33,,36.5
2022/2/18,十八,31.5,31.5,33,,36.5
2022/2/19,十九,31.5,31.5,33,,36.5
2022/2/20,二十,31.5,31.5,33,,36.5
2022/2/21,廿一,31.5,31.5,33,,36.5
2022/2/22,廿二,31.5,31.5,33,,36.5
2022/2/23,廿三,31.5,31.5,33,,36.5
2022/2/24,廿四,31.8,31.8,33.3,,36.5
2022/2/25,廿五,31.8,31.8,33.3,,36.5
2022/2/26,廿六,31.8,31.8,33.3,,36.5
2022/2/27,廿七,31.8,31.8,33.3,,36.5
2022/2/28,廿八,31.8,31.8,33.3,,36.5
2022/3/1,廿九,31.8,31.8,33.3,,36.5
2022/3/2,三十,31.8,31.8,33.3,,36.5
2022/3/3,二月,31.8,31.8,33.3,,36.5
2022/3/4,初二,31.8,31.8,33.3,,36.5
2022/3/5,初三,31.8,31.8,33.3,,36.5
2022/3/6,初四,31.8,31.8,33.3,,36.5
2022/3/7,初五,31.8,31.8,33.3,,36.5
2022/3/8,初六,31.8,31.8,33.3,,36.5
2022/3/9,初七,31.8,31.8,33.3,,36.5
2022/3/10,初八,31.8,31.8,33.3,,36.5
2022/3/11,初九,31.8,31.8,33.3,,36.5
2022/3/12,初十,31.8,31.8,33.3,,36.5
2022/3/13,十一,31.8,31.8,33.3,,36.5
2022/3/14,十二,32,32,33.5,,36.5
2022/3/15,十三,32,32,33.5,,36.5
2022/3/16,十四,32,32,33.5,,36.5
2022/3/17,十五,32,32,33.5,,36.5
2022/3/18,十六,32,32,33.5,,38.5
2022/3/19,十七,32,32,33.5,,38.5
2022/3/20,十八,32,32,33.5,,38.5
2022/3/21,十九,32.3,32.3,33.8,,38.5
2022/3/22,二十,32.3,32.3,33.8,,38.5
2022/3/23,廿一,32.3,32.3,33.8,,38.5
2022/3/24,廿二,32.5,32.5,34,,38.5
2022/3/25,廿三,32.5,32.5,34,,38.5
2022/3/26,廿四,32.5,32.5,34,,38.5
2022/3/27,廿五,32.5,32.5,34,,38.5
2022/3/28,廿六,32.5,32.5,34,,38.5
2022/3/29,廿七,32.5,32.5,34,,38.5
2022/3/30,廿八,32.8,32.8,34.3,,38.5
2022/3/31,廿九,32.8,32.8,34.3,,38.5
2022/4/1,三月,32.8,32.8,34.3,,38.5
2022/4/2,初二,32.8,32.8,34.3,,38.5
2022/4/3,初三,32.8,32.8,34.3,,38.5
2022/4/4,初四,32.8,32.8,34.3,,38.5
2022/4/5,初五,32.8,32.8,34.3,,38.5
2022/4/6,初六,33,33,34.5,,38.5
2022/4/7,初七,33,33,34.5,,38.5
2022/4/8,初八,33,33,34.5,,38.5
2022/4/9,初九,33,33,34.5,,38.5
2022/4/10,初十,33,33,34.5,,38.5
2022/4/11,十一,33.3,33.3,34.8,,38.5
2022/4/12,十二,33.3,33.3,34.8,,38.5
2022/4/13,十三,33.3,33.3,34.8,,38.5
2022/4/14,十四,33.5,33.5,35,,38.5
2022/4/15,十五,33.5,33.5,35,,38.5
2022/4/16,十六,33.5,33.5,35,,38.5
2022/4/17,十七,33.5,33.5,35,,38.5
2022/4/18,十八,33.5,33.5,35,,38.5
2022/4/19,十九,33.5,33.5,35,,38.5
2022/4/20,二十,33.8,33.8,35.3,,40.5
2022/4/21,廿一,33.8,33.8,35.3,,40.5
2022/4/22,廿二,33.8,33.8,35.3,,40.5
2022/4/23,廿三,33.8,33.8,35.3,,40.5
2022/4/24,廿四,33.8,33.8,35.3,,40.5
2022/4/25,廿五,34,34,35.5,,40.5
2022/4/26,廿六,34,34,35.5,,40.5
2022/4/27,廿七,34,34,35.5,,40.5
2022/4/28,廿八,34,34,35.5,,40.5
2022/4/29,廿九,34,34,35.5,,40.5
2022/4/30,三十,34,34,35.5,,40.5
2022/5/1,四月,34,34,35.5,,40.5
2022/5/2,初二,34,34,35.5,,40.5
2022/5/3,初三,34.3,34.3,35.8,,40.5
2022/5/4,初四,34.3,34.3,35.8,,40.5
2022/5/5,初五,34.3,34.3,35.8,,40.5
2022/5/6,初六,34.3,34.3,35.8,,40.5
2022/5/7,初七,34.3,34.3,35.8,,40.5
2022/5/8,初八,34.3,34.3,35.8,,40.5
2022/5/9,初九,34.5,34.5,36,,40.5
2022/5/10,初十,34.5,34.5,36,,40.5
2022/5/11,十一,34.5,34.5,36,,40.5
2022/5/12,十二,34.5,34.5,36,,40.5
2022/5/13,十三,34.5,34.5,36,,40.5
2022/5/14,十四,34.5,34.5,36,,40.5
2022/5/15,十五,34.5,34.5,36,,40.5
2022/5/16,十六,34.5,34.5,36,,40.5
2022/5/17,十七,34.8,34.8,36.3,,40.5
2022/5/18,十八,34.8,34.8,36.3,,40.5
2022/5/19,十九,34.8,34.8,36.3,,40.5
2022/5/20,二十,34.8,34.8,36.3,,40.5
2022/5/21,廿一,34.8,34.8,36.3,,40.5
2022/5/22,廿二,34.8,34.8,36.3,,40.5
2022/5/23,廿三,34.8,34.8,36.3,,40.5
2022/5/24,廿四,35,35,36.5,,40.5
2022/5/25,廿五,35,35,36.5,,40.5
2022/5/26,廿六,35,35,36.5,,40.5
2022/5/27,廿七,35,35,36.5,,40.5
2022/5/28,廿八,35,35,36.5,,40.5
2022/5/29,廿九,35,35,36.5,,40.5
2022/5/30,五月,35,35,36.5,,40.5
2022/5/31,初二,35.3,35.3,36.8,,40.5
2022/6/1,初三,35.3,35.3,36.8,,40.5
2022/6/2,初四,35.3,35.3,36.8,,40.5
2022/6/3,初五,35.3,35.3,36.8,,40.5
2022/6/4,初六,35.3,35.3,36.8,,40.5
2022/6/5,初七,35.3,35.3,36.8,,40.5
2022/6/6,初八,35.3,35.3,36.8,,40.5
2022/6/7,初九,35.3,35.3,36.8,,40.5
2022/6/8,初十,35.3,35.3,36.8,,40.5
2022/6/9,十一,35.3,35.3,36.8,,40.5
2022/6/10,十二,35.3,35.3,36.8,,40.5
2022/6/11,十三,35.3,35.3,36.8,,40.5
2022/6/12,十四,35.3,35.3,36.8,,40.5
2022/6/13,十五,35.3,35.3,36.8,,40.5
2022/6/14,十六,35.3,35.3,36.8,,40.5
2022/6/15,十七,35.3,35.3,36.8,,40.5
2022/6/16,十八,35.3,35.3,36.8,,40.5
2022/6/17,十九,35.3,35.3,36.8,,40.5
2022/6/18,二十,35.3,35.3,36.8,,40.5
2022/6/19,廿一,35.3,35.3,36.8,,40.5
2022/6/20,廿二,35.3,35.3,36.8,,40.5
2022/6/21,廿三,35.3,35.3,36.8,,40.5
2022/6/22,廿四,35.3,35.3,36.8,,40.5
2022/6/23,廿五,35.3,35.3,36.8,,40.5
2022/6/24,廿六,35.3,35.3,36.8,,40.5
2022/6/25,廿七,35.3,35.3,36.8,,40.5
2022/6/26,廿八,35.3,35.3,36.8,,40.5
2022/6/27,廿九,35.3,35.3,36.8,,40.5
2022/6/28,三十,35.5,35.5,37,,40.5
2022/6/29,六月,35.5,35.5,37,,40.5
2022/6/30,初二,35.5,35.5,37,,40.5
2022/7/1,初三,35.5,35.5,37,,40.5
2022/7/2,初四,35.5,35.5,37,,40.5
2022/7/3,初五,35.5,35.5,37,,40.5
2022/7/4,初六,35.5,35.5,37,,40.5
2022/7/5,初七,35.8,35.8,37.3,,40.5
2022/7/6,初八,35.8,35.8,37.3,,40.5
2022/7/7,初九,35.8,35.8,37.3,,40.5
2022/7/8,初十,35.8,35.8,37.3,,40.5
2022/7/9,十一,35.8,35.8,37.3,,40.5
2022/7/10,十二,35.8,35.8,37.3,,40.5
2022/7/11,十三,35.8,35.8,37.3,,40.5
2022/7/12,十四,35.8,35.8,37.3,,40.5
2022/7/13,十五,35.8,35.8,37.3,,40.5
2022/7/14,十六,35.8,35.8,37.3,,40.5
2022/7/15,十七,35.8,35.8,37.3,,40.5
2022/7/16,十八,35.8,35.8,37.3,,40.5
2022/7/17,十九,35.8,35.8,37.3,,40.5
2022/7/18,二十,35.8,35.8,37.3,,40.5
2022/7/19,廿一,35.8,35.8,37.3,,40.5
2022/7/20,廿二,35.8,35.8,37.3,,42.5
2022/7/21,廿三,35.8,35.8,37.3,,42.5
2022/7/22,廿四,35.8,35.8,37.3,,42.5
2022/7/23,廿五,35.8,35.8,37.3,,42.5
2022/7/24,廿六,35.8,35.8,37.3,,42.5
2022/7/25,廿七,35.8,35.8,37.3,,42.5
2022/7/26,廿八,35.8,35.8,37.3,,42.5
2022/7/27,廿九,35.8,35.8,37.3,,42.5
2022/7/28,三十,35.8,35.8,37.3,,42.5
2022/7/29,七月,35.8,35.8,37.3,,42.5
2022/7/30,初二,35.8,35.8,37.3,,42.5
2022/7/31,初三,35.8,35.8,37.3,,42.5
2022/8/1,初四,35.8,35.8,37.3,,42.5
2022/8/2,初五,35.8,35.8,37.3,,42.5
2022/8/3,初六,35.8,35.8,37.3,,42.5
2022/8/4,初七,35.8,35.8,37.3,,42.5
2022/8/5,初八,35.8,35.8,37.3,,42.5
2022/8/6,初九,35.8,35.8,37.3,,42.5
2022/8/7,立秋,35.8,35.8,37.3,,42.5
2022/8/8,十一,35.8,35.8,37.3,,42.5
2022/8/9,十二,35.8,35.8,37.3,,42.5
2022/8/10,十三,35.8,35.8,37.3,,42.5
2022/8/11,十四,35.8,35.8,37.3,,42.5
2022/8/12,中元節,35.8,35.8,37.3,,42.5
2022/8/13,十六,35.8,35.8,37.3,,42.5
2022/8/14,十七,35.8,35.8,37.3,,42.5
2022/8/15,十八,35.8,35.8,37.3,,42.5
2022/8/16,十九,35.8,35.8,37.3,,42.5
2022/8/17,二十,35.8,35.8,37.3,,42.5
2022/8/18,廿一,35.8,35.8,37.3,,42.5
2022/8/19,廿二,35.5,35.5,37,,42.5
2022/8/20,廿三,35.5,35.5,37,,42.5
2022/8/21,廿四,35.5,35.5,37,,42.5
2022/8/22,廿五,35.5,35.5,37,,42.5
2022/8/23,處暑,35.5,35.5,37,,42.5
2022/8/24,廿七,35.5,35.5,37,,42.5
2022/8/25,廿八,35.5,35.5,37,,42.5
2022/8/26,廿九,35.5,35.5,37,,42.5
2022/8/27,八月,35.5,35.5,37,,42.5
2022/8/28,初二,35.5,35.5,37,,42.5
2022/8/29,初三,35.5,35.5,37,,42.5
2022/8/30,初四,35.5,35.5,37,,42.5
2022/8/31,初五,35.3,35.3,36.8,,42.5
2022/9/1,初六,35.3,35.3,36.8,,42.5
2022/9/2,初七,35.3,35.3,36.8,,42.5
2022/9/3,初八,35.3,35.3,36.8,,42.5
2022/9/4,初九,35.3,35.3,36.8,,42.5
2022/9/5,初十,35.3,35.3,36.8,,42.5
2022/9/6,十一,35.3,35.3,36.8,,42.5
2022/9/7,白露,35.3,35.3,36.8,,42.5
2022/9/8,十三,35.3,35.3,36.8,,42.5
2022/9/9,十四,35.3,35.3,36.8,,42.5
2022/9/10,中秋,35.3,35.3,36.8,,42.5
2022/9/11,十六,35.3,35.3,36.8,,42.5
2022/9/12,十七,35.3,35.3,36.8,,42.5
2022/9/13,十八,35.3,35.3,36.8,,42.5
2022/9/14,十九,35.3,35.3,36.8,,42.5
2022/9/15,二十,35.3,35.3,36.8,,42.5
2022/9/16,廿一,35.3,35.3,36.8,,42.5
2022/9/17,廿二,35.3,35.3,36.8,,42.5
2022/9/18,廿三,35.3,35.3,36.8,,42.5
2022/9/19,廿四,35.3,35.3,36.8,,42.5
2022/9/20,廿五,35,35,36.5,,42.5
2022/9/21,廿六,35,35,36.5,,42.5
2022/9/22,廿七,35,35,36.5,,42.5
2022/9/23,秋分,35,35,36.5,,42.5
2022/9/24,廿九,35,35,36.5,,42.5
2022/9/25,三十,35,35,36.5,,42.5
2022/9/26,九月,35,35,36.5,,42.5
2022/9/27,初二,34.8,34.8,36.3,,42.5
2022/9/28,初三,34.8,34.8,36.3,,42.5
2022/9/29,初四,34.8,34.8,36.3,,42.5
2022/9/30,初五,34.8,34.8,36.3,,42.5
2022/10/1,初六,34.8,34.8,36.3,,42.5
2022/10/2,初七,34.8,34.8,36.3,,42.5
2022/10/3,初八,34.8,34.8,36.3,,42.5
2022/10/4,初九,34.8,34.8,36.3,,40.5
2022/10/5,初十,34.8,34.8,36.3,,40.5
2022/10/6,十一,34.5,34.5,36,,40.5
2022/10/7,十二,34.5,34.5,36,,40.5
2022/10/8,寒露,34.5,34.5,36,,40.5
2022/10/9,十四,34.5,34.5,36,,40.5
2022/10/10,十五,34.5,34.5,36,,40.5
2022/10/11,十六,34.5,34.5,36,,40.5
2022/10/12,十七,34.5,34.5,36,,40.5
2022/10/13,十八,34.5,34.5,36,,40.5
2022/10/14,十九,34.5,34.5,36,,40.5
2022/10/15,二十,34.5,34.5,36,,40.5
2022/10/16,廿一,34.5,34.5,36,,40.5
2022/10/17,廿二,34.5,34.5,36,,40.5
2022/10/18,廿三,34.5,34.5,36,,40.5
2022/10/19,廿四,34.5,34.5,36,,40.5
2022/10/20,廿五,34.5,34.5,36,,40.5
2022/10/21,廿六,34.5,34.5,36,,40.5
2022/10/22,廿七,34.5,34.5,36,,40.5
2022/10/23,霜降,34.5,34.5,36,,40.5
2022/10/24,廿九,34.5,34.5,36,,40.5
2022/10/25,十月,34.5,34.5,36,,40.5
2022/10/26,初二,34.5,34.5,36,,40.5
2022/10/27,初三,34.5,34.5,36,,40.5
2022/10/28,初四,34.5,34.5,36,,40.5
2022/10/29,初五,34.5,34.5,36,,40.5
2022/10/30,初六,34.5,34.5,36,,40.5
2022/10/31,初七,34.5,34.5,36,,40.5
2022/11/1,初八,34.5,34.5,36,,40.5
2022/11/2,初九,34.5,34.5,36,,40.5
2022/11/3,初十,34.5,34.5,36,,40.5
2022/11/4,十一,34.5,34.5,36,,40.5
2022/11/5,十二,34.5,34.5,36,,40.5
2022/11/6,十三,34.5,34.5,36,,40.5
2022/11/7,立冬,34.5,34.5,36,,40.5
2022/11/8,十五,34.5,34.5,36,,40.5
2022/11/9,十六,34.5,34.5,36,,40.5
2022/11/10,十七,34.5,34.5,36,,40.5
2022/11/11,十八,34.5,34.5,36,,40.5
2022/11/12,十九,34.5,34.5,36,,40.5
2022/11/13,二十,34.5,34.5,36,,40.5
2022/11/14,廿一,34.5,34.5,36,,40.5
2022/11/15,廿二,34.5,34.5,36,,40.5
2022/11/16,廿三,34.5,34.5,36,,40.5
2022/11/17,廿四,34.5,34.5,36,,40.5
2022/11/18,廿五,34.5,34.5,36,,40.5
2022/11/19,廿六,34.5,34.5,36,,40.5
2022/11/20,廿七,34.5,34.5,36,,40.5
2022/11/21,廿八,34.5,34.5,36,,40.5
2022/11/22,小雪,34.5,34.5,36,,40.5
2022/11/23,三十,34.5,34.5,36,,40.5
2022/11/24,十一月,34.5,34.5,36,,40.5
2022/11/25,初二,34.5,34.5,36,,40.5
2022/11/26,初三,34.5,34.5,36,,40.5
2022/11/27,初四,34.5,34.5,36,,40.5
2022/11/28,初五,34.5,34.5,36,,40.5
2022/11/29,初六,34.5,34.5,36,,40.5
2022/11/30,初七,34.5,34.5,36,,40.5
2022/12/1,初八,34.5,34.5,36,,40.5
2022/12/2,初九,34.5,34.5,36,,40.5
2022/12/3,初十,34.5,34.5,36,,40.5
2022/12/4,十一,34.5,34.5,36,,40.5
2022/12/5,十二,34.5,34.5,36,,40.5
2022/12/6,十三,34.5,34.5,36,,40.5
2022/12/7,大雪,34.5,34.5,36,,40.5
2022/12/8,十五,34.5,34.5,36,,40.5
2022/12/9,十六,34.5,34.5,36,,40.5
2022/12/10,十七,34.5,34.5,36,,40.5
2022/12/11,十八,34.5,34.5,36,,40.5
2022/12/12,十九,34.8,34.8,36.3,,40.5
2022/12/13,二十,34.8,34.8,36.3,,40.5
2022/12/14,廿一,34.8,34.8,36.3,,40.5
2022/12/15,廿二,34.8,34.8,36.3,,40.5
2022/12/16,廿三,34.8,34.8,36.3,,40.5
2022/12/17,廿四,34.8,34.8,36.3,,40.5
2022/12/18,廿五,34.8,34.8,36.3,,40.5
2022/12/19,廿六,34.8,34.8,36.3,,40.5
2022/12/20,廿七,34.8,34.8,36.3,,40.5
2022/12/21,廿八,34.8,34.8,36.3,,40.5
2022/12/22,冬至,34.8,34.8,36.3,,40.5
2022/12/23,十二月,34.8,34.8,36.3,,40.5
2022/12/24,初二,34.8,34.8,36.3,,40.5
2022/12/25,初三,34.8,34.8,36.3,,40.5
2022/12/26,初四,35,35,36.5,,40.5
2022/12/27,初五,35,35,36.5,,40.5
2022/12/28,初六,35,35,36.5,,40.5
2022/12/29,初七,35,35,36.5,,40.5
2022/12/30,初八,35,35,36.5,,40.5
2022/12/31,初九,35,35,36.5,,40.5
2023/1/1,初十,35,35,36.5,,40.5
2023/1/2,十一,35,35,36.5,,40.5
2023/1/3,十二,35,35,36.5,,40.5
2023/1/4,十三,35,35,36.5,,40.5
2023/1/5,小寒,35,35,36.5,,40.5
2023/1/6,十五,35,35,36.5,,40.5
2023/1/7,十六,35,35,36.5,,40.5
2023/1/8,十七,35,35,36.5,,40.5
2023/1/9,十八,35.3,35.3,36.8,,40.5
2023/1/10,十九,35.3,35.3,36.8,,40.5
2023/1/11,二十,35.3,35.3,36.8,,40.5
2023/1/12,廿一,35.3,35.3,36.8,,40.5
2023/1/13,廿二,35.3,35.3,36.8,,40.5
2023/1/14,廿三,35.3,35.3,36.8,,40.5
2023/1/15,廿四,35.3,35.3,36.8,,40.5
2023/1/16,廿五,35.3,35.3,36.8,,40.5
2023/1/17,廿六,35.3,35.3,36.8,,40.5
2023/1/18,廿七,35.3,35.3,36.8,,40.5
2023/1/19,廿八,35.3,35.3,36.8,,40.5
2023/1/20,大寒,休市,休市,休市,,40.5
2023/1/21,除夕,休市,休市,休市,,議價
2023/1/22,春節,休市,休市,休市,,議價
2023/1/23,初二,休市,休市,休市,,議價
2023/1/24,初三,35.5,35.5,37,,議價
2023/1/25,初四,35.5,35.5,37,,議價
2023/1/26,初五,35.5,35.5,37,,議價
2023/1/27,初六,35.5,35.5,37,,議價
2023/1/28,初七,35.5,35.5,37,,40.5
2023/1/29,初八,35.5,35.5,37,,40.5
2023/1/30,初九,35.5,35.5,37,,40.5
2023/1/31,初十,35.5,35.5,37,,40.5
2023/2/1,十一,35.5,35.5,37,,40.5
2023/2/2,十二,35.5,35.5,37,,40.5
2023/2/3,十三,35.5,35.5,37,,40.5
2023/2/4,立春,35.5,35.5,37,,40.5
2023/2/5,元宵,35.5,35.5,37,,40.5
2023/2/6,十六,35.5,35.5,37,,40.5
2023/2/7,十七,35.5,35.5,37,,40.5
2023/2/8,十八,35.5,35.5,37,,40.5
2023/2/9,十九,35.5,35.5,37,,40.5
2023/2/10,二十,35.5,35.5,37,,40.5
2023/2/11,廿一,35.5,35.5,37,,40.5
2023/2/12,廿二,35.5,35.5,37,,40.5
2023/2/13,廿三,35.8,35.8,37.3,,40.5
2023/2/14,廿四,35.8,35.8,37.3,,40.5
2023/2/15,廿五,35.8,35.8,37.3,,42.5
2023/2/16,廿六,35.8,35.8,37.3,,42.5
2023/2/17,廿七,35.8,35.8,37.3,,42.5
2023/2/18,廿八,35.8,35.8,37.3,,42.5
2023/2/19,雨水,35.8,35.8,37.3,,42.5
2023/2/20,二月,35.8,35.8,37.3,,42.5
2023/2/21,初二,35.8,35.8,37.3,,42.5
2023/2/22,初三,35.8,35.8,37.3,,42.5
2023/2/23,初四,35.8,35.8,37.3,,42.5
2023/2/24,初五,35.8,35.8,37.3,,42.5
2023/2/25,初六,35.8,35.8,37.3,,42.5
2023/2/26,初七,35.8,35.8,37.3,,42.5
2023/2/27,初八,35.8,35.8,37.3,,42.5
2023/2/28,初九,35.8,35.8,37.3,,42.5
2023/3/1,初十,35.8,35.8,37.3,,42.5
2023/3/2,十一,35.8,35.8,37.3,,42.5
2023/3/3,十二,35.8,35.8,37.3,,42.5
2023/3/4,十三,35.8,35.8,37.3,,42.5
2023/3/5,十四,35.8,35.8,37.3,,42.5
2023/3/6,驚蟄,35.8,35.8,37.3,,42.5
2023/3/7,十六,35.8,35.8,37.3,,42.5
2023/3/8,十七,35.8,35.8,37.3,,45.5
2023/3/9,十八,35.8,35.8,37.3,,45.5
2023/3/10,十九,35.8,35.8,37.3,,45.5
2023/3/11,二十,35.8,35.8,37.3,,45.5
2023/3/12,廿一,35.8,35.8,37.3,,45.5
2023/3/13,廿二,36,36,37.5,,45.5
2023/3/14,廿三,36,36,37.5,,45.5
2023/3/15,廿四,36,36,37.5,,45.5
2023/3/16,廿五,36,36,37.5,,45.5
2023/3/17,廿六,36,36,37.5,,45.5
2023/3/18,廿七,36,36,37.5,,45.5
2023/3/19,廿八,36,36,37.5,,45.5
2023/3/20,廿九,36,36,37.5,,45.5
2023/3/21,春分,36,36,37.5,,45.5
2023/3/22,閏二月,36,36,37.5,,45.5
2023/3/23,初二,36,36,37.5,,45.5
2023/3/24,初三,36,36,37.5,,45.5
2023/3/25,初四,36,36,37.5,,45.5
2023/3/26,初五,36,36,37.5,,45.5
2023/3/27,初六,36.3,36.3,37.8,,45.5
2023/3/28,初七,36.3,36.3,37.8,,45.5
2023/3/29,初八,36.3,36.3,37.8,,45.5
2023/3/30,初九,36.3,36.3,37.8,,45.5
2023/3/31,初十,36.3,36.3,37.8,,45.5
2023/4/1,十一,36.3,36.3,37.8,,45.5
2023/4/2,十二,36.3,36.3,37.8,,45.5
2023/4/3,十三,36.3,36.3,37.8,,45.5
2023/4/4,十四,36.3,36.3,37.8,,45.5
2023/4/5,清明,36.3,36.3,37.8,,45.5
2023/4/6,十六,36.3,36.3,37.8,,45.5
2023/4/7,十七,36.3,36.3,37.8,,45.5
2023/4/8,十八,36.3,36.3,37.8,,45.5
2023/4/9,十九,36.3,36.3,37.8,,45.5
2023/4/10,二十,36.5,36.5,38,,45.5
2023/4/11,廿一,36.5,36.5,38,,45.5
2023/4/12,廿二,36.5,36.5,38,,45.5
2023/4/13,廿三,36.5,36.5,38,,45.5
2023/4/14,廿四,36.5,36.5,38,,45.5
2023/4/15,廿五,36.5,36.5,38,,45.5
2023/4/16,廿六,36.5,36.5,38,,45.5
2023/4/17,廿七,36.8,36.8,38.3,,45.5
2023/4/18,廿八,36.8,36.8,38.3,,45.5
2023/4/19,廿九,36.8,36.8,38.3,,45.5
2023/4/20,穀雨,36.8,36.8,38.3,,45.5
2023/4/21,初二,36.8,36.8,38.3,,45.5
2023/4/22,初三,36.8,36.8,38.3,,45.5
2023/4/23,初四,36.8,36.8,38.3,,45.5
2023/4/24,初五,37,37,38.5,,45.5
2023/4/25,初六,37,37,38.5,,45.5
2023/4/26,初七,37,37,38.5,,45.5
2023/4/27,初八,37,37,38.5,,45.5
2023/4/28,初九,37,37,38.5,,45.5
2023/4/29,初十,37,37,38.5,,45.5
2023/4/30,十一,37,37,38.5,,45.5
2023/5/1,十二,37,37,38.5,,45.5
2023/5/2,二十,37.3,37.3,38.8,,45.5
2023/5/3,十四,37.3,37.3,38.8,,45.5
2023/5/4,十五,37.3,37.3,38.8,,45.5
2023/5/5,十六,37.3,37.3,38.8,,45.5
2023/5/6,立夏,37.3,37.3,38.8,,45.5
2023/5/7,十八,37.3,37.3,38.8,,45.5
2023/5/8,十九,37.3,37.3,38.8,,45.5
2023/5/9,二十,37.3,37.3,38.8,,45.5
2023/5/10,廿一,37.3,37.3,38.8,,45.5
2023/5/11,廿二,37.3,37.3,38.8,,45.5
2023/5/12,廿三,37.5,37.5,39,,45.5
2023/5/13,廿四,37.5,37.5,39,,45.5
2023/5/14,廿五,37.5,37.5,39,,45.5
2023/5/15,廿六,37.5,37.5,39,,45.5
2023/5/16,廿七,37.5,37.5,39,,45.5
2023/5/17,廿八,37.5,37.5,39,,45.5
2023/5/18,廿九,37.5,37.5,39,,45.5
2023/5/19,四月,37.5,37.5,39,,45.5
2023/5/20,初二,37.5,37.5,39,,45.5
2023/5/21,初三,37.5,37.5,39,,45.5
2023/5/22,初四,37.5,37.5,39,,45.5
2023/5/23,初五,37.5,37.5,39,,45.5
2023/5/24,初六,37.8,37.8,39.3,,45.5
2023/5/25,初七,37.8,37.8,39.3,,45.5
2023/5/26,初八,37.8,37.8,39.3,,45.5
2023/5/27,初九,37.8,37.8,39.3,,45.5
2023/5/28,初十,37.8,37.8,39.3,,45.5
2023/5/29,十一,37.8,37.8,39.3,,45.5
2023/5/30,十二,37.8,37.8,39.3,,45.5
2023/5/31,十三,38,38,39.5,,45.5
2023/6/1,十四,38,38,39.5,,45.5
2023/6/2,十五,38,38,39.5,,45.5
2023/6/3,十六,38,38,39.5,,45.5
2023/6/4,十七,38,38,39.5,,45.5
2023/6/5,十八,38,38,39.5,,45.5
2023/6/6,芒種,38,38,39.5,,45.5
2023/6/7,二十,38,38,39.5,,45.5
2023/6/8,廿一,38,38,39.5,,45.5
2023/6/9,廿二,38,38,39.5,,45.5
2023/6/10,廿三,38,38,39.5,,45.5
2023/6/11,廿四,38,38,39.5,,45.5
2023/6/12,廿五,38,38,39.5,,45.5
2023/6/13,廿六,38,38,39.5,,42.5
2023/6/14,廿七,38,38,39.5,,42.5
2023/6/15,廿八,38,38,39.5,,42.5
2023/6/16,廿九,38,38,39.5,,42.5
2023/6/17,三十,38,38,39.5,,42.5
2023/6/18,五月,38,38,39.5,,42.5
2023/6/19,初二,38,38,39.5,,42.5
2023/6/20,初三,38,38,39.5,,40.5
2023/6/21,夏至,38,38,39.5,,40.5
2023/6/22,端午,38,38,39.5,,40.5
2023/6/23,初六,38,38,39.5,,40.5
2023/6/24,初七,38,38,39.5,,40.5
2023/6/25,初八,38,38,39.5,,40.5
2023/6/26,初九,38,38,39.5,,40.5
2023/6/27,初十,38,38,39.5,,40.5
2023/6/28,十一,38,38,39.5,,40.5
2023/6/29,十二,38,38,39.5,,40.5
2023/6/30,十三,38.3,38.3,39.8,,40.5
2023/7/1,十四,38.3,38.3,39.8,,40.5
2023/7/2,十五,38.3,38.3,39.8,,40.5
2023/7/3,十六,38.3,38.3,39.8,,40.5
2023/7/4,十七,38.3,38.3,39.8,,40.5
2023/7/5,十八,38.3,38.3,39.8,,40.5
2023/7/6,十九,38.3,38.3,39.8,,40.5
2023/7/7,小暑,38.3,38.3,39.8,,40.5
2023/7/8,廿一,38.3,38.3,39.8,,40.5
2023/7/9,廿二,38.3,38.3,39.8,,40.5
2023/7/10,廿三,38.3,38.3,39.8,,40.5
2023/7/11,廿四,38.3,38.3,39.8,,40.5
2023/7/12,廿五,38.3,38.3,39.8,,40.5
2023/7/13,廿六,38.3,38.3,39.8,,40.5
2023/7/14,廿七,38.3,38.3,39.8,,40.5
2023/7/15,廿八,38.3,38.3,39.8,,40.5
2023/7/16,廿九,38.3,38.3,39.8,,40.5
2023/7/17,三十,38.3,38.3,39.8,,40.5
2023/7/18,六月,38.3,38.3,39.8,,40.5
2023/7/19,初二,38.3,38.3,39.8,,40.5
2023/7/20,初三,38.3,38.3,39.8,,40.5
2023/7/21,初四,38.3,38.3,39.8,,40.5
2023/7/22,初五,38.3,38.3,39.8,,40.5
2023/7/23,大暑,38.3,38.3,39.8,,40.5
2023/7/24,初七,38.3,38.3,39.8,,40.5
2023/7/25,初八,38,38,39.5,,40.5
2023/7/26,初九,38,38,39.5,,40.5
2023/7/27,初十,38,38,39.5,,40.5
2023/7/28,十一,38,38,39.5,,40.5
2023/7/29,十二,38,38,39.5,,40.5
2023/7/30,十三,38,38,39.5,,40.5
2023/7/31,十四,38,38,39.5,,40.5
2023/8/1,十五,38,38,39.5,,40.5
2023/8/2,十六,38,38,39.5,,40.5
2023/8/3,十七,38,38,39.5,,40.5
2023/8/4,十八,38,38,39.5,,40.5
2023/8/5,十九,38,38,39.5,,40.5
2023/8/6,二十,38,38,39.5,,40.5
2023/8/7,廿一,38,38,39.5,,40.5
2023/8/8,立秋,38,38,39.5,,40.5
2023/8/9,廿三,38,38,39.5,,40.5
2023/8/10,廿四,38,38,39.5,,40.5
2023/8/11,廿五,38,38,39.5,,40.5
2023/8/12,廿六,38,38,39.5,,40.5
2023/8/13,廿七,38,38,39.5,,40.5
2023/8/14,廿八,38,38,39.5,,40.5
2023/8/15,廿九,38,38,39.5,,40.5
2023/8/16,七月,38,38,39.5,,40.5
2023/8/17,初二,38,38,39.5,,40.5
2023/8/18,初三,38,38,39.5,,40.5
2023/8/19,初四,38,38,39.5,,40.5
2023/8/20,初五,38,38,39.5,,40.5
2023/8/21,初六,38,38,39.5,,40.5
2023/8/22,初七,38,38,39.5,,40.5
2023/8/23,處暑,38,38,39.5,,40.5
2023/8/24,初九,38,38,39.5,,40.5
2023/8/25,初十,38,38,39.5,,40.5
2023/8/26,十一,38,38,39.5,,40.5
2023/8/27,十二,38,38,39.5,,40.5
2023/8/28,十三,38,38,39.5,,40.5
2023/8/29,十四,38,38,39.5,,40.5
2023/8/30,中元,38,38,39.5,,40.5
2023/8/31,十六,38,38,39.5,,40.5
2023/9/1,十七,38,38,39.5,,40.5
2023/9/2,十八,38,38,39.5,,40.5
2023/9/3,十九,38,38,39.5,,40.5
2023/9/4,二十,38,38,39.5,,40.5
2023/9/5,廿一,38,38,39.5,,40.5
2023/9/6,立秋,38,38,39.5,,43.5
2023/9/7,廿三,38,38,39.5,,43.5
2023/9/8,白露,38,38,39.5,,43.5
2023/9/9,廿五,38,38,39.5,,43.5
2023/9/10,廿六,38,38,39.5,,43.5
2023/9/11,廿七,38,38,39.5,,43.5
2023/9/12,廿八,38,38,39.5,,43.5
2023/9/13,廿九,38,38,39.5,,43.5
2023/9/14,三十,38,38,39.5,,43.5
2023/9/15,八月,38,38,39.5,,43.5
2023/9/16,初二,38,38,39.5,,43.5
2023/9/17,初三,38,38,39.5,,43.5
2023/9/18,初四,38,38,39.5,,43.5
2023/9/19,初五,38,38,39.5,,43.5
2023/9/20,初六,38,38,39.5,,43.5
2023/9/21,初七,38,38,39.5,,43.5
2023/9/22,初八,38,38,39.5,,43.5
2023/9/23,秋分,38,38,39.5,,43.5
2023/9/24,初十,38,38,39.5,,43.5
2023/9/25,十一,37.8,37.8,39.3,,43.5
2023/9/26,十二,37.8,37.8,39.3,,43.5
2023/9/27,十三,37.8,37.8,39.3,,45.5
2023/9/28,十四,37.8,37.8,39.3,,45.5
2023/9/29,中秋,37.8,37.8,39.3,,45.5
2023/9/30,十六,37.8,37.8,39.3,,45.5
2023/10/1,十七,37.8,37.8,39.3,,45.5
2023/10/2,十八,37.8,37.8,39.3,,45.5
2023/10/3,十九,37.8,37.8,39.3,,45.5
2023/10/4,二十,37.8,37.8,39.3,,45.5
2023/10/5,廿一,37.8,37.8,39.3,,45.5
2023/10/6,廿二,37.5,37.5,39,,45.5
2023/10/7,廿三,37.5,37.5,39,,45.5
2023/10/8,寒霜,37.5,37.5,39,,45.5
2023/10/9,廿五,37.5,37.5,39,,45.5
2023/10/10,廿六,37.5,37.5,39,,45.5
2023/10/11,廿七,37.5,37.5,39,,45.5
2023/10/12,廿八,37.5,37.5,39,,45.5
2023/10/13,廿九,37.5,37.5,39,,45.5
2023/10/14,三十,37.5,37.5,39,,45.5
2023/10/15,九月,37.5,37.5,39,,45.5
2023/10/16,初二,37.5,37.5,39,,45.5
2023/10/17,初三,37.5,37.5,39,,45.5
2023/10/18,初四,37.5,37.5,39,,45.5
2023/10/19,初五,37.5,37.5,39,,45.5
2023/10/20,初六,37.5,37.5,39,,45.5
2023/10/21,初七,37.5,37.5,39,,45.5
2023/10/22,初八,37.5,37.5,39,,45.5
2023/10/23,初九,37.5,37.5,39,,45.5
2023/10/24,霜降,37.5,37.5,39,,43.5
2023/10/25,十一,37.5,37.5,39,,43.5
2023/10/26,十二,37.5,37.5,39,,43.5
2023/10/27,十三,37.3,37.3,38.8,,43.5
2023/10/28,十四,37.3,37.3,38.8,,43.5
2023/10/29,十五,37.3,37.3,38.8,,43.5
2023/10/30,十六,37.3,37.3,38.8,,43.5
2023/10/31,十七,37.3,37.3,38.8,,40.5
2023/11/1,十八,37.3,37.3,38.8,,40.5
2023/11/2,十九,37.3,37.3,38.8,,40.5
2023/11/3,二十,37.3,37.3,38.8,,40.5
2023/11/4,廿一,37.3,37.3,38.8,,40.5
2023/11/5,廿二,37.3,37.3,38.8,,40.5
2023/11/6,廿三,37.3,37.3,38.8,,40.5
2023/11/7,廿四,37.3,37.3,38.8,,38.5
2023/11/8,立冬,37.3,37.3,38.8,,38.5
2023/11/9,廿六,37,37,38.5,,38.5
2023/11/10,廿七,37,37,38.5,,38.5
2023/11/11,廿八,37,37,38.5,,38.5
2023/11/12,廿九,37,37,38.5,,38.5
2023/11/13,十月,37,37,38.5,,38.5
2023/11/14,初二,37,37,38.5,,38.5
2023/11/15,初三,37,37,38.5,,38.5
2023/11/16,初四,37,37,38.5,,38.5
2023/11/17,初五,37,37,38.5,,38.5
2023/11/18,初六,37,37,38.5,,38.5
2023/11/19,初七,37,37,38.5,,38.5
2023/11/20,初八,37,37,38.5,,38.5
2023/11/21,初九,37,37,38.5,,38.5
2023/11/22,小雪,36.8,36.8,38.3,,38.5
2023/11/23,十一,36.8,36.8,38.3,,38.5
2023/11/24,十二,36.8,36.8,38.3,,38.5
2023/11/25,十三,36.8,36.8,38.3,,38.5
2023/11/26,十四,36.8,36.8,38.3,,38.5
2023/11/27,十五,36.8,36.8,38.3,,38.5
2023/11/28,十六,36.8,36.8,38.3,,38.5
2023/11/29,十七,36.8,36.8,38.3,,38.5
2023/11/30,十八,36.8,36.8,38.3,,38.5
2023/12/1,十九,36.8,36.8,38.3,,38.5
2023/12/2,二十,36.8,36.8,38.3,,38.5
2023/12/3,廿一,36.8,36.8,38.3,,38.5
2023/12/4,廿二,36.8,36.8,38.3,,38.5
2023/12/5,廿三,36.8,36.8,38.3,,38.5
2023/12/6,廿四,36.8,36.8,38.3,,38.5
2023/12/7,大雪,36.8,36.8,38.3,,38.5
2023/12/8,廿六,36.8,36.8,38.3,,38.5
2023/12/9,廿七,36.8,36.8,38.3,,38.5
2023/12/10,廿八,36.8,36.8,38.3,,38.5
2023/12/11,廿九,36.8,36.8,38.3,,38.5
2023/12/12,三十,36.8,36.8,38.3,,38.5
2023/12/13,初二,36.5,36.5,38,,38.5
2023/12/14,初二,36.5,36.5,38,,38.5
2023/12/15,初三,36.5,36.5,38,,38.5
2023/12/16,初四,36.5,36.5,38,,38.5
2023/12/17,初五,36.5,36.5,38,,38.5
2023/12/18,初六,36.5,36.5,38,,38.5
2023/12/19,初七,36.5,36.5,38,,38.5
2023/12/20,初八,36.5,36.5,38,,38.5
2023/12/21,初九,36.5,36.5,38,,38.5
2023/12/22,冬至,36.5,36.5,38,,38.5
2023/12/23,十一,36.5,36.5,38,,38.5
2023/12/24,十二,36.5,36.5,38,,38.5
2023/12/25,十三,36.5,36.5,38,,38.5
2023/12/26,十四,36.5,36.5,38,,38.5
2023/12/27,十五,36.5,36.5,38,,38.5
2023/12/28,十六,36.5,36.5,38,,38.5
2023/12/29,十七,36.5,36.5,38,,38.5
2023/12/30,十八,36.5,36.5,38,,38.5
2023/12/31,十九,36.5,36.5,38,,38.5
2024/1/1,二十,36.5,36.5,38,,38.5
2024/1/2,廿一,36.5,36.5,38,,38.5
2024/1/3,廿二,36.3,36.3,37.8,,38.5
2024/1/4,廿四,36.3,36.3,37.8,,38.5
2024/1/5,廿四,36.3,36.3,37.8,,38.5
2024/1/6,小寒,36.3,36.3,37.8,,38.5
2024/1/7,廿六,36.3,36.3,37.8,,38.5
2024/1/8,廿七,36.3,36.3,37.8,,38.5
2024/1/9,廿八,36.3,36.3,37.8,,38.5
2024/1/10,廿九,36.3,36.3,37.8,,38.5
2024/1/11,十二月,36.3,36.3,37.8,,38.5
2024/1/12,初二,36.3,36.3,37.8,,38.5
2024/1/13,初三,36.3,36.3,37.8,,38.5
2024/1/14,初四,36.3,36.3,37.8,,38.5
2024/1/15,初五,36,36,37.5,,38.5
2024/1/16,初六,36,36,37.5,,38.5
2024/1/17,初七,36,36,37.5,,38.5
2024/1/18,初八,36,36,37.5,,38.5
2024/1/19,初九,36,36,37.5,,38.5
2024/1/20,大寒,36,36,37.5,,38.5
2024/1/21,十一,36,36,37.5,,38.5
2024/1/22,十二,36,36,37.5,,38.5
2024/1/23,十三,36,36,37.5,,38.5
2024/1/24,十四,36,36,37.5,,40.5
2024/1/25,十五,36,36,37.5,,40.5
2024/1/26,十六,36,36,37.5,,40.5
2024/1/27,十七,36,36,37.5,,40.5
2024/1/28,十八,36,36,37.5,,40.5
2024/1/29,十九,36,36,37.5,,40.5
2024/1/30,二十,36,36,37.5,,40.5
2024/1/31,廿一,36,36,37.5,,42.5
2024/2/1,廿二,36,36,37.5,,42.5
2024/2/2,廿三,36,36,37.5,,42.5
2024/2/3,廿四,36,36,37.5,,42.5
2024/2/4,立春,36,36,37.5,,39.5
2024/2/5,廿六,36,36,37.5,,36.5
2024/2/6,廿七,36,36,37.5,,36.5
2024/2/7,廿八,36,36,37.5,,36.5
2024/2/8,廿九,休市,休市,休市,,36.5
2024/2/9,除夕,休市,休市,休市,,36.5
2024/2/10,春節,休市,休市,休市,,36.5
2024/2/11,初二,休市,休市,休市,,36.5
2024/2/12,初三,36,36,37.5,,36.5
2024/2/13,初四,36,36,37.5,,36.5
2024/2/14,初五,36,36,37.5,,36.5
2024/2/15,初六,36,36,37.5,,36.5
2024/2/16,初七,36,36,37.5,,39.5
2024/2/17,初八,36,36,37.5,,39.5
2024/2/18,初九,36,36,37.5,,39.5
2024/2/19,雨水,36,36,37.5,,39.5
2024/2/20,十一,36,36,37.5,,39.5
2024/2/21,十二,35.8,35.8,37.3,,39.5
2024/2/22,十三,35.8,35.8,37.3,,39.5
2024/2/23,十四,35.8,35.8,37.3,,39.5
2024/2/24,元宵,35.8,35.8,37.3,,39.5
2024/2/25,十六,35.8,35.8,37.3,,39.5
2024/2/26,十七,35.8,35.8,37.3,,39.5
2024/2/27,十八,35.8,35.8,37.3,,39.5
2024/2/28,十九,35.8,35.8,37.3,,39.5
2024/2/29,二十,35.5,35.5,37,,39.5
2024/3/1,廿一,35.5,35.5,37,,39.5
2024/3/2,廿二,35.5,35.5,37,,39.5
2024/3/3,廿三,35.5,35.5,37,,39.5
2024/3/4,廿四,35.5,35.5,37,,39.5
2024/3/5,驚蟄,35.3,35.3,36.8,,36.5
2024/3/6,廿六,35.3,35.3,36.8,,36.5
2024/3/7,廿七,35.3,35.3,36.8,,36.5
2024/3/8,廿八,35.3,35.3,36.8,,36.5
2024/3/9,廿九,35.3,35.3,36.8,,36.5
2024/3/10,二月,35.3,35.3,36.8,,36.5
2024/3/11,初二,35.3,35.3,36.8,,36.5
2024/3/12,初三,35.3,35.3,36.8,,36.5
2024/3/13,初四,35.3,35.3,36.8,,36.5
2024/3/14,初五,35,35,36.5,,36.5
2024/3/15,初六,35,35,36.5,,36.5
2024/3/16,初七,35,35,36.5,,36.5
2024/3/17,初八,35,35,36.5,,36.5
2024/3/18,初九,35,35,36.5,,36.5
2024/3/19,初十,35,35,36.5,,36.5
2024/3/20,春分,34.8,34.8,36.3,,36.5
2024/3/21,十二,34.8,34.8,36.3,,36.5
2024/3/22,十三,34.8,34.8,36.3,,36.5
2024/3/23,十四,34.8,34.8,36.3,,36.5
2024/3/24,十五,34.8,34.8,36.3,,36.5
2024/3/25,十六,34.8,34.8,36.3,,36.5
2024/3/26,十七,34.8,34.8,36.3,,36.5
2024/3/27,十八,34.8,34.8,36.3,,39.5
2024/3/28,十九,34.5,34.5,36,,39.5
2024/3/29,二十,34.5,34.5,36,,39.5
2024/3/30,廿一,34.5,34.5,36,,39.5
2024/3/31,廿二,34.5,34.5,36,,39.5
2024/4/1,廿三,34.5,34.5,36,,39.5
2024/4/2,廿四,34.5,34.5,36,,39.5
2024/4/3,廿五,34.5,34.5,36,,39.5
2024/4/4,清明,34.5,34.5,36,,39.5
2024/4/5,廿七,34.5,34.5,36,,39.5
2024/4/6,廿八,34.5,34.5,36,,39.5
2024/4/7,廿九,34.5,34.5,36,,39.5
2024/4/8,三十,34.5,34.5,36,,39.5
2024/4/9,三月,34.5,34.5,36,,39.5
2024/4/10,初二,34.5,34.5,36,,39.5
2024/4/11,初三,34.5,34.5,36,,39.5
2024/4/12,初四,34.5,34.5,36,,39.5
2024/4/13,初五,34.5,34.5,36,,39.5
2024/4/14,初六,34.5,34.5,36,,39.5
2024/4/15,初七,34.5,34.5,36,,39.5
2024/4/16,初八,34.5,34.5,36,,39.5
2024/4/17,初九,34.5,34.5,36,,39.5
2024/4/18,初十,34.5,34.5,36,,39.5
2024/4/19,穀雨,34.5,34.5,36,,39.5
2024/4/20,十二,34.5,34.5,36,,39.5
2024/4/21,十三,34.5,34.5,36,,39.5
2024/4/22,十四,34.5,34.5,36,,39.5
2024/4/23,十五,34.5,34.5,36,,37.5
2024/4/24,十六,34.5,34.5,36,,37.5
2024/4/25,十七,34.5,34.5,36,,37.5
2024/4/26,十八,34.5,34.5,36,,37.5
2024/4/27,十九,34.5,34.5,36,,37.5
2024/4/28,二十,34.5,34.5,36,,37.5
2024/4/29,廿一,34.5,34.5,36,,37.5
2024/4/30,廿二,34.5,34.5,36,,35.5
2024/5/1,廿三,34.5,34.5,36,,35.5
2024/5/2,廿四,34.5,34.5,36,,35.5
2024/5/3,廿五,34.5,34.5,36,,35.5
2024/5/4,廿六,34.5,34.5,36,,35.5
2024/5/5,立夏,34.5,34.5,36,,35.5
2024/5/6,廿八,34.5,34.5,36,,35.5
2024/5/7,廿九,34.5,34.5,36,,35.5
2024/5/8,四月,34.5,34.5,36,,35.5
2024/5/9,初二,34.5,34.5,36,,35.5
2024/5/10,初三,34.5,34.5,36,,35.5
2024/5/11,初四,34.5,34.5,36,,35.5
2024/5/12,初四,34.5,34.5,36,,35.5
2024/5/13,初六,34.5,34.5,36,,35.5
2024/5/14,初七,34.5,34.5,36,,35.5
2024/5/15,初八,34.5,34.5,36,,35.5
2024/5/16,初九,34.5,34.5,36,,35.5
2024/5/17,初十,34.5,34.5,36,,35.5
2024/5/18,十一,34.5,34.5,36,,35.5
2024/5/19,十二,34.5,34.5,36,,35.5
2024/5/20,小滿,34.5,34.5,36,,35.5
2024/5/21,十四,34.5,34.5,36,,32.5
2024/5/22,十五,34.5,34.5,36,,32.5
2024/5/23,十六,34.5,34.5,36,,32.5
2024/5/24,十七,34.5,34.5,36,,32.5
2024/5/25,十八,34.5,34.5,36,,32.5
2024/5/26,十九,34.5,34.5,36,,32.5
2024/5/27,二十,34.5,34.5,36,,32.5
2024/5/28,廿一,34.5,34.5,36,,32.5
2024/5/29,廿二,34.5,34.5,36,,32.5
2024/5/30,廿三,34.5,34.5,36,,32.5
2024/5/31,廿四,34.5,34.5,36,,32.5
2024/6/1,廿五,34.5,34.5,36,,32.5
2024/6/2,廿六,34.5,34.5,36,,32.5
2024/6/3,廿七,34.5,34.5,36,,32.5
2024/6/4,廿八,34.5,34.5,36,,30.5
2024/6/5,廿九,34.5,34.5,36,,30.5
2024/6/6,五月,34.5,34.5,36,,30.5
2024/6/7,初二,34.5,34.5,36,,30.5
2024/6/8,初三,34.5,34.5,36,,30.5
2024/6/9,初四,34.5,34.5,36,,30.5
2024/6/10,端午,34.5,34.5,36,,30.5
2024/6/11,初六,34.5,34.5,36,,27.5
2024/6/12,初七,34.5,34.5,36,,27.5
2024/6/13,初八,34.5,34.5,36,,27.5
2024/6/14,初九,34.5,34.5,36,,27.5
2024/6/15,初十,34.5,34.5,36,,27.5
2024/6/16,十一,34.5,34.5,36,,27.5
2024/6/17,十二,34.5,34.5,36,,27.5
2024/6/18,十三,34.5,34.5,36,,27.5
2024/6/19,十四,34.5,34.5,36,,27.5
2024/6/20,十五,34.5,34.5,36,,27.5
2024/6/21,夏至,34.5,34.5,36,,27.5
2024/6/22,十七,34.5,34.5,36,,27.5
2024/6/23,十八,34.5,34.5,36,,27.5
2024/6/24,十九,34.5,34.5,36,,27.5
2024/6/25,二十,34.5,34.5,36,,25.5
2024/6/26,廿一,34.5,34.5,36,,25.5
2024/6/27,廿二,34.5,34.5,36,,25.5
2024/6/28,廿三,34.5,34.5,36,,25.5
2024/6/29,廿四,34.5,34.5,36,,25.5
2024/6/30,廿五,34.5,34.5,36,,25.5
2024/7/1,廿六,34.5,34.5,36,,25.5
2024/7/2,廿七,34.5,34.5,36,,25.5
2024/7/3,廿八,34.5,34.5,36,,25.5
2024/7/4,廿九,34.5,34.5,36,,25.5
2024/7/5,三十,34.5,34.5,36,,25.5
2024/7/6,小暑,34.5,34.5,36,,25.5
2024/7/7,初二,34.5,34.5,36,,25.5
2024/7/8,初三,34.5,34.5,36,,25.5
2024/7/9,初四,34.5,34.5,36,,25.5
2024/7/10,初五,34.5,34.5,36,,25.5
2024/7/11,初六,34.5,34.5,36,,25.5
2024/7/12,初七,34.5,34.5,36,,25.5
2024/7/13,初八,34.5,34.5,36,,25.5
2024/7/14,初九,34.5,34.5,36,,25.5
2024/7/15,初十,34.5,34.5,36,,25.5
2024/7/16,十一,34.5,34.5,36,,25.5
2024/7/17,十二,34.5,34.5,36,,25.5
2024/7/18,十三,34.5,34.5,36,,25.5
2024/7/19,十四,34.5,34.5,36,,25.5
2024/7/20,十五,34.5,34.5,36,,25.5
2024/7/21,十六,34.5,34.5,36,,25.5
2024/7/22,大暑,34.5,34.5,36,,25.5
2024/7/23,十八,34.5,34.5,36,,25.5
2024/7/24,十九,34.5,34.5,36,,28.5
2024/7/25,二十,34.5,34.5,36,,28.5
2024/7/26,廿一,34.5,34.5,36,,28.5
2024/7/27,廿二,34.5,34.5,36,,28.5
2024/7/28,廿三,34.5,34.5,36,,28.5
2024/7/29,廿四,34.5,34.5,36,,28.5
2024/7/30,廿五,34.5,34.5,36,,28.5
2024/7/31,廿六,34.5,34.5,36,,31.5
2024/8/1,廿七,34.5,34.5,36,,31.5
2024/8/2,廿八,34.5,34.5,36,,31.5
2024/8/3,廿九,34.5,34.5,36,,31.5
2024/8/4,七月,34.5,34.5,36,,31.5
2024/8/5,初二,34.3,34.3,35.8,,31.5
2024/8/6,初三,34.3,34.3,35.8,,31.5
2024/8/7,立秋,34.3,34.3,35.8,,31.5
2024/8/8,初五,34.3,34.3,35.8,,31.5
2024/8/9,初六,34.3,34.3,35.8,,31.5
2024/8/10,七夕,34.3,34.3,35.8,,31.5
2024/8/11,初八,34.3,34.3,35.8,,31.5
2024/8/12,初九,34.3,34.3,35.8,,31.5
2024/8/13,初十,34.3,34.3,35.8,,31.5
2024/8/14,十一,34.3,34.3,35.8,,31.5
2024/8/15,十二,34.3,34.3,35.8,,31.5
2024/8/16,十三,34,34,35.5,,31.5
2024/8/17,十四,34,34,35.5,,31.5
2024/8/18,中元,34,34,35.5,,31.5
2024/8/19,十六,34,34,35.5,,31.5
2024/8/20,十七,34,34,35.5,,31.5
2024/8/21,十八,34,34,35.5,,31.5
2024/8/22,處暑,34,34,35.5,,31.5
2024/8/23,二十,34,34,35.5,,31.5
2024/8/24,廿一,34,34,35.5,,31.5
2024/8/25,廿二,34,34,35.5,,31.5
2024/8/26,廿三,34,34,35.5,,31.5
2024/8/27,廿四,34,34,35.5,,31.5
2024/8/28,廿五,34,34,35.5,,31.5
2024/8/29,廿六,34,34,35.5,,31.5
2024/8/30,廿七,34,34,35.5,,31.5
2024/8/31,廿八,34,34,35.5,,31.5
2024/9/1,廿九,34,34,35.5,,31.5
2024/9/2,三十,34,34,35.5,,31.5
2024/9/3,初二,34,34,35.5,,28.5
2024/9/4,初二,34,34,35.5,,28.5
2024/9/5,初三,34,34,35.5,,28.5
2024/9/6,初四,34,34,35.5,,28.5
2024/9/7,白露,34,34,35.5,,28.5
2024/9/8,初六,34,34,35.5,,28.5
2024/9/9,初七,34,34,35.5,,28.5
2024/9/10,初八,33.8,33.8,35.3,,28.5
2024/9/11,初九,33.8,33.8,35.3,,28.5
2024/9/12,初十,33.8,33.8,35.3,,28.5
2024/9/13,十一,33.5,33.5,35,,28.5
2024/9/14,十二,33.5,33.5,35,,28.5
2024/9/15,十三,33.5,33.5,35,,28.5
2024/9/16,十四,33.5,33.5,35,,28.5
2024/9/17,中秋,33.5,33.5,35,,26.5
2024/9/18,十六,33.5,33.5,35,,26.5
2024/9/19,十七,33.5,33.5,35,,26.5
2024/9/20,十八,33.5,33.5,35,,26.5
2024/9/21,十九,33.5,33.5,35,,26.5
2024/9/22,秋分,33.5,33.5,35,,26.5
2024/9/23,廿一,33.5,33.5,35,,26.5
2024/9/24,廿二,33.3,33.3,34.8,,24.5
2024/9/25,廿三,33.3,33.3,34.8,,24.5
2024/9/26,廿四,33.3,33.3,34.8,,24.5
2024/9/27,廿五,33.3,33.3,34.8,,24.5
2024/9/28,廿六,33.3,33.3,34.8,,24.5
2024/9/29,廿七,33.3,33.3,34.8,,24.5
2024/9/30,廿八,33.3,33.3,34.8,,24.5
2024/10/1,廿九,33.3,33.3,34.8,,24.5
2024/10/2,三十,33.3,33.3,34.8,,24.5
2024/10/3,九月,33.3,33.3,34.8,,24.5
2024/10/4,初二,33,33,34.5,,24.5
2024/10/5,初三,33,33,34.5,,24.5
2024/10/6,初四,33,33,34.5,,24.5
2024/10/7,初五,33,33,34.5,,24.5
2024/10/8,寒露,33,33,34.5,,24.5
2024/10/9,初七,33,33,34.5,,24.5
2024/10/10,初八,33,33,34.5,,24.5
2024/10/11,重陽,32.8,32.8,34.3,,24.5
2024/10/12,初十,32.8,32.8,34.3,,24.5
2024/10/13,十一,32.8,32.8,34.3,,24.5
2024/10/14,十二,32.8,32.8,34.3,,24.5
2024/10/15,十三,32.8,32.8,34.3,,21.5
2024/10/16,十四,32.8,32.8,34.3,,21.5
2024/10/17,十五,32.5,32.5,34,,21.5
2024/10/18,十六,32.5,32.5,34,,21.5
2024/10/19,十七,32.5,32.5,34,,21.5
2024/10/20,十八,32.5,32.5,34,,21.5
2024/10/21,十九,32.5,32.5,34,,21.5
2024/10/22,二十,32.5,32.5,34,,21.5
2024/10/23,霜降,32.5,32.5,34,,21.5
2024/10/24,廿二,32.5,32.5,34,,21.5
2024/10/25,廿三,32.5,32.5,34,,21.5
2024/10/26,廿四,32.5,32.5,34,,21.5
2024/10/27,廿五,32.5,32.5,34,,21.5
2024/10/28,廿六,32.5,32.5,34,,21.5
2024/10/29,廿七,32.5,32.5,34,,21.5
2024/10/30,廿八,32.5,32.5,34,,24.5
2024/10/31,廿九,32.5,32.5,34,,24.5
2024/11/1,十月,32.5,32.5,34,,24.5
2024/11/2,初二,32.5,32.5,34,,24.5
2024/11/3,初三,32.5,32.5,34,,24.5
2024/11/4,初四,32.5,32.5,34,,24.5
2024/11/5,初五,32.5,32.5,34,,24.5
2024/11/6,初六,32.5,32.5,34,,26.5
2024/11/7,立冬,32.5,32.5,34,,26.5
2024/11/8,初八,32.5,32.5,34,,26.5
2024/11/9,初九,32.5,32.5,34,,26.5
2024/11/10,初十,32.5,32.5,34,,26.5
2024/11/11,十一,32.5,32.5,34,,26.5
2024/11/12,十二,32.5,32.5,34,,26.5
2024/11/13,十三,32.5,32.5,34,,26.5
2024/11/14,十四,32.5,32.5,34,,26.5
2024/11/15,十五,32.5,32.5,34,,26.5
2024/11/16,十六,32.5,32.5,34,,26.5
2024/11/17,十七,32.5,32.5,34,,26.5
2024/11/18,十八,32.5,32.5,34,,26.5
2024/11/19,十九,32.8,32.8,34.3,,26.5
2024/11/20,二十,32.8,32.8,34.3,,26.5
2024/11/21,廿一,32.8,32.8,34.3,,26.5
2024/11/22,小雪,32.8,32.8,34.3,,26.5
2024/11/23,廿三,32.8,32.8,34.3,,26.5
2024/11/24,廿四,32.8,32.8,34.3,,26.5
2024/11/25,廿五,32.8,32.8,34.3,,26.5
2024/11/26,廿六,32.8,32.8,34.3,,26.5
2024/11/27,廿七,32.8,32.8,34.3,,26.5
2024/11/28,廿八,32.8,32.8,34.3,,26.5
2024/11/29,廿九,32.8,32.8,34.3,,26.5
2024/11/30,三十,32.8,32.8,34.3,,26.5
2024/12/1,十一月,32.8,32.8,34.3,,26.5
2024/12/2,初二,32.8,32.8,34.3,,26.5
2024/12/3,初三,33,33,34.5,,24.5
2024/12/4,初四,33,33,34.5,,24.5
2024/12/5,初五,33,33,34.5,,24.5
2024/12/6,初六,33,33,34.5,,24.5
2024/12/7,初七,33,33,34.5,,24.5
2024/12/8,初八,33,33,34.5,,24.5
2024/12/9,初九,33,33,34.5,,24.5
2024/12/10,初十,33.3,33.3,34.8,,24.5
2024/12/11,十一,33.3,33.3,34.8,,24.5
2024/12/12,十二,33.3,33.3,34.8,,24.5
2024/12/13,十三,33.3,33.3,34.8,,24.5
2024/12/14,十四,33.3,33.3,34.8,,24.5
2024/12/15,十五,33.3,33.3,34.8,,24.5
2024/12/16,十六,33.3,33.3,34.8,,24.5
2024/12/17,十七,33.3,33.3,34.8,,24.5
2024/12/18,十八,33.3,33.3,34.8,,24.5
2024/12/19,十九,33.3,33.3,34.8,,24.5
2024/12/20,二十,33.3,33.3,34.8,,24.5
2024/12/21,冬至,33.3,33.3,34.8,,24.5
2024/12/22,廿二,33.3,33.3,34.8,,24.5
2024/12/23,廿三,33.3,33.3,34.8,,24.5
2024/12/24,廿四,33.3,33.3,34.8,,24.5
2024/12/25,廿五,33.3,33.3,34.8,,24.5
2024/12/26,廿六,33.5,33.5,35,,24.5
2024/12/27,廿七,33.5,33.5,35,,24.5
2024/12/28,廿八,33.5,33.5,35,,24.5
2024/12/29,廿九,33.5,33.5,35,,24.5
2024/12/30,三十,33.5,33.5,35,,24.5
2024/12/31,十二月,33.5,33.5,35,,22.5
2025/1/1,初二,33.5,33.5,35,,22.5
2025/1/2,初三,33.5,33.5,35,,22.5
2025/1/3,初四,33.5,33.5,35,,22.5
2025/1/4,初五,33.5,33.5,35,,22.5
2025/1/5,小寒,33.5,33.5,35,,22.5
2025/1/6,初七,33.5,33.5,35,,22.5
2025/1/7,初八,33.5,33.5,35,,22.5
2025/1/8,初九,33.5,33.5,35,,22.5
2025/1/9,初十,33.5,33.5,35,,22.5
2025/1/10,十一,33.5,33.5,35,,22.5
2025/1/11,十二,33.5,33.5,35,,22.5
2025/1/12,十三,33.5,33.5,35,,22.5
2025/1/13,十四,33.5,33.5,35,,22.5
2025/1/14,十五,33.5,33.5,35,,22.5
2025/1/15,十六,33.5,33.5,35,,22.5
2025/1/16,十七,33.5,33.5,35,,22.5
2025/1/17,十八,33.5,33.5,35,,22.5
2025/1/18,十九,33.5,33.5,35,,22.5
2025/1/19,二十,33.5,33.5,35,,22.5
2025/1/20,大寒,33.5,33.5,35,,22.5
2025/1/21,廿二,33.8,33.8,35.3,,18.5
2025/1/22,廿三,33.8,33.8,35.3,,18.5
2025/1/23,廿四,33.8,33.8,35.3,,18.5
2025/1/24,廿五,33.8,33.8,35.3,,18.5
2025/1/25,廿六,33.8,33.8,35.3,,18.5
2025/1/26,廿七,休市,休市,休市,,18.5
2025/1/27,廿八,休市,休市,休市,,18.5
2025/1/28,除夕,休市,休市,休市,,18.5
2025/1/29,春節,休市,休市,休市,,18.5
2025/1/30,初二,休市,休市,休市,,18.5
2025/1/31,初三,33.8,33.8,35.3,,18.5
2025/2/1,初四,33.8,33.8,35.3,,18.5
2025/2/2,初五,33.8,33.8,35.3,,18.5
2025/2/3,立春,33.8,33.8,35.3,,18.5
2025/2/4,初七,33.8,33.8,35.3,,-
2025/2/5,初八,33.8,33.8,35.3,,22.5
2025/2/6,初九,33.8,33.8,35.3,,22.5
2025/2/7,初十,33.8,33.8,35.3,,22.5
2025/2/8,十一,33.8,33.8,35.3,,22.5
2025/2/9,十二,33.8,33.8,35.3,,22.5
2025/2/10,十三,33.8,33.8,35.3,,22.5
2025/2/11,十四,33.8,33.8,35.3,,22.5
2025/2/12,元宵節,33.8,33.8,35.3,,22.5
2025/2/13,十六,33.8,33.8,35.3,,22.5
2025/2/14,十七,33.8,33.8,35.3,,22.5
2025/2/15,十八,33.8,33.8,35.3,,22.5
2025/2/16,十九,33.8,33.8,35.3,,22.5
2025/2/17,二十,33.8,33.8,35.3,,22.5
2025/2/18,雨水,33.8,33.8,35.3,,22.5
2025/2/19,廿二,33.8,33.8,35.3,,22.5
2025/2/20,廿三,33.8,33.8,35.3,,22.5
2025/2/21,廿四,33.8,33.8,35.3,,22.5
2025/2/22,廿五,33.8,33.8,35.3,,22.5
2025/2/23,廿六,33.8,33.8,35.3,,22.5
2025/2/24,廿七,33.8,33.8,35.3,,22.5
2025/2/25,廿八,34,34,35.5,,22.5
2025/2/26,廿九,34,34,35.5,,25.5
2025/2/27,三十,34,34,35.5,,25.5
2025/2/28,二月,34,34,35.5,,25.5
2025/3/1,初二,34,34,35.5,,25.5
2025/3/2,初三,34,34,35.5,,25.5
2025/3/3,初四,34,34,35.5,,25.5
2025/3/4,初五,34,34,35.5,,25.5
2025/3/5,驚蟄,34,34,35.5,,27.5
2025/3/6,初七,34,34,35.5,,27.5
2025/3/7,初八,34,34,35.5,,27.5
2025/3/8,初九,34,34,35.5,,27.5
2025/3/9,初十,34,34,35.5,,27.5
2025/3/10,十一,34,34,35.5,,27.5
2025/3/11,十二,34,34,35.5,,27.5
2025/3/12,十三,33.8,33.8,35.3,,30.5
2025/3/13,十四,33.8,33.8,35.3,,30.5
2025/3/14,十五,33.8,33.8,35.3,,30.5
2025/3/15,十六,33.8,33.8,35.3,,30.5
2025/3/16,十七,33.8,33.8,35.3,,30.5
2025/3/17,十八,33.8,33.8,35.3,,30.5
2025/3/18,十九,33.8,33.8,35.3,,30.5
2025/3/19,二十,33.5,33.5,35,,30.5
2025/3/20,春分,33.5,33.5,35,,30.5
2025/3/21,廿二,33.5,33.5,35,,30.5
2025/3/22,廿三,33.5,33.5,35,,30.5
2025/3/23,廿四,33.5,33.5,35,,30.5
2025/3/24,廿五,33.5,33.5,35,,30.5
2025/3/25,廿六,33.5,33.5,35,,30.5
2025/3/26,廿七,33.5,33.5,35,,32.5
2025/3/27,廿八,33.5,33.5,35,,32.5
2025/3/28,廿九,33.5,33.5,35,,32.5
2025/3/29,三月,33.5,33.5,35,,32.5
2025/3/30,初二,33.5,33.5,35,,32.5
2025/3/31,初三,33.5,33.5,35,,32.5
2025/4/1,初四,33.5,33.5,35,,32.5
2025/4/2,初五,33.5,33.5,35,,32.5
2025/4/3,初六,33.5,33.5,35,,32.5
2025/4/4,清明,33.5,33.5,35,,32.5
2025/4/5,初八,33.5,33.5,35,,32.5
2025/4/6,初九,33.5,33.5,35,,32.5
2025/4/7,初十,33.5,33.5,35,,32.5
2025/4/8,十一,33.5,33.5,35,,32.5
2025/4/9,十二,33.5,33.5,35,,32.5
2025/4/10,十三,33.5,33.5,35,,32.5
2025/4/11,十四,33.5,33.5,35,,32.5
2025/4/12,十五,33.5,33.5,35,,32.5
2025/4/13,十六,33.5,33.5,35,,32.5
2025/4/14,十七,33.5,33.5,35,,32.5
2025/4/15,十八,33.5,33.5,35,,29.5
2025/4/16,十九,33.5,33.5,35,,29.5
2025/4/17,二十,33.5,33.5,35,,29.5
2025/4/18,廿一,33.5,33.5,35,,29.5
2025/4/19,廿二,33.5,33.5,35,,29.5
2025/4/20,穀雨,33.5,33.5,35,,29.5
2025/4/21,廿四,33.5,33.5,35,,29.5
2025/4/22,廿五,33.5,33.5,35,,29.5
2025/4/23,廿六,33.5,33.5,35,,29.5
2025/4/24,廿七,33.5,33.5,35,,29.5
2025/4/25,廿八,33.5,33.5,35,,29.5
2025/4/26,廿九,33.5,33.5,35,,29.5
2025/4/27,三十,33.5,33.5,35,,29.5
2025/4/28,四月,33.5,33.5,35,,29.5
2025/4/29,初二,33.5,33.5,35,,26.5
2025/4/30,初三,33.5,33.5,35,,26.5
2025/5/1,初四,33.5,33.5,35,,26.5
2025/5/2,初五,33.5,33.5,35,,26.5
2025/5/3,初六,33.5,33.5,35,,26.5
2025/5/4,初七,33.5,33.5,35,,26.5
2025/5/5,立夏,33.5,33.5,35,,26.5
2025/5/6,初九,33.5,33.5,35,,24.5
2025/5/7,初十,33.5,33.5,35,,24.5
2025/5/8,十一,33.5,33.5,35,,24.5
2025/5/9,十二,33.5,33.5,35,,24.5
2025/5/10,十三,33.5,33.5,35,,24.5
2025/5/11,十四,33.5,33.5,35,,24.5
2025/5/12,十五,33.5,33.5,35,,24.5
2025/5/13,十六,33.5,33.5,35,,24.5
2025/5/14,十七,33.5,33.5,35,,24.5
2025/5/15,十八,33.5,33.5,35,,24.5
2025/5/16,十九,33.5,33.5,35,,24.5
2025/5/17,二十,33.5,33.5,35,,24.5
2025/5/18,廿一,33.5,33.5,35,,24.5
2025/5/19,廿二,33.5,33.5,35,,24.5
2025/5/20,廿三,33.5,33.5,35,,24.5
2025/5/21,小滿,33.5,33.5,35,,24.5
2025/5/22,廿五,33.5,33.5,35,,24.5
2025/5/23,廿六,33.5,33.5,35,,24.5
2025/5/24,廿七,33.5,33.5,35,,24.5
2025/5/25,廿八,33.5,33.5,35,,24.5
2025/5/26,廿九,33.5,33.5,35,,24.5
2025/5/27,五月,33.5,33.5,35,,22.5
2025/5/28,初二,33.5,33.5,35,,22.5
2025/5/29,初三,33.5,33.5,35,,22.5
2025/5/30,初四,33.5,33.5,35,,22.5
2025/5/31,端午,33.5,33.5,35,,22.5
2025/6/1,初六,33.5,33.5,35,,22.5
2025/6/2,初七,33.5,33.5,35,,22.5
2025/6/3,初八,33.5,33.5,35,,22.5
2025/6/4,初九,33.5,33.5,35,,22.5
2025/6/5,芒種,33.5,33.5,35,,22.5
2025/6/6,十一,33.5,33.5,35,,22.5
2025/6/7,十二,33.5,33.5,35,,22.5
2025/6/8,十三,33.5,33.5,35,,22.5
2025/6/9,十四,33.5,33.5,35,,22.5
2025/6/10,十五,33.5,33.5,35,,22.5
2025/6/11,十六,33.5,33.5,35,,25.5
2025/6/12,十七,33.5,33.5,35,,25.5
2025/6/13,十八,33.5,33.5,35,,25.5
2025/6/14,十九,33.5,33.5,35,,25.5
2025/6/15,二十,33.5,33.5,35,,25.5
2025/6/16,廿一,33.5,33.5,35,,25.5
2025/6/17,廿二,33.5,33.5,35,,25.5
2025/6/18,廿三,33.5,33.5,35,,25.5
2025/6/19,廿四,33.5,33.5,35,,25.5
2025/6/20,廿五,33.5,33.5,35,,25.5
2025/6/21,夏至,33.5,33.5,35,,25.5
2025/6/22,廿七,33.5,33.5,35,,25.5
2025/6/23,廿八,33.5,33.5,35,,25.5
2025/6/24,廿九,33.5,33.5,35,,25.5
2025/6/25,六月,33.5,33.5,35,,25.5
2025/6/26,初二,33.5,33.5,35,,25.5
2025/6/27,初三,33.5,33.5,35,,25.5
2025/6/28,初四,33.5,33.5,35,,25.5
2025/6/29,初五,33.5,33.5,35,,25.5
2025/6/30,初六,33.5,33.5,35,,25.5
2025/7/1,初七,33.5,33.5,35,,22.5
2025/7/2,初八,33.5,33.5,35,,22.5
2025/7/3,初九,33.5,33.5,35,,22.5
2025/7/4,初十,33.5,33.5,35,,22.5
2025/7/5,十一,33.5,33.5,35,,22.5
2025/7/6,十二,33.5,33.5,35,,22.5
2025/7/7,小暑,33.5,33.5,35,,22.5
2025/7/8,十四,33.5,33.5,35,,22.5
2025/7/9,十五,33.5,33.5,35,,22.5
2025/7/10,十六,33.5,33.5,35,,22.5
2025/7/11,十七,33.5,33.5,35,,25.5
2025/7/12,十八,33.5,33.5,35,,25.5
2025/7/13,十九,33.5,33.5,35,,25.5
2025/7/14,二十,33.5,33.5,35,,25.5
2025/7/15,廿一,33.5,33.5,35,,25.5
2025/7/16,廿二,33.5,33.5,35,,28.5
2025/7/17,廿三,33.5,33.5,35,,28.5
2025/7/18,廿四,33.5,33.5,35,,28.5
2025/7/19,廿五,33.5,33.5,35,,28.5
2025/7/20,廿六,33.5,33.5,35,,28.5
2025/7/21,廿七,33.5,33.5,35,,28.5
2025/7/22,大暑,33.3,33.3,34.8,,28.5
2025/7/23,廿九,33.3,33.3,34.8,,28.5
2025/7/24,三十,33.3,33.3,34.8,,28.5
2025/7/25,潤六月,33.3,33.3,34.8,,28.5
2025/7/26,初二,33.3,33.3,34.8,,28.5
2025/7/27,初三,33.3,33.3,34.8,,28.5
2025/7/28,初四,33.3,33.3,34.8,,28.5
2025/7/29,初五,33.3,33.3,34.8,,28.5
2025/7/30,初六,33.3,33.3,34.8,,30.5
2025/7/31,初七,33.3,33.3,34.8,,30.5
2025/8/1,初八,33.3,33.3,34.8,,30.5
2025/8/2,初九,33.3,33.3,34.8,,30.5
2025/8/3,初十,33.3,33.3,34.8,,30.5
2025/8/4,十一,33.3,33.3,34.8,,30.5
2025/8/5,十二,33.3,33.3,34.8,,30.5
2025/8/6,十三,33.3,33.3,34.8,,32.5
2025/8/7,立秋,33.3,33.3,34.8,,32.5
2025/8/8,十五,33.3,33.3,34.8,,32.5
2025/8/9,十六,33.3,33.3,34.8,,32.5
2025/8/10,十七,33.3,33.3,34.8,,32.5
2025/8/11,十八,33.3,33.3,34.8,,32.5
2025/8/12,十九,33.3,33.3,34.8,,32.5
2025/8/13,二十,33.3,33.3,34.8,,32.5
2025/8/14,廿一,33.3,33.3,34.8,,32.5
2025/8/15,廿二,33.3,33.3,34.8,,32.5
2025/8/16,廿三,33.3,33.3,34.8,,32.5
2025/8/17,廿四,33.3,33.3,34.8,,32.5
2025/8/18,廿五,33.3,33.3,34.8,,32.5
2025/8/19,廿六,33.3,33.3,34.8,,32.5
2025/8/20,廿七,33.3,33.3,34.8,,34.5
2025/8/21,廿八,33.3,33.3,34.8,,34.5
2025/8/22,廿九,33.3,33.3,34.8,,34.5
2025/8/23,處暑,33.3,33.3,34.8,,34.5
2025/8/24,初二,33.3,33.3,34.8,,34.5
2025/8/25,初三,33,33,34.5,,34.5
2025/8/26,初四,33,33,34.5,,34.5
2025/8/27,初五,33,33,34.5,,36.5
2025/8/28,初六,33,33,34.5,,36.5
2025/8/29,初七,33,33,34.5,,36.5
2025/8/30,初八,33,33,34.5,,36.5
2025/8/31,初九,33,33,34.5,,36.5
2025/9/1,初十,33,33,34.5,,36.5
2025/9/2,十一,33,33,34.5,36.5,36.5
2025/9/3,十二,33,33,34.5,36.5,36.5
2025/9/4,十三,33,33,34.5,33.5,36.5
2025/9/5,十四,33,33,34.5,33.5,36.5
2025/9/6,十五,33,33,34.5,33.5,36.5
2025/9/7,白露,33,33,34.5,33.5,36.5
2025/9/8,十七,33,33,34.5,33.5,36.5
2025/9/9,十八,33,33,34.5,33.5,34.5
2025/9/10,十九,33,33,34.5,31.5,34.5
2025/9/11,二十,33,33,34.5,31.5,34.5
2025/9/12,廿一,33,33,34.5,31.5,34.5
2025/9/13,廿二,33,33,34.5,31.5,34.5
2025/9/14,廿三,33,33,34.5,31.5,34.5
2025/9/15,廿四,33,33,34.5,31.5,34.5
2025/9/16,廿五,33,33,34.5,31.5,34.5
2025/9/17,廿六,33,33,34.5,31.5,34.5
2025/9/18,廿七,32.8,32.8,34.3,31.5,34.5
2025/9/19,廿八,32.8,32.8,34.3,31.5,34.5
2025/9/20,廿九,32.8,32.8,34.3,31.5,34.5
2025/9/21,三十,32.8,32.8,34.3,31.5,34.5
2025/9/22,八月,32.8,32.8,34.3,31.5,34.5
2025/9/23,秋分,32.8,32.8,34.3,28.5,31.5
2025/9/24,初三,32.8,32.8,34.3,28.5,31.5
2025/9/25,初四,32.8,32.8,34.3,28.5,31.5
2025/9/26,初五,32.8,32.8,34.3,28.5,31.5
2025/9/27,初六,32.8,32.8,34.3,28.5,31.5
2025/9/28,初七,32.8,32.8,34.3,28.5,31.5
2025/9/29,初八,32.8,32.8,34.3,28.5,31.5
2025/9/30,初九,32.8,32.8,34.3,28.5,31.5
2025/10/1,初十,32.8,32.8,34.3,28.5,31.5
2025/10/2,十一,32.8,32.8,34.3,28.5,31.5
2025/10/3,十二,32.8,32.8,34.3,28.5,31.5
2025/10/4,十三,32.8,32.8,34.3,28.5,31.5
2025/10/5,十四,32.8,32.8,34.3,28.5,31.5
2025/10/6,中秋,32.8,32.8,34.3,28.5,31.5
2025/10/7,十六,32.8,32.8,34.3,28.5,31.5
2025/10/8,寒露,32.8,32.8,34.3,28.5,31.5
2025/10/9,十八,32.8,32.8,34.3,28.5,31.5
2025/10/10,十九,32.8,32.8,34.3,28.5,31.5
2025/10/11,二十,32.8,32.8,34.3,28.5,31.5
2025/10/12,廿一,32.8,32.8,34.3,28.5,31.5
2025/10/13,廿二,32.8,32.8,34.3,28.5,31.5
2025/10/14,廿三,32.8,32.8,34.3,28.5,31.5
2025/10/15,廿四,32.8,32.8,34.3,28.5,31.5
2025/10/16,廿五,32.8,32.8,34.3,28.5,31.5
2025/10/17,廿六,32.5,32.5,34,28.5,31.5
2025/10/18,廿七,32.5,32.5,34,28.5,31.5
2025/10/19,廿八,32.5,32.5,34,28.5,31.5
2025/10/20,廿九,32.5,32.5,34,28.5,31.5
2025/10/21,九月,32.5,32.5,34,28.5,31.5
2025/10/22,初二,32.5,32.5,34,28.5,31.5
2025/10/23,霜降,32.5,32.5,34,28.5,31.5
2025/10/24,初四,32.5,32.5,34,28.5,31.5
2025/10/25,初五,32.5,32.5,34,28.5,31.5
2025/10/26,初六,32.5,32.5,34,28.5,31.5
2025/10/27,初七,32.5,32.5,34,28.5,31.5
2025/10/28,初八,32.5,32.5,34,28.5,31.5
2025/10/29,初九,32.5,32.5,34,31.5,34.5
2025/10/30,初十,32.5,32.5,34,31.5,34.5
2025/10/31,十一,32.5,32.5,34,31.5,34.5
2025/11/1,十二,32.5,32.5,34,31.5,34.5
2025/11/2,十三,32.5,32.5,34,31.5,34.5
2025/11/3,十四,32.5,32.5,34,31.5,34.5
2025/11/4,十五,32.5,32.5,34,31.5,34.5
2025/11/5,十六,32.5,32.5,34,33.5,36.5
2025/11/6,十七,32.5,32.5,34,33.5,36.5
2025/11/7,,32.5,32.5,34,33.5,36.5
2025/11/8,十九,32.5,32.5,34,33.5,36.5
2025/11/9,二十,32.5,32.5,34,33.5,36.5
2025/11/10,廿一,32.5,32.5,34,33.5,36.5
2025/11/11,廿二,32.8,32.8,34.3,33.5,36.5
2025/11/12,廿三,32.8,32.8,34.3,33.5,36.5
2025/11/13,廿四,32.8,32.8,34.3,33.5,36.5
2025/11/14,廿五,32.8,32.8,34.3,33.5,36.5
2025/11/15,廿六,32.8,32.8,34.3,33.5,36.5
2025/11/16,廿七,32.8,32.8,34.3,33.5,36.5
2025/11/17,廿八,32.8,32.8,34.3,33.5,36.5
2025/11/18,廿九,32.8,32.8,34.3,33.5,36.5
2025/11/19,三十,32.8,32.8,34.3,35.5,38.5
2025/11/20,十月,32.8,32.8,34.3,35.5,38.5
2025/11/21,初二,32.8,32.8,34.3,35.5,38.5
2025/11/22,小雪,32.8,32.8,34.3,35.5,38.5
2025/11/23,初四,32.8,32.8,34.3,35.5,38.5
2025/11/24,初五,32.8,32.8,34.3,35.5,38.5
2025/11/25,初六,32.8,32.8,34.3,32.5,35.5
2025/11/26,初七,32.8,32.8,34.3,32.5,35.5
2025/11/27,初八,32.8,32.8,34.3,32.5,35.5
2025/11/28,初九,32.8,32.8,34.3,32.5,35.5
2025/11/29,初十,32.8,32.8,34.3,32.5,35.5
2025/11/30,十一,32.8,32.8,34.3,32.5,35.5
2025/12/1,十二,32.8,32.8,34.3,32.5,35.5
2025/12/2,十三,32.8,32.8,34.3,32.5,35.5
2025/12/3,十四,32.8,32.8,34.3,32.5,35.5
2025/12/4,十五,32.8,32.8,34.3,32.5,35.5
2025/12/5,十六,32.8,32.8,34.3,32.5,35.5
2025/12/6,十七,32.8,32.8,34.3,32.5,35.5
2025/12/7,大雪,32.8,32.8,34.3,32.5,35.5
2025/12/8,十九,32.8,32.8,34.3,32.5,35.5
2025/12/9,二十,32.8,32.8,34.3,32.5,35.5
2025/12/10,廿一,32.8,32.8,34.3,32.5,35.5
2025/12/11,廿二,32.8,32.8,34.3,32.5,35.5
2025/12/12,廿三,32.8,32.8,34.3,32.5,35.5
2025/12/13,廿四,32.8,32.8,34.3,32.5,35.5
2025/12/14,廿五,32.8,32.8,34.3,32.5,35.5
2025/12/15,廿六,32.8,32.8,34.3,32.5,35.5
2025/12/16,廿七,32.8,32.8,34.3,29.5,32.5
2025/12/17,廿八,32.8,32.8,34.3,29.5,32.5
2025/12/18,廿九,32.8,32.8,34.3,29.5,32.5
2025/12/19,三十,32.8,32.8,34.3,29.5,32.5
2025/12/20,十一月,32.8,32.8,34.3,29.5,32.5
2025/12/21,冬至,32.8,32.8,34.3,29.5,32.5
2025/12/22,初三,32.8,32.8,34.3,29.5,32.5
2025/12/23,初四,32.8,32.8,34.3,29.5,32.5
2025/12/24,初五,32.8,32.8,34.3,29.5,32.5
2025/12/25,初六,32.8,32.8,34.3,29.5,32.5
2025/12/26,初七,32.8,32.8,34.3,29.5,32.5
2025/12/27,初八,32.8,32.8,34.3,29.5,32.5
2025/12/28,初九,32.8,32.8,34.3,29.5,32.5
2025/12/29,初十,32.8,32.8,34.3,29.5,32.5
2025/12/30,十一,32.8,32.8,34.3,29.5,32.5
2025/12/31,十二,32.8,32.8,34.3,29.5,32.5
2026/1/1,十三,32.8,32.8,34.3,29.5,32.5
2026/1/2,十四,32.8,32.8,34.3,29.5,32.5
2026/1/3,十五,32.8,32.8,34.3,29.5,32.5
2026/1/4,十六,32.8,32.8,34.3,29.5,32.5
2026/1/5,小寒,32.8,32.8,34.3,29.5,32.5
2026/1/6,十八,32.8,32.8,34.3,29.5,32.5
2026/1/7,十九,32.8,32.8,34.3,29.5,32.5
2026/1/8,二十,32.8,32.8,34.3,29.5,32.5
2026/1/9,廿一,32.8,32.8,34.3,29.5,32.5
2026/1/10,廿二,32.8,32.8,34.3,29.5,32.5
2026/1/11,廿三,32.8,32.8,34.3,29.5,32.5
2026/1/12,廿四,32.8,32.8,34.3,29.5,32.5
2026/1/13,廿五,32.8,32.8,34.3,29.5,32.5
2026/1/14,廿六,32.8,32.8,34.3,32.5,35.5
2026/1/15,廿七,32.8,32.8,34.3,32.5,35.5
2026/1/16,廿八,33,33,34.5,32.5,35.5
2026/1/17,廿九,33,33,34.5,32.5,35.5
2026/1/18,三十,33,33,34.5,32.5,35.5
2026/1/19,臘月,33,33,34.5,32.5,35.5
2026/1/20,初二,33,33,34.5,32.5,35.5
2026/1/21,初三,33,33,34.5,34.5,37.5
2026/1/22,初四,33,33,34.5,34.5,37.5
2026/1/23,初五,33,33,34.5,34.5,37.5
2026/1/24,初六,33,33,34.5,34.5,37.5
2026/1/25,初七,33,33,34.5,34.5,37.5
2026/1/26,初八,33,33,34.5,34.5,37.5
2026/1/27,初九,33,33,34.5,34.5,37.5
2026/1/28,初十,33,33,34.5,37.5,40.5
2026/1/29,十一,33,33,34.5,37.5,40.5
2026/1/30,十二,33,33,34.5,37.5,40.5
2026/1/31,十三,33,33,34.5,37.5,40.5
2026/2/1,十四,33,33,34.5,37.5,40.5
2026/2/2,十五,33,33,34.5,37.5,40.5
2026/2/3,十六,33,33,34.5,37.5,40.5
2026/2/4,立春,33,33,34.5,37.5,40.5
2026/2/5,十八,33,33,34.5,37.5,40.5
2026/2/6,十九,33,33,34.5,37.5,40.5
2026/2/7,二十,33,33,34.5,37.5,40.5
2026/2/8,廿一,33,33,34.5,37.5,40.5
2026/2/9,廿二,33,33,34.5,37.5,40.5
2026/2/10,廿三,33,33,34.5,32.5,35.5
2026/2/11,廿四,33,33,34.5,29.5,32.5
2026/2/12,廿五,33,33,34.5,29.5,32.5
2026/2/13,廿六,33,33,34.5,29.5,32.5
2026/2/14,廿七,休市,休市,休市,29.5,32.5
2026/2/15,廿八,休市,休市,休市,29.5,32.5
2026/2/16,除夕,休市,休市,休市,29.5,32.5
2026/2/17,正月,休市,休市,休市,29.5,32.5
2026/2/18,雨水,休市,休市,休市,29.5,32.5
2026/2/19,初三,33,33,34.5,29.5,32.5
2026/2/20,初四,33,33,34.5,29.5,32.5
2026/2/21,初五,33,33,34.5,29.5,32.5
2026/2/22,初六,33,33,34.5,29.5,32.5
2026/2/23,初七,33,33,34.5,34.5,37.5
2026/2/24,初八,33,33,34.5,34.5,37.5
2026/2/25,初九,33,33,34.5,34.5,37.5
2026/2/26,初十,33,33,34.5,34.5,37.5
2026/2/27,十一,33,33,34.5,34.5,37.5
2026/2/28,十二,33,33,34.5,34.5,37.5
2026/3/1,十三,33,33,34.5,34.5,37.5
2026/3/2,十四,33,33,34.5,34.5,37.5
2026/3/3,元宵節,33,33,34.5,34.5,37.5
2026/3/4,十六,33,33,34.5,34.5,37.5
2026/3/5,驚蟄,33,33,34.5,34.5,37.5
2026/3/6,十八,33,33,34.5,34.5,37.5
2026/3/7,十九,33,33,34.5,34.5,37.5
2026/3/8,二十,33,33,34.5,34.5,37.5
2026/3/9,廿一,33,33,34.5,34.5,37.5
2026/3/10,廿二,33,33,34.5,31.5,34.5
2026/3/11,廿三,33,33,34.5,31.5,34.5
2026/3/12,廿四,33,33,34.5,31.5,34.5
2026/3/13,廿五,33,33,34.5,31.5,34.5
2026/3/14,廿六,33,33,34.5,31.5,34.5
2026/3/15,廿七,33,33,34.5,31.5,34.5
2026/3/16,廿八,33.3,33.3,34.8,31.5,34.5
2026/3/17,廿九,33.3,33.3,34.8,28.5,31.5
2026/3/18,三十,33.3,33.3,34.8,28.5,31.5
2026/3/19,二月,33.3,33.3,34.8,28.5,31.5
2026/3/20,春分,33.3,33.3,34.8,28.5,31.5
2026/3/21,初三,33.3,33.3,34.8,28.5,31.5
2026/3/22,初四,33.3,33.3,34.8,28.5,31.5
2026/3/23,初五,33.3,33.3,34.8,28.5,31.5
2026/3/24,初六,33.3,33.3,34.8,28.5,31.5
